rateContent;5;Sternen
Noch ein wenig lang;5;5
Hosen gut, sehr angenehm zu tragen. Es ist zu kaufen groß, lichte Höhe 180, um die S-Nummer zu kaufen, oder Groß;5;5
Gut, mochte Freund;5;5
Du kannst auch;5;5
Lange Hosen Erstattung für fast ein wenig tragen Ordnung geändert;5;5
Ziemlich gut;5;5
Nicht zu tragen, in diesem brand aussehen wird und nicht kaufen;5;5
Zeug ist sehr gut, sehr fit, mochte meinen Vater;5;5
Daher kann es nicht erwarten, Ersatz wieder schießen. Sicher echt, tragen sehr fit. Aber der Verkäufer den Kurier das macht mich sehr aufgeregt, ursprünglich haste nicht akzeptieren, mit dem Verkäufer, um Geld mit Glück mich, Verkäufer nicht einverstanden sind, zum Glück, nicht verschwendet Zeit zu diskutieren. Wir hoffen, dass der Verkäufer die SF Express ersetzt es die Zusammenarbeit, um sicherzustellen, günstigen Tarif kann schnell zu aktualisieren!;5;4
Diese Hosen sind für drei Jahre und der Suche endlich gefunden!;5;5
Pants Glücklicherweise die Logistik zu enttäuschend, kaufen am 1. 6. empfangen wurde, Shanghai, Hangzhou, zwei Tage lang machte auch die erste Begegnung;5;5
Gute Haltung;5;5
Zum ersten Mal groß und zu gut, um zu kaufen, um wieder schießen der Service ist auch sehr, sehr gute Hose;5;5
Mein Sohn tragen nur ein wenig groß, aber die Linie;5;5
Gute gute Arbeit;5;5
Dose;5;5
schön;5;5
Recht;5;5
Gut;5;5
Es ist echte, gute.;5;5
Multi-Thread-Barcode fegen zweidimensionalen Code;5;1
Logistik schnell, wie die Liebe Klee Hosen;5;5
Etwas Gutes, sehr gut. Günstige Kommentar;5;5
Insgesamt gut, ist, dass Nummer zu groß;5;5
Zufriedenheit;5;5
Gut, sehr gut;5;5
Schlank, ist die Version gut!;5;5
Code-Nummer zu groß ist, ist diese Zahl 170 M. Aber für die Bewegung betrachtet, kann lose Punkte, so sammelte er.;5;5
Ziemlich gut;5;5
Guter Service;5;5
Logistik zu schnell! Hosen sind sehr fit! Stellen Sie zu cool it!;5;5
Sehr dünn, gute;5;5
Das ist gut;5;5
Und begegnen den gleichen, nicht besonders dünn;5;5
Richtige Größe, schöne Farbe,;5;5
Authentic, Preiszugeständnisse, das nächste Mal zu bevormunden.;5;5
Ich mag;5;5
Okay;5;5
Gute schwer! Bad Material;5;5
Sehr gut, sehr Wert kaufen;5;5
Gut;5;5
In Ordnung sind, sollte es echt sein, viel billiger als das Geschäft oh;5;5
Na ja, die Liebe!;5;5
Gut aussehen;5;5
Authentisch, Qualität, Größen, Farben sind positiv!;5;5
Schlank Modelle von Hosen, tragen eine gute Wirkung, die meisten klassischen Farben und Stile, sehr gutes Spiel.;5;5
Diese Zahl ist zu groß und nicht lange Hosen, nehmen kurz geschnitten! Meer;5;3
Sehr gut geeignet! Gut, es ist authentisch! Logistik bald!;5;5
Gute Qualität Hose-Reißverschluss, lange Hosen nicht ändern kann;5;4
- - Schießen Sie die falsche dass m 65. `` Die Ergebnisse Tragödie, so sei es Winter setzt Hosen tragen kann `` `` ``;5;4
Es ist gut;5;5
Du kannst auch;5;5
Vor der Theke sah ich aber tat XS, und der Preis ist im Grunde über die gleiche Rabatt. Drei Bars der Arbeit im Allgemeinen, der weiße Balken in der mittleren Position des äußersten bisschen krumm. Auch Lauflänge zu groß ist, tragen in der Regel S, die die XS gekauft wird wieder in den großen Hosen Winter draußen gesetzt. Self-Service-Shopping, nicht auf den Dienst zu kommentieren.;5;4
Das ist gut. Tickets,;5;5
Pants ist zu loben. Kunden nutzlos;5;4
Helfen, meinen Kollegen zu kaufen, sehr zufrieden;5;5
Hosen sind zu groß, tragen in der Regel s, das ist zu groß;5;2
In der Tat, ein bisschen zu groß! Kleidung kaufen mehr als 2000, für einen Rückzug one! Wirklich ein bisschen weh tun;5;4
Was, zum Teufel, können Sie kaufen nicht ändern kann, nicht die Mühe gemacht, einkaufen werden, die Qualität ist in der Regel schlechter Service überraschend, Austausch-Shop haben wir vorgeschlagen,;5;1
Für die Mutter, um für eine lange Zeit zu kaufen, die Sammlung. Glücklicherweise nicht weiß und so die Preise! Ich mochte es, Größe ist ebenfalls geeignet.;5;5
Okay;5;5
Glücklicherweise;5;5
Schlank dünne Version, empfohlen, Freshman Meter zu kaufen.;5;4
Dinge und Express-Lieferung sind gut, aber Kundendienst ist wirklich zu viel Müll. Vollständigen Kontaktdaten, ignorieren einfach die Menschen, sind Handys nicht durch. Ich möchte eine Lieferadresse kein Gesetz zu ändern. Amazing customer service!;5;3
Der Winter ist keine Möglichkeit, sehr mühsam, -hosen tragen;5;5
Material und ich musste um Kleidung zu kaufen ist nicht das gleiche Material, sondern auch zurückfordern dergleichen. . .;5;5
Auch das Tragen Spiel.;5;5
Leider sehr gut kaufen groß auf der 1.;5;5
Kundenservice sind möbliert! !;5;3
Recht;5;5
Für dünne Beine;5;5
Super schöne Hose ist auch sehr geeignet;5;5
Komfort;5;5
Besonders gut, cool!;5;5
Thin ah, schnappen Sie sich einen lange Zeit, und schließlich auf der Hand, gab Super ekelhaft EMS in die falsche Richtung, und so für eine lange Zeit, ist es empfehlenswert, nicht EMS, nachdem die gesamte senden;5;5
Langsam nach Hause! Und nicht, um Coupons zu verwenden! Schlechter Kundenservice!;5;2
Mag oh;5;5
Fancy Pants für eine lange Zeit, unter Ausnutzung der 2-11 und gewann schnell die richtige Größe, Hose schlank, gut aussehend. Ich mochte es. Und ich nannte die Mall, um ein Hemd zu kaufen.;5;5
Wirklich langsam Kurierdienst von guter Qualität ist echte Hosen für mehrere Tage wird dies nicht denken der Hosen dünne Hosen und festgestellt, dass tatsächlich Fußhosen;5;4
Geeignete 2-11;5;5
Willst du zurück, machte Dutzende von keiner zurückkehren würde, musste sie aus ihrem eigenen, um eine Änderung vorzunehmen, ist der Verkauf der schlimmsten, die ich je gesehen habe ein;5;2
Haio;5;5
Mit mir als ein sehr Zähler Test war dünn billiger als der Zähler eine Menge sehr gute Passform, aber das Geschwindigkeits Lieferung EMS ist nicht geschmeichelt ah yeah, yeah;5;5
Gute Qualität, gut aussehend;5;5
Kunden-Service ist nicht gut, zu ignorieren Menschen. Schnell zu langsam.;5;3
Sehr gut, Logistik schnell,;5;5
Sehr gut, und schließlich eine Reihe gekauft;5;5
Ein bisschen dick;5;4
Richtige Größe, war dünn;5;5
Hosen gut, wollen eine lange Zeit zu kaufen, wie;5;5
Verpackung in der Regel Kleidung zu groß;5;4
Hosen gut;5;5
Genuine! Gute Qualität!;5;5
Sehr gute Hose, sehr viel. 11 Doppelgreifer.;5;5
Tragen eines Tages auf die Verformung Knie;5;4
Kleidung, kein Problem! Schlechte Service-Haltung!;5;3
164,55kg, Taille ein wenig groß, moderate Beinweite. Bei mehr als 1.000 Bestellungen, warum andere Haar SF, ich Ems geben?;5;5
Genuine, fit Schnäppchenpreis;5;4
Tragen nur! Lieferung ist zu langsam!;5;5
Pants an der Theke vor versucht, sehr gut, bis 2-11 ein gutes Geschäft zu kaufen.;5;5
Aber schauen ein wenig niedriger Taille kann auch;5;5
Hübsch;5;5
Pants relativ dünn, und jetzt tragen Qiuku innen ein wenig eng, persönliche Atmosphäre zu kaufen in der Regel tragen ein Codewort sein kann. Ziemlich gut;5;5
Super Slim US ist sehr bedeutende Summe;5;5
Ja ah;5;5
Echt, sehr gut;5;5
Fifth loben die sehr Art von Hosen;5;5
60CM 40kg sehr fit;5;5
Dual 11 geschafft, greifen ah hum hat Holz zu leben bis zu meinem Warte Hosen guter Qualität ist auch sehr dünn, kaufen Sie einen Satz von Mimi da ~;5;5
Sehr schöne Passform 166cm 52kg M;5;5
Nicht sehr gut Hosen Fett-Version;5;4
Wirklich General;5;5
S ein Päckchen von billig, aber sehr gut;5;5
Und erhielt ein wenig Niedrigtaille Hosen;5;5
Zu lang. . .;5;5
Sorgen über den Kauf eines Versuch nach einer kleinen, aber ein großer Punkt der Hosen-Wanne Gesamtzufriedenheit;5;5
Gut;5;4
Nicht vorstellen, die Art und Weise, wenn auch;5;5
Hosen gefallen!;5;5
Immer geliebt Klee, Zufriedenheit! ! ! !;5;5
Zipper wirklich in die Quere kommen, dann nähen sie zerschnitten wle, ich kann nicht sehen, die Spuren, sehr gute;5;5
Schnappen Sie etwas einfach ah, okay überall gegebenenfalls;5;5
Welche hinzugefügt genau die richtige Größe Winter tragen kann auch sehr zufrieden sein Trousers;5;5
Sehr zufrieden ~ Lob ~;5;5
Attraktive Schlank;5;5
Sehr gut, Lob;5;5
Sehr gut;5;5
Okay. Schießen Sie ein wenig zu klein. Sehr gut geeignet;5;5
Genuine! ! ! Classic ist wie, Hosenbein Hosen dünne Modelle! ! ! Gutaussehend, Atmosphäre! ! !;5;5
Schlank Hosen sind sehr, sehr gute Qualität, sehr zufrieden;5;5
Kleine Hosen ich sägte auch brauchen, um Hosen Attractive geschnitten;5;4
Etwas Gutes, schlechter Kundenservice! Einfach ignorieren Leute!;5;5
Recht;5;5
Frühe auf einer Sammlung von ca. 11 Doppel entscheidenden Start sucht der Stil wie, dünn für 160 Personen ist etwas länger;5;4
Okay, der weiße Teil des Materials ist nicht gut.;5;5
Sehr zufrieden.;5;5
Leistungs-Verhältnis!;5;5
Hosen niedrigen Ende des Reißverschlusses nicht funktioniert, lange Hosen passen, aber zu dick. . Nicht schlecht.;5;5
Sehr gute Hose, sind Stoff Stile mein Favorit.;5;5
Sieht sein kann, die Art der Gewebe leuchtet, ich fühle mich nicht blau gut aussehen. Hosen ein wenig lang, kann aber geändert werden kurze Hose-Reißverschluss, Sport in die Quere kommen, wenn das Tragen zu groß. Öffnen Sie einfach die Kleidung ein wenig Geschmack, weiß nicht, wird nicht besser gewaschen werden.;5;5
Etwas größer als der Ursprungspunkt;5;5
226719300973  2014.11.03 16: 28: 43  leid Auswertung der spät, zu sehr damit beschäftigt, war mir egal, hierher zu kommen. Eine sehr gute, die richtige Größe, Hosen gut aussehen, echt. Wie  2 ;5;5
huankeyi;5;5
Gute Qualität! Kunden-Service ist nicht zu zwingen, die er für eine lange Antwort, fragte nicht vollständig Self-Service-Einkaufs;5;5
Self-Service-shopping, tragen nur ein sehr Selbst-Kultivierung Modelle, sehr gut. 168,52 .. Express bald, ja.;5;5
Sehr gut;5;5
Superschnelle, bestätigt spät.;5;5
Das Material ist nicht zu bequem Ja, wir haben nicht die Hose finden immer noch über dem Reißverschluss, kurze Beine, wenig lange Hosen;5;5
Besonders gut. Sehr viel.;5;5
Sehr fit, gut!;5;5
Erhalten Sie nur gekauft, um diese zu finden, und das ist, wie, wirklich tolle Art;5;5
Sehr viel wie schlanke Taille ist ein wenig breit, nicht binden können;5;5
Okay!;5;5
Recht;5;5
Okay;5;5
Ich liebe die Liebe;5;5
Gute Frau mochte;5;5
Ich mag;5;4
Einige enge Kalb;5;5
Es ist echt. Recht;5;5
Oh, echt ist;5;5
Logistics super schnell;5;5
Gutaussehend;5;5
Dünne dünne Modelle! £ 169.110 fit!;5;5
Recht;5;5
Hose gut aussehen Beine ein wenig zu authentisch;5;5
Etwas Gutes, gute Haltung ist es echt ...;5;5
Gutaussehend;5;5
Vor dem Kauf eines großen, aber für einen kleinen Hof, die Ersatzquote ziemlich schnell, das heißt, wie ein guter kleiner ah Kundenservice Antwort ein bisschen langsam;5;5
Der Preis stimmt;5;5
Hosen sind auch gut ~;5;3
Ich kaufte groß. Okay. Service sehr schlecht ist, nahezu gleich der weißen gefragt. Nie zu sprechen. Ich bin wütend.;5;4
Die erste Ausgabe der Waren defekt ist, einen Ersatz-Prozess super super langsam, wartete zwei Wochen hey, es sollte echt sein. Ganz wie das Aussehen.;5;5
Guter Service ah;5;5
Die Art von Hosen sind eng, aber die Seite des Drei Material ist sehr allgemein, suchen Sie nicht Textur, kann es sein, weil die Beziehung zwischen dem Material der Hose, jedenfalls zufrieden sind die Hosen nicht. Pflege von Kinderschuhen genau hinschauen wo es sich, je nach Vorliebe Entscheidungen.;5;5
Ich mochte es, meine Mutter ist das Tragen Recht, er mag die Art von Stoff Kundenservice viele Menschen nicht der Grund, oder was weiß, ist immer einen halben Tag zu ignorieren Menschen;5;5
Sehr schöne Hose eilen, wenn Aktivitäten starten Wert echte gute keiner;5;5
Hosen gut, der Preis ist etwas teuer Freunde;5;5
Februar kaufte ein Sixpack von rot, 164,50 kg, M-Code verlieren. 38 sahen 50% off. So dass sie eine schwarze S gekauft, das Bedauern war nicht zu sehen, wenn der Rabatt Oberbekleidung;5;5
Erhielt der Körperabschnitt, niedrigem Bund, ausüben Flexibilität, Elastizität ist gut, geeignet für den Winter;5;5
Sehr dünne Hosen, wie!;5;5
Ein gutes Geschäft, wenn Abschnitt der Frau. Später, da der Code-Nummer nicht ein Code zu ändern, die Geschwindigkeit ist.;5;5
Absolut authentisch! Das ist wirklich toll, Hosen zu tragen! Zufrieden mit ~~~~~~ Logistik langsame Punkt! Und so volle acht Tagen!;5;5
Pants guter Qualität. Sehr angenehm zu tragen.;5;5
Sehr fit;5;5
Einfach;5;5
Zufriedenheit;5;5
Gut;5;5
Ja ah;5;5
Sehr gut, auch weiterhin den Schwerpunkt auf;5;5
Okay;5;5
Okay;5;5
Shuai Toten trägt, L-Code ist 170 ah, sondern setzte sie auf. Nicht groß, Ofenrohr Hosen, etwas Fett;5;5
Sieht sehr schön, zu schön, Hosen, Hosen auf der Seite nur drei Bars an einigen Stellen nicht sehr gerade, spürt etwas schief ~;5;5
Hosen-Wanne, war dünn;5;5
Kaufen Sie eine gute 160 47 s, und normalerweise der Abnutzung xs dieser kleinen;5;5
Setzen Sie auf eine gute, sagen die Studenten ein wenig lässig Seite;5;4
Sehr schlanke Hosen, etwas peinlich ist hip der Punkt, ich fühle mich Höschen Seite gab, war out. Kleidung weiche Material als das gleiche Geld, okay.;5;4
???;5;2
Kaufen Sie ein Hemd und Hose, aber die Jacke drei Bars der Farbe ist grauweiß (auch gut aussehend) Hosen, nachdem er defekt Tränen tag nichts mit ihm zu sein, und kommen nicht aus, um den zweidimensionalen Code fegen;5;5
Super zufrieden! Kundenservice Fein!;5;5
Wenn 3/8 kaufen, Spielhälfte, super kostengünstige, mit den gleichen Speicher;5;5
, Lob authentisch, Preis ist nicht teuer;5;5
Okay;5;5
Genuine, kaufte ich Haare XS M No. 165 sein sollte, kann man nur tragen, sehr gut. Später, um Ihr Haus zu kaufen, und die Hoffnung auf die gesamte Tätigkeit zuge mehr Punkte - 5 Punkte;5;5
Grau grau grau oft wie ~;5;5
Gut;5;5
Pants eigentlich ganz gut. Ich möchte diese Baumwolle zu kaufen. Generell kann davon ausgegangen wirklich machen gut die werden;5;5
Pants sehr gut, sehr angenehm zu tragen. Meine Tochter ist kurz, Streuen die Hose nicht Shop am Ende gibt es keinen Kundendienst wissen, wartete ich ein paar Stunden auch nicht egal,;5;5
Qualität hat nicht gesagt, aber für mich immer noch ein wenig kurz von 170. . . Gute Reizbarkeit, wirklich nicht kaufen sollten Hose;5;5
Echte, gut aussehend, erhebliche Bein gerade und lang Versand schnell, mittags am nächsten 3,7 3,8 Receipts Nachmittag, gute;5;5
Auch geeignet! Vielen Dank für Shopping-Guide empfohlene Größe ist sehr gut geeignet! Qualität ist auch sehr gut! Good!;5;5
Sehr gut, persönlich, bewusst gekauft Freshman Meter lang und Länge auf der Seite;5;5
Ist echt, Logistik schnell, ich danke Ihnen,;5;5
Ich bin mit der guten Typ 167.103 durch L-Code sehr zufrieden ist sehr geeignet;5;5
Fünfte auf den Preis und Qualität. Finden nie den Kundendienst, denn in der Flagship-Store zu zwei Jahren zu kaufen, gibt es keine zu verstehen, Adidas Flagship-Store, am Ende gibt es keinen Kundendienst. Wenn es Aktivität in der Zukunft werde ich weiterhin zu kaufen.Liebe Adidas;5;5
Okay;5;5
Einfach gut aussehend, wie;5;5
Lieben;5;5
Okay;5;5
Schöne Passform, sehr gerne ~ ~;5;5
Yiyi gut, ich mochte es;5;5
Really nice Hosen, 160,53KG, trägt ein M-Code, senden Sie ein wenig breit, aber der Typus, 38 bis wirklich gutes Geschäft zu kaufen!;5;5
Sehr gut, beim nächsten Mal die Aufnahme einer Tätigkeit zu kaufen;5;5
Komfort;5;5
Senden Sie eine Freundin noch offenen Blick, um einen Mikrokanal Plin27521 Werbung sowie Hong Kong Einkaufsherrenschmuck Damenschuhe machen;5;5
Logistik ist sehr effizient, etwas Gutes;5;5
Sehr zufrieden;5;5
Ein wenig lang ~ ~ gut;5;5
Einklang mit dem Bild, Zufriedenheit;5;5
Schlank, Geist, Wärme;5;5
Diese Hose Typ Version ist wirklich gut, ich sehr dicke Oberschenkel Gesäß breit, tragen in der Regel 29 Meter, das ist nicht sehr gut tragen enge L-Code, aber es war dünn!;5;5
Angst, zu entdecken, große, dünne erhielt er 178 Hosen lang genug ist, um die Hälfte einer sehr kosteneffektiv wie zu kaufen ~;5;5
Ich kann nur sagen, es zu gern das ist;5;5
Gefällt mir! Dünne, gut aussehend, sondern auch kostengünstiger. ╰ (*?) `*) ╯;5;5
Das Gefühl ist nicht sehr angenehm zu tragen. . . Es scheint, ich muss etwas an Gewicht bis zu verlieren. . . Die Dinge in Ordnung. . . Express ist auch in Ordnung,;5;5
Sehr zufrieden;5;5
Normalerweise M, sollte dies M, fühlt sich an wie niedrige Taille, die Qualität ist, was Sie wollen.;5;5
Es gibt nur sehr dünne Hose zip es sollte echt sein;5;5
Dünne Hosen sind eine festliche Rabatt kaufen, Wert.;5;5
Sehr gut geeignet. Sehr angenehm zu tragen. Wie.;5;5
Ich erhielt eine sehr gute ah pants tragen sehr dünn Schlank Mitbewohner sagen, gut aussehend ha ha ~ und Ermäßigungen beim Kauf viel Spaß! ! OH-Zahl;5;5
Okay;5;5
Hosen sind sehr fit, echt, bescheidenen Art ist selten in der Festival Kurier schnell, Kurierdienst Haltung ein bisschen schlecht, offensichtlich jemand zu Hause, legte das Paket auf dem Grundstück nach einem Aufruf lassen Sie mich auf meine eigene,;5;5
Groß und dünn, Beine Hosen in der Regel Fehlkauf, immer kurz und dick, dieses zu angemessenen, legte nur gut, der Preis ist angemessen. £ 175,120, XL geeignet.;5;5
Länge ist nur, ich war zu dünn wenig locker, so gut.;5;5
Erste Online-Shopping, fühlen Shop vor dem Monopol zuverlässiger. Erhalten Sie sorgfältig zu lesen, test, lachen! Billig und echt. Die Version war dünn! ! Schön wie ein Service: Kundendienst 3. The aufmerksam! Top of you!;5;5
Sehr fit, aber nicht wissen, die wahr und falsch, ich weiß nicht, wie Sie überprüfen?;5;5
Okay;5;5
Awesome, gestern, hat heute einen weiteren einzigen Hand, Lob! Fühlen Sie einfach sich mit verschlissenen Hosen in den Laden versucht, das Gefühl zu berühren ist nicht das gleiche, ich weiß nicht, was! Psychologischen Gründen nicht viel Qualität Version des Adi wirklich beeindrucken, großartig!;5;5
Hosen sind sehr fit, Kunden-Service ist sehr geduldig, die empfohlene Größe nur gut, wird die Zukunft kaufen;5;5
Liebe Klee!;5;5
Nun, es ist echt;5;5
Sehr fit echte;5;5
Gut;5;5
Und ich versuche, das gleiche in den Laden, ist es angebracht,;5;5
Hosen gut! Ich mag, aber die Logistik zu langsam.;5;5
Really nice ...... kaufen beim nächsten Mal schön;5;5
Pants guter Qualität.;5;5
Kostengünstigen Preisen, neue Rabatte, Rabatte nächste Mal, wenn aus einer Mitteilung ah sind, haben gute Dinge beraubt Rinder;5;5
Okay.;5;5
Qualität ist sehr gut, bequem, von Lob ~ Kundenservice Haltung herzlich, sich Lob ~;5;5
Ich glaube nicht, das ist spindeldürren Beinen. . Aber immer noch sehr loben;5;5
hose ist dünn,und kappt, Geld wird Hund sein.;5;1
209656624050  2014.03.06 20: 46: 15  fühlen sich getäuscht, die Ware angekommen wird 300 Yuan, Rücklauf und keinen Kontakt zum Erhabenen, zahlen bitte Aufmerksamkeit.  1 ;5;1
214317783619  2014.06.17 11: 28: 35  Auf eine Rechnung zu verlangsamen, After-Sales-Service ist sehr unverantwortlich, verschwendete ich eine Menge Dinge  38 ;;1
