rateContent;5;Sterne
Kleidung wirklich besonders groß, größer als eine übliche Zahl. Qualität ist auch der General, den Preis nicht wert;5;5
Tatsächlich gekauft einen Preis, und ich war ein Ersatz, erste schlechte Bewertung!;5;5
Gutes Material, aber völlig anders zu groß mindestens zwei Meter! Dünne Menschen beziehen!;5;5
Sehr gut!;5;5
Gute Passform;5;5
Kleidung Qualität in der Regel nicht von guter Qualität vor, es gibt eine kleine teuer ah, übergroße Kleidung, eine kleine Zahl von größer.;5;5
Recht;5;5
Kleidung ist echte, gute Qualität, komfortable Stoffe;5;5
Material dünnen Oh! Aber es kann auch richtig sein!;5;5
Etwas Gutes Ratschlag, wenn Sie auf eine kleinere Größe zu kaufen;5;5
Baby gut, wie Puma, als zu groß ist, war ich Fett so wissen;5;5
Der Code, um ein bisschen zu groß Punkte kaufen;5;5
Gute Qualität;5;5
Glücklicherweise, ja, ich hoffe, mehr in Aktivitäten zu engagieren;5;5
Gute Kleidung;5;5
Zum Glück hört auf den Kunden, und wählen Sie M-Code, der Mann tragen in der Regel XL Nummer, nur tragen diese!;5;5
The real thing;5;5
Gute Qualität, ist zu groß, nur kaufen, eine kleinere Größe ist auch die Fruchtbarkeit gut.;5;5
Das Gefühl ist nicht echt, aber mehr als hundert, nicht zurück;5;5
Und das gleiche Bild, zufrieden.;5;5
Bestätigt spät, Kleidung absolut echt;5;5
nichtig;5;5
Dad ist sehr fit, um Kleidung ein wenig länger undurchlässig ziemlich zufrieden geben;5;5
Die Qualität ist sehr gut, nur ein paar Meter zu große;5;5
Sehr gut;5;5
Zu groß ist, die Kleidung auch.;5;5
Sehr gut, sehr gutes Material;5;5
Etwas Gutes, ein Preis für einen halben.;5;5
Okay, was sollte echt sein, die Logistik von Shanghai nach Nanjing, nahm ihn sechs Tage Zeit, am 25. Schuss, nur heute nicht Tucao.;5;5
Nun ja;5;5
Langsame Lieferung, der Rest in Ordnung;5;5
Ein wenig mehr, und sie haben ein einem Take geschnitten;5;5
Sehr gute Kleidung, ist echt, Expressversand bald, kurz, voll Fünftel.;5;5
Lob. . . . . .;5;5
Leider Kauf Neulingcode;5;5
Eines Tages tragen die Verformung ist sehr ernst, ob diese Qualität ist nicht echt hit Puma Marke. Nicht empfehlenswert zu kaufen.;5;5
Etwas Gutes, Lob!;5;5
Fühlen Art verbreiten die Waren gestellte Kleidung, nicht wissen, ist nicht echt, zum Ausdruck bringen keine SMS-Telefon;5;5
Angenehm zu tragen!;5;5
Die Wirkung von Verschleißmaterial fühlt sich sehr gut zu sein, ah, nach der T-Shirt auf einem puma suchen;5;5
Große, hörten wir einen Ersatz Mühe, um der Fracht wieder heraus. Gefällt Ihnen dieses Design.;5;5
Ausschnitt ein wenig;5;5
Okay;5;5
Gefühl in Ordnung;5;5
Vertrauenswürdig, zum Ausdruck bringen, um die Kraft;5;5
Okay;5;5
Wie ein General;5;3
Gute Qualität;5;5
Gute Qualität;5;5
Ja, der Körper ist sehr angenehm zu tragen! Das ist ein wenig Fett zu groß!;5;5
Received Kleidung, sehr fit, gut, Lob;5;5
Lieben;5;5
Gute Qualität ist zu seltsam, dass er nicht die Mühe, die Größe verändern Sehenswürdigkeiten;5;5
Gute Qualität ist zu seltsam, dass er nicht die Mühe, die Größe verändern Sehenswürdigkeiten;5;5
Gut, gute Kleidung, das Tragen komfortabel.;5;5
Größe einfach, die Qualität der Echt;5;5
Günstige Kommentar;5;5
Kleider sind authentisch, wurde später Qualität;5;5
Gut;5;5
Genuine guten Sachen aus;5;5
Texture schlechte Punkte.;5;4
Kleidung zu groß! Es ist authentisch! Ein großes Yard verärgert zurück!;5;5
Sehr gut, sehr fit;5;5
Im Allgemeinen zu dünn;5;5
Male Ticket zu kaufen, die Qualität ist sehr gut, das Tragen eines sehr gut aus. Wie \ (≧ ▽ ≦) /;5;5
Nicht sehr zufrieden mit der Tatsache,;5;5
Okay, sagte, ihr Mann zu tragen sehr komfortabel;5;5
Lieben;5;5
Gute Qualität, hoffen viele Rabattaktionen.;5;5
Ja. Setzen Sie auf genau richtig. Sehr viel;5;5
Kaufen Sie groß! Sie können zu loben.;5;5
Sehr gut;5;5
Recht;5;5
Super zufrieden;5;5
Recht;5;5
Okay, nicht produziert Label jetzt gesehen.;5;5
Gute Qualität, ist zu groß. Loben;5;5
Super gute Qualität;5;5
Immer gut;5;5
Sehr gut.;5;5
Kleidung von guter Qualität, der Chef nur die empfohlene Größe, die nächste wird bevormunden, Lob Lob Lob;5;5
Logistics wirklich super zu zwingen, Oh, gute Qualität Kleidung, das Tragen eines sehr komfortabel, ist echt, Betankungs;5;5
Gewaschen Kragen einige Verformung, ganz andere große;5;5
Sehr gut.;5;5
Kleidung ein wenig groß, größere Größe als übliche Abnutzung ganz anderes Gefühl;5;5
Qualität kann auch auf etwas größer Punkt, Versand und Logistik schnell gestellt werden.;5;5
Ich kaufte zwei kleine Höfe, nur ein, ein wenig groß, aber gute Qualität! Gut;5;5
Die Kosten sind nicht zu hoch, ah, ist eine schwarze Baumwollweste, kein Typ;5;5
Dem Vater, um Kleidung zu kaufen ein wenig pummelig, aber zu faul, um zu ändern, dann auf den Ort, um es zu reparieren gehen, wie immer, gute Qualität Kleidung!;5;5
Ich persönlich habe immer diese Marke Puma gefallen! Aber jedes Mal in den Laden zu kaufen. Dies ist der erste in der Reihe zu meinen Lieblings-Produkte zu kaufen! Denn es ist nicht die Zeit, um in den Laden gehen, um die Kleidung zu sehen! Auf dem Online-Shopping ist sehr zufrieden! Codenummer angebracht! Logistik ist auch schnell! Gute Service-Haltung!;5;5
Qualität in der Regel nicht das Geld wert, nicht echt. Einer kleinen Buy, fit. Wirklich Allgemein;5;5
Gute Kleidung, ist ein bisschen zu groß ist!;5;5
Größe ist sehr geeignet, das Tragen eines sehr bequem, in der Tat das Flagship-Store von Waren, zusammen kostengünstige, zu kaufen, die hohen Kosten.;5;5
Sehr zufrieden, wir kommen wieder, für Ihre Unterstützung! ! !;5;5
Okay!;5;5
Okay!;5;5
Glücklicherweise;5;5
Received Kleidung, gute Qualität und Passform. Feinarbeit. Farbe ist sehr positiv.;5;5
Okay;5;5
242671755865 | 2015.05.28 22: 45: 20 | Haar XL ein wenig groß | 0 ||;5;5
Ja, das ist auch Größe genau richtig;5;5
Logistics bald, gute Kleidung;5;5
Sehr gut, ist etwas größer Punkt, so Chuan Chuan vergessen;5;5
Sehr gut! Zufriedenheit;5;5
Großartig! Gute Qualität Logistik schnell! Gefällt mir!;5;5
Kleidung sehr gut, ist ein zu großer;5;5
Mein Vater liebte es, für mittleren Alters tragen haha;5;5
1 Meter hoch und 83, mit einem Gewicht von 63 kg, M-Code genau! Solche Modelle sind nicht Selbst-Anbau. Aber der Stoff komfortabel, makellos, sehr zufrieden! Service wirklich Menschen sprachlos. . Nullaustausch!;5;5
Nun, es ist echt, die richtige Größe, sehr zufrieden;5;5
Liefergeschwindigkeit sehr schnell! Der Effekt des Tragens ist auch gut, ist das einzige, was auf der Ebene der Verpackung weniger zu verbessern! Oberkörper ist sehr gut! Kauf wert!;5;5
Zu groß ist, hörte sich Anregungen von Kunden, kaufen Sie einen kleinen Hof, fit;5;5
Gute Qualität Kleidung, ist der Kundenservice einige kalt, auch telefonische Kundenbetreuung Willst du behandeln Kunden haben einige gleichgültige Haltung. Aber er daran gewöhnt, zu loben, und erhielten Kleidung wohl fühlen, oder voll Fünftel.;5;5
Ah ah ah ah ah ha ha ha ha ha gut gut in Ordnung, la la la la! ! !;5;5
Satisfaction 70 Arbeitskleidung und das Geschäft ein wenig Abweichung Lohn für anständige Qualität ein wenig Trickserei Gefühl guter Service Haltung.;5;5
Ja, sehr komfortabel;5;5
Gut;5;5
Ja, sehr angenehm zu tragen!;5;5
Mein Mann sagte, es war großartig;5;5
Mit weißem Fell, weiß ich nicht, was;5;5
Can Can!;5;5
Na ja, ist Expressversand auch schnell!;5;5
Code-Nummer zu groß;5;5
Dünner als erwartet, sondern auch, dass der Mann hinter dem Logo wurde genäht, ist das Ergebnis Nianshang Qu!;5;5
Schnelle Lieferung, gute Qualität Kleidung ~;5;5
Ist völlig falsch, waren Auswertungen Pinsel bar, Kleidung zu fälschen. 129? 29 ist ebenfalls ähnlich, Kleidung zu fälschen zu fälschen. Es ist völlig irreführend.;5;5
Gute Kleidung, die ich wählte die falsche Nummer und warf hin und her Mühe, es ist so.;5;5
Kleidung passt sehr gute Qualität des Lobes;5;5
SF zu schnell! Gute Qualität, ist diese Zahl zu groß ist;5;5
Logistik zu schnell! Am nächsten Tag auf! Gute Qualität, ist diese Zahl zu groß, freund gefallen, gute;5;5
Gut, sehr fit;5;5
Nur Erhalt der Ware, möchte ich sagen, zu kleinen Bruder zu sagen, ich danke Ihnen zum Ausdruck bringen. Kleidung kaufen noch größer als zuvor, wirklich das Gefühl wert.;5;3
Die richtige Größe, war die Größe ziemlich Standard, der Mann tragen in der Regel 175 Baumwollgewebe dünn ist, ein gutes Gefühl, sehr zufrieden, senden Sie das Glück am nächsten Tag erhielten sie, und bald, sehr zufrieden;5;5
Sehr bequem! ! !;5;5
Angenehm zu tragen!;5;5
Okay.;5;5
Schlecht. Schlechte Logistik. In Zhengzhou hielt für drei Tage, nur um den Kundenservice telefonisch meiner Lieferung getroffen.;5;2
Glücklicherweise tragen die Mädchen ein wenig transparent. Liefertermin ist up.;5;5
Günstige Kommentar;5;5
Günstige Kommentar;5;5
Günstige Kommentar;5;5
Schön;5;5
Sehr gute Größe und normalen Friedens M No. 175 dies auch geschieht,;5;5
Okay, komfortabel, aber nicht sehr schlank;5;5
Okay, komfortabel, aber nicht sehr schlank;5;5
Sehr, sehr guter Verkäufer, ist ein Problem aufgetreten und Geduld, um zu lösen.;5;5
Zu groß ist, lesen Sie die Bewertungen sagen viele große Zahlen, kaufen kleinere auf der 1. oder große, Ersatz Mühe machen mit ihm, gute Qualität Kleidung;5;5
Logistik schnell! Gute Qualität Kleider! Große Auswahl!;5;5
Di sperrig als ah, fühlen sich gut, ihr Mann ist sehr zufrieden, ist zu kaufen die drei eigentlich nicht Versand;5;4
Sehr gute Kleidung ist echt, ich fühle mich besser als Nike-Qualität. Anzahl Standards. Es sieben Meter II. Gewicht, dreiundsiebzig kg. m-Code genau richtig. Das heißt, nach dem Kauf des nächsten Tag um zehn Dollar sinken. Puma Zukunft fortsetzen, um Kleidung zu kaufen. Verteilen. Es gibt einen Kundenservice Haltung ist sehr gut.;5;5
Zu leicht gebrochen |;5;5
So-so, das Gefühl der Unterseite der Warenlager Lager;5;5
Auch gut ist immer noch groß;5;5
Kaufen entspannter Marken wie regelmäßige Größe, aber auch zu groß ist, ist ein wenig teuer. Aber immer noch unterstützt, Lob!;5;5
Recht;5;5
Gute Baby, legte ihren Mann auf genau richtig;5;5
Sehr gut;5;5
Kleidung kann auch einfach nicht wissen, dass es nicht echt Barcode-Sweep aus;5;5
Mein Mann zog ziemlich gut, hier sind Bilder v812339320;5;5
Gute Kleidung, die richtige Größe.;5;5
Sehr zufrieden. Tragen sehr komfortabel.;5;5
Nun, das ist zu kaufen groß;5;5
Nun, das ist etwas größer die Zahl;5;5
Ja \ n gut;5;5
Puma, wie eine so große Zahl, xxl nur ein paar Zahlen, groß, verbrachte ich auch 20 umziehen.;5;5
Ja, zu loben.;5;5
Ein wirklich nach waren zufrieden;5;5
Gute Qualität ~;5;5
Schlange, um so viele Dinge zu kaufen, noch nie so so schlecht Chaos, zu enttäuscht, eigentlich fordert die Rückgabe Anruf kann nicht Menschen zu finden, wie auch immer, ich werde nicht mehr zu kaufen;5;1
Verpackung ist gut, dann zwei Tage nach Shijiazhuang schneller, Kundenservice Antwort ist langsam, es wird geschätzt, ein wenig beschäftigt. Zufriedenheit!;5;5
Sehr zufrieden;5;5
Sehr gut, gut Verkäufer Dienstleistungen, Versand super schnell. 5 Punkte Lob;5;5
Gut;5;5
Qualität im Allgemeinen;5;5
Ich in der Regel XL Meter erhielt eröffnete heute Kleidung fühle mich so viel Kleidung, der Heimat von einem Verhältnis, eine Nummer zu groß, so viel, und fordern einen Ersatz, den Kundendienst Ich muss der Fracht, unvernünftig wieder heraus. Auch hier gibt es Bilder von der Größenunterschied. Verkäufer sind nicht gekennzeichnet Kleidung zu groß. Schlecht schlecht schlecht;5;5
Zu leicht zu halten eine haarige;5;4
Das Tragen eines schönen Mann;5;5
Gute Qualität Kleider, Stil ist mein Lieblings-Art von einfachen und eleganten persönlich gefällt;5;5
Völlig andere auch! ! £ 200 von Menschen tragen xl. . .;5;3
Zu groß ist, die Version gut Schnäppchenpreis;5;5
Gute Kleidung, die Spitze eines Chan;5;5
Ein wenig zu groß, ich weiß nicht, wird nicht verblassen;5;5
Gute Qualität Kleidung, ist die Haltung sehr gute 5 Minuten, sollte die nächste Farbe zu ändern;5;5
Gut, authentisch!;5;5
Entschuldigung. Eingang zu bestätigen spät. Baby groß? Ich möchte Größe. Kundenbangbang Bang? Absolute Vertrauen. Logistik ist mein Vertrauen. Alle 5 Sterne;5;5
Gute Qualität;5;5
Ziemlich gut;5;5
Gute Kleidung, Ausdruck bald, Kundendienst Haltung ist sehr gut, gute;5;5
Ein gutes T-Shirt, Größe ist genau richtig, schlanken Mann sollte kleiner Hof, insgesamt gut;5;5
Okay. . . Schwimmende Gefühl, dass der Preis einer Ware wieder aufladen Kurier ganz zum Verrücktwerden. . .;5;4
Absolute Nummer zu groß;5;4
Gute Sache;5;5
Große, empfehlen wir Kauf! ! !;5;5
Gute Qualität, der Stoff sehr weich, hand'm gut, trägt ein wenig zu groß, ist die Logistik zu zwingen,;5;5
Guter Service Haltung Logistik schnell Luxury;5;5
Wirklich schlechte Qualität, nicht das Geld wert, ist die Anzahl zu groß ist nicht echt;5;5
So geeigneten seit so vielen Jahren nicht kaufen T-Shirts und mehr als Klee Oberkörper komfortabel, und trägt eine Größe genau richtig, Lob!;5;5
Code zu groß;5;4
Tatsächlich erhielt auch Porto, Oh;5;3
Früher kaufte große, sofort auf den Ersatz von einem Stück guter Kundenservice, mit Online-Shopping sehr zufrieden;5;5
Short Fett Art der Kleidung, ihr Mann 183 Höhe, 195 £, Kundendienst, sagte Nummer xxL zu tragen, zu klein und dick, 280 Pfund oder mehr kann Fett Kleidung zu tragen, zurück, dass hart, aber Geld ausgeben, um Na Quxiu reparieren setzen sehr wütend;5;5
, Lob gut, ist der Verkäufer empfohlene Größe sehr sinnvoll, dass ein wenig teuer Versand;5;5
Mein Mann trug sehr schön, sehr fit, gute Qualität, echt ist;5;5
Es kann auch mit dem gleichen Speicher, der Preis ist fast;5;5
Jemand anderes zu kaufen;5;5
Too. Ich Zahl, die eine Menge von anderen besser tatsächlich größer;5;5
Wie gute Kleidung;5;5
Qualität ist sehr gut, ein gutes Gefühl, guten Stil;5;5
Glücklicherweise;5;5
Größe kann auch ein bisschen zu groß mehr als andere;5;5
Super enttäuscht. . Gefühl, sich weigern, Kleidung zu tun. Fluff ist ein häufiges Problem. . Haarausfall ist ein Problem. . Ziehen Sie ein Haar. Nichts kann wirklich nur sagen, gute Dinge in China hergestellt. Taobao ist die gefälschte Markt. . Silent-ah. Zillah Wasser nicht zurück. . Der Chef wollte mich nicht irgendwelche Schwierigkeiten bei der Beurteilung der sie zu geben! ! ! ! ! ! ! 241946050199 | 2015.06.02 18: 35: 39 | durch die linke Hälfte. Gefühl ist, Müll zu tun Kleidung. Varianten. Haarausfall! Wenn er sagt, ist echtes Problem, das ohnehin in China hergestellt wird, ist dieser Speicher ein knockoff Shop. . Bitte geben Sie nicht gute Kritiken zu ziehen betrügen;5;1
Paare Super Like us Tragen sehr gut geeignet - trage ich meistens L Die üblichen XXL XL gerade recht er xl nur als Referenz ~;5;5
Gute Kleidung, sehr locker, für den Sport geeignet.;5;5
Kleidung sehr lose, geeignet für Sportbekleidung, Vater mochte!;5;5
Sehr bequem;5;5
Luxusgeschäfte. Fünf-Sterne-Service, Fünf-Sterne-Haltung. , Das nächste Mal kommen. Geschäft boomt. . . Gut ,, Stern. . .;5;5
Luxusgeschäfte. Fünf-Sterne-Service, Fünf-Sterne-Haltung. , Das nächste Mal kommen. Geschäft boomt. . . Gut ,, Stern. . .;5;5
Gute Kleidung, ist ein wenig ganz andere;5;5
Son Kollegen gefiel, eine kleine Zahl genau richtig. Gute Qualität, tragen sehr stimmungsvoll.;5;5
Express sehr Block, die Dinge gut;5;5
Zu dick, nicht die üblichen Fett!;5;2
Attitude von guter Qualität Leverage;5;5
Ja, tragen sehr komfortabel;5;5
Baumwolle, weich, sehr gut;5;5
Ja, zufrieden.;5;5
Genuine! Preiswert!;5;5
Größenunterschied zu groß ist, Wasch ernsthaft verringert!;5;5
Gute Qualität Logistik sehr schnell ist die eigentliche Sache;5;5
Gute Kleidung, ein wenig dünn, aber auch gut, die Logistik schnell sehr zufrieden.;5;5
Sehr gut, ich mochte es, auf einem guten Blick setzen;5;5
Zu;5;5
Gut gut;5;5
Defense, und speichert einen Unterschied ....;5;1
Kein großer Punkt, aber man kann tragen.;5;3
Ja, Authentic Puma, sehr geeignet für mich;5;5
General;5;5
Unternehmen, die 168.100 £ von den Mädchen kann l Nummer tragen, das Ergebnis zu kaufen, huh, huh.;5;2
Etwas offizielle Flagship-Store wird auch verwendet, in Frage zu stellen? Versand bald Oh!;5;5
Holen Sie es zurück. Wirklich zu groß. Zurück geben. Service awesome. Mir schnell helfen.;5;5
Gute Kleidung, tragen sehr gut aussehend;5;5
Sehr gut;5;5
Sehr gut;5;5
Ziemlich gut;5;5
Haihao;5;5
Er sah gut aus, ich hoffe, nicht verblassen;5;5
Garbage, Logistik langsam, nicht mit Barcode;5;1
Etwas groß (> ﹏ <) 180 Jungen tragen;5;5
241567775670 | 2015.05.20 22: 53: 43 | ist wirklich gut | 5 ||;5;5
Obwohl der Folge, durchaus zufriedenstellend ist;5;5
Glücklicherweise ist, dass die Codezahl nicht, zu groß ist,;5;5
Es ist echt gut, das nächste Mal zu sehen;5;5
Qualität sein kann. Größe passen! 241570562691 | 2015.05.15 17: 30: 55 | heute angekommen, gute;5;5
Auch ein wenig Fett. Der Schlüssel ist noch nicht freies Verschiffen;5;5
Baby ist sehr gut, es ist authentisch! Express schnell!;5;5
Gute Qualität, Code ein wenig groß Punkten. . .;5;5
Ja genau richtig;5;5
Gut;5;5
Etwas Gutes, ist groß, wird sich mit dem Kundenservice verbundenen Änderung hat den Kundendienst nicht mehr zu reagieren, andere sind gut.;5;5
Sieht gut aus, tragen meine Frau oft. Haha, gut aussehend;5;5
Es sollte echt sein.;5;5
Ein großes Yards, bevor Sie sich an den Kundendienst, reagieren auf mich war, mich zu finden, Kunden-Service nach zehn Uhr, bekam ich die Zeit zum Plaudern. Üblichen Lob. Noch für den Kauf einer jetzt.;5;5
Sehr angenehmes Tragegefühl sehr stimmungs;5;5
Ist echt, Baumwolle ist sehr gut, sehr komfortabel;5;5
Wirklich Drehungen und Wendungen, für zwei, extra groß. So-so-Qualität. Kleine 2 Anzahl Kaufen Empfehlung.;5;5
Verpackung ein wenig schlecht. . . . . . Etwas besser.;5;3
Great customer service, dass die Version kaufte er 175 Höhen scrag s Ergebnisse noch etwas eng für alle auf die beziehen;5;5
Normalerweise ist es, tragen Sie bequeme, das ist ein bisschen Flaum;5;5
Logistik ziemlich schnell;5;5
Diese Zeit, die richtige Größe zu kaufen, die Logistik ziemlich schnell;5;5
Ich kaufte mir ein großer Punkt.;5;5
Zu groß ist, gute Qualität, guten Stil. Nicht die richtige Größe, ist der Verkäufer ohne weiteres zurückgeführt.;5;5
Recht;5;5
Probieren Sie eine sehr bequeme Passform;5;5
Gut gut.;5;5
Sehr schön;5;5
Kurze Ärmel ein wenig breit, nicht Selbst-Anbau, das Gewebe berührt werden können, dann waschen Sie Kleider nur ein wenig Zeit zu finden, das nicht auch verblassen haarig, waschen mehrmals im Wasser oder Plüsch wurde auch verblassen, wenn die letzten hängende Kleidung auf der Hand James ist schwarzes Fell, auch gewaschen nicht zurück, nicht so gut wie die Qualität der Dutzende von Kleidungsstücken Stoffkomponenten bezweifle wirklich, dass ich die Wahrheit sagen,;5;1
Clothes gutes Fett. . . Qualität kann auch;5;5
Ursprünglich ein Leistungs Regel viel Pflege für mehrere Tage zu lösen;5;5
Okay, eine zu große;5;5
Größe ein wenig groß, 241573836837 | 2015.05.30 10: 00: 45 | Qualität ein bisschen schlecht, aber es ist echt, wusch ein wenig offensichtliches Zeichen;5;5
Gut;5;5
Kleidung von guter Qualität, und mein Vater mochte. Die Zukunft wird bevormunden, Komm.;5;5
Kleider sind authentisch, Baumwolle ist auch sehr gut, Höhe 176, Gewicht 160 Pfund, trägt XL Code genau richtig, ich habe in dieser offiziellen Speicher, um Kleidung zu kaufen war, wird die nächste kommen.;5;5
Kleidung ist sehr gut, das Gefühl ist ein wenig breiter, Lieferung und Kundendienst sind sehr gut;5;5
Helfen, meinen Kollegen zu kaufen, Höhe 170 ist auch etwas größer, gute Verarbeitung, kann die Qualität sein, die allgemeine Zufriedenheit.;5;5
Seite stelle ich mir eine Menge von großen;5;5
Ja, zu loben.;5;5
Lob, fortzusetzen.;5;5
Bushitaihaokan;5;3
Sie glauben, Sie können;5;5
Sehr gut;5;5
Allgemein Allgemein;5;5
Gutes Material bis hin zum komfortablen Zufriedenheit tragen;5;5
Puma hat very're falsch gewesen, und so weiter für fünf Tage, der Kurier endlich da! Puma wählen immer Kleider! Eine Freundin haben, können Sie Liebhaber, meine Größe 180, Gewicht 65kg. Nur als Referenz! Schließlich, sagen wir, Takt, verlor ich Sie nuts! Shanghai nach Nanjing zu 45 Tage! Ich habe Sie Nüsse;5;5
Bang Bang da;5;5
Kein Verschleiß, sieht okay.;5;5
Wirklich Fett, nur kaufen, eine kleine Anzahl von zwei;5;5
Gutaussehend;5;5
241215912207 | 2015.05.16 08: 53: 41 | sehr gut, obwohl ich nicht so gern, RB, aber ihre Sachen wirklich gut, besser als einige der großen nationalen Gewissens | 6 ||;5;5
Sehr gut geeignet. . .;5;5
Sehr gute Qualität Kleider! Logistik ist zu langsam! Auch viel Glück dann? Nicht so gut wie andere ausdrücken!;5;5
Ist etwas zu groß ist, ist die Version nicht möglich;5;4
Befahrbar;5;4
Das ist gut;5;5
Gut, und der Phantasie, der Preis ein wenig hoch.;5;5
Gut;5;5
Absolut echt gute Kleidung;5;5
Recht;5;5
Ein wenig zu groß;5;4
SF Express;5;5
Nummer zu groß, zu kaufen eine kleinere Größe größer;5;5
Gute Größe kommt auch sehr komfortabel!;5;5
Recht;5;5
Sie können auch ein zu großer;5;5
Gut;5;5
Um ehrlich zu sein nicht sehr gute Sachen sein. . Auch Stockhaar. . Wie auch immer, viel schlimmer und die Außenseite;5;3
Gute Kleidung, die offizielle Website vertrauenswürdig, Logistik und bald, zwei Tage, um, wenn der Versand besser. . .;5;5
Freundin zu kaufen, sehr gut!;5;5
Wirklich mögen;5;5
Sehr gute Verschleiß gute Kleidung haben wieder ein bisschen zu groß, weil letzten Gedanken zu denken oder zu vergessen,;5;5
Sehr gut, 241091096435 | 2015.05.13 11: 16: 14 | Kleidung wirklich gut, Lob | 4 ||;5;5
Okay;5;5
Together!;5;5
Qualität Kleidung und anderen Markt Regel solche Kleidung eigentlich fast zehn Dollar. So wird es auch zu widerstehen diese Marke in China Textilfabrik hergestellt. Die Anlage soll auch OEM anderen Marken oder berühmt oder nicht Ruf. Er kleidet sich, den Preis als viele der;5;5
Recht;5;5
S Schulter klein, nur der Körper, ist M Schulter genau richtig, Körper und superfetten, hilflos, ändern wollen nicht geeignet ist, mein Körper ist wirklich Grube Vater, nur waschen Sie die Kleidung mehrmals schrumpfen schrumpfen;5;3
Gute Qualität, aber es ist falsch es keine Markenlogo Hülse;5;5
Anders als authentisch!;5;2
Stoff fühlt sich gut an. . . . . . . . . . . . . . . . . . . . . . . . .;5;5
Zufriedenheit!;5;5
Oh. Nr Rücken ein wenig groß, aber wollen auch sie Trompete, ausverkauft. Nicht lieferbar. Ach;5;4
Ziemlich gut;5;5
Doch zum Glück wirklich langsam Kurier;5;5
Gut gefallen gute Kleidung;5;5
Baby sieht gut aus, Logistik sehr schnell! Gefällt mir! ! ! !;5;5
Schlechter Kundenservice, der Sprecher war mir egal, was am Tag schleppte vor der Auslieferung - die gleiche Anzahl von Dingen, shop, als das Geschäft der großen, zu kaufen, um zu waschen, weiß nicht, wird nicht ein guter Ausgangspunkt sein ~ Insgesamt fühle ich mich wie es;5;1
Nicht schlecht, aber die Marke Puma, ob ganz einem kleinen Punkt, ich bin ein introvertierter Mensch, so ein groß angelegtes, sieht immer noch ein wenig albern;5;5
Sehr gut;5;5
Recht;5;5
Empfangen wird, ist sehr hübsch Code zu groß;5;5
Recht;5;5
Passen sie;5;5
Gute Kleidung, bequem!;5;5
Kleidung gerade erhalten, habe ich nicht erwartet so schnell erhalten. Logistics OK! Ich habe auch Sorgen über Qualitätsfragen, sah Yiyi erleichtert. Weil ich an einen Freund geschickt. Aber zum Glück nicht im Stich gelassen. Qualität und Stoffe sind gut. Ich fühle mich ein wenig teuer.;5;5
241074451621 | 2015.05.16 21: 11: 25 | Kleidung kaufte ein paar Tagen, als das Tragen der zweite Entdeckung Poliaogedong. | 14 ||;5;1
OK gut;5;5
Recht;5;5
Auch gut ist der Preis ein wenig hoch;5;5
Der Rest sind gut wenig groß;5;5
Bad nicht echt;5;1
Kleidung erhielt gute Qualität;5;5
Gut, das ist etwas größer, tragen Sie bequeme;5;5
Gute Qualität echt, haben das Recht, in zu;5;5
Höhe 170 Gewicht 150 m Anzahl sehr angemessen ist;5;5
Gute Qualität, wird kommen,;5;5
Sie können!;5;5
Du kannst auch;5;5
Echt ist, seinen Sohn sehr. Sollten beginnen das Tragen gut aussehend;5;5
Baby gut, tragen sehr Typ;5;5
Express Geschwindigkeit zu zwei Tagen nach der Ankunft wirklich guten Service und gute Qualität Kleidung mit den gleichen Preiszugeständnisse zu zwingen, wieder zu begegnen ein wenig besser alle fünf Sterne;5;5
Waren sehr zufrieden, ziemlich schnelle Lieferung;5;5
Um ehrlich zu sein, erhielt Dinge hervorragende Verarbeitung! \ N, aber die Größe ist zu klein!;5;5
Logistik so schnell,;5;5
Kleidung von guter Qualität nur gut;5;5
Recht;5;5
Attraktive, sehr angenehm zu tragen Baumwolle.;5;5
165 kg Körpergröße 1,75 m Code einfach nicht wissen, die Höhe 1,70 £ 130 XL-Code trägt genau richtig guter Mann, wie man Magie tragen;5;5
Kleidung ist zu groß;5;5
Ja ah;5;5
Vielen Dank sehr guter Verkäufer;5;5
Eine Nachricht an ändern yardage machte ein paar Inserate des Verkäufers nicht zurück Clothes eingegangen sind, von guter Qualität, Logistik schnell, aber der Service ist nicht an Ort und Stelle, schickte ich, der Verkäufer Service-Haltung hoffen, um das Aussehen zu verbessern.;5;5
Gute Kleidung;5;5
Verpackungen mit anderen Zähler sind nicht die gleichen, sehr zufrieden, sehr große Zahlen;5;5
Kleidung ein wenig, nicht zu dünn Schlank entspannter als gedacht. Insgesamt ist gut.;5;5
Du kannst auch;5;5
Kleidung sehr gut, dass es keine Papiertüte;5;5
Setzen Sie auf ein wenig groß, wird empfohlen, eine kleinere Größe wählen, zu faul, um Änderung;5;4
Super guter Verkäufer Dienstleistungen;5;5
Gute Zeit zum Shoppen;5;5
Tragen sehr komfortabel, Größe ist richtig, deshalb ist es nicht mailen Sie;5;5
Die richtige Größe, echt, sehr viel.;5;5
Okay, sehr geeignet, tragen mehr schön, sehr gerne;5;5
Kleidung Stoff ist sehr komfortabel, ist es empfehlenswert, ein kleines zwei Zahlen zu kaufen.;5;5
Okay. . . . . . Dünne, 240905171893 | 2015.05.17 09: 59: 43 | viel schlechter in der Qualität, und Kollegen haben mich gefragt, gefälschten Waren Taobao nicht zu kaufen. | 12 ||;5;1
Sensorische Qualität in der Regel nicht gut compassionate Qualität Nike Familie, ist Code-Nummer zu groß. Gesamtpreis in Ordnung ist, 240905171892 | 2015.05.17 09: 59: 43 | die Qualität ist wirklich allgemein vollständigen Graphen Arten gut aussehen. Und der Laden zu kaufen als nicht;5;2
Gutaussehend;5;5
Authentisch;5;5
Sehr gut, ich mochte es;5;5
Downwind Kurier-Logistik so schnell, aber es scheint niemand in der Kundenbetreuung it! !;5;3
Oh, sehr komfortabel;5;5
Kleidung erhielt, nur ein wenig zu groß ist, will nicht zu ändern, so tragen Sie es, das nächste Mal kaufen aus diesem Shop;5;5
Zu groß sollte einen kleinen Hof zu kaufen;5;5
Bang Bang da;5;5
Okay okay! Angenehmen Shopping;5;5
Ein bisschen zu groß, ist es empfehlenswert, eine kleinere Größe zu kaufen!;5;5
Sehr fit;5;5
Zufriedenheit;5;5
LOGO kleiner als beobachten ist ah;5;4
Falten Kleidung Kragen immer eingegeben, so den Hals ein wenig unangenehm. Qualität sein kann, ist nicht kostenlosem Versand.;5;4
Okay;5;5
Tragen Sie gute. 240712881741 | 2015.05.08 09: 23: 25 | stellen gut.;5;5
Tragen Sie gute. 240712881740 | 2015.05.08 09: 22: 50 | setzen auf sehr gute Ergebnisse. | 4 ||;5;5
Okay, das ist grau mit einem schwarzen Tuch wenig umständlich Wort;5;4
Recht;5;5
£ 130, 170 XL-Code genau richtig;5;5
Günstige und gute Verschleiß gut;5;5
Günstige und gute Verschleiß gut;5;5
Gut, tragen sehr cool;5;5
Etwas Gutes, ist die Logistik auch gut, die nächste wird bevormunden!;5;5
Express gute lächerlich, um nicht zu sagen, bevor der Käufer nicht zu kontaktieren, ich finde sie zu kontaktieren, gleichgültig, zu lustig! ! ! Telefon nicht spielen, wie man nicht an die Käufer? ? ? ?;5;5
Gut;5;5
Ich mag ein wenig locker, Höhe 178, Gewicht 175, wählen XL ist sehr angenehm zu tragen, das Gefühl ein wenig mehr Code sollte schlank erscheinen. Zum Glück habe ich nicht das Personal an der Rezeption Empfehlung hören, er riet mir sogar bis XXL zu kaufen, und dann gibt es andere Kunden-Service, mit mir gerade jetzt zu erklären, dass die Person nicht für die Kundenbetreuung der Arbeiten beauftragte hier, wenn Sie benötigen Beratung kann ihn zu kontaktieren. Wie auch immer, gab mir das Personal das Gefühl war so unprofessionell! ! !;5;5
Kleidung ziemlich gut. Mein Mann sehr. Es ist echt. Der nächste wird kommen.;5;5
Ja, nicht sehen, einen entsprechenden Code, kaufen groß;5;5
Sehr gut;5;5
Gute Kleidung, je nach Kundenwunsch wird empfohlen, um eine Größe zu kaufen. Genau die richtige Größe, zog nach einer Zwangs kühlen schön.;5;5
Quality of Service-Logistik sind gut, aber leider zu schlagen groß yardage. Kundendienst, zurückkehren können. Vergessen Sie es.;5;5
Geschwindigkeit und guter Qualität zu groß;5;4
Helfen Sie einem Freund kaufen er gern;5;5
Heute erhielt ich, die einen Fehler gemacht, ein Blick überrascht, internationale Marke ist die Originalverpackung, Lynx net nichts Gutes, eine Art Gefühl breitete sich die Waren selbst aus dem 15 Yuan Kurier, ich möchte nicht, sich zurückzuziehen, nur Pech, ich hoffe, Sie vorsichtig zu kaufen, nicht wert |;5;2
Too! Ich muss gehen, um die Wäsche ,,,, Ersatz zu viel Mühe schneiden, lassen ,,,,, nicht sagen ...............;5;5
Kleidung sehr loben, ist SF sehr Geschwindigkeit;5;5
Kaufen Sie eine große Anzahl zu faul, um die Logistik schnell ändern;5;5
Eines Tage Luft-Express, Logistik beschleunigen fabelhaft. Die Kleidung ist nicht Selbst-Anbau, ist Fett 240662189297 | 2015.05.01 21: 12: 41 | ist es empfehlenswert, schwarz zu kaufen | 0 ||;5;5
Kleider genau das Richtige, ist echt.;5;5
Worth, ein bisschen wie ein fake. Und im vergangenen Jahr kaufte die Qualität sind sehr unterschiedlich;5;5
Mein Mann hat zu dieser Marke zu kaufen, Stil ist auch gut, sondern auch angenehm zu, Lob tragen ~;5;5
Kleidung ein wenig groß;5;5
Gute Qualität Kleidung, die Größe ist genau richtig und sehr angenehm zu tragen echte;5;5
Was ist sehr schön, geistig.;5;5
Okay;5;5
Okay;5;5
Nun Ich mag;5;5
Kleidung, um auf eine kleine Größe können versuchen! Teil Fett Kleidung ein wenig ist nicht sehr Selbst-Anbau! Andere okay!;5;5
Okay;5;5
Okay;5;5
Gut, authentisch!;5;5
Wir danken Ihnen sehr zufrieden!;5;5
Tragen nur nicht zu klein ist, sehr komfortabel;5;5
Genau wie der Puma;5;5
Eine schnell SF erst gestern heute zu schießen, entscheidende Lob, wirklich mag, der einzige Nachteil ist, dass die Kleidung nicht mail ....;5;5
Anzahl quasi;5;5
Clothes gute Textur, ein bisschen zu groß, insgesamt gut;5;5
Gut, der Service ist nicht gut, die Menschen fühlen sich keine Begeisterung, große Kaufhäuser. . . . . . Gefühl. Clothes den Preis wert, Modell-Nummer als die bisherigen großen Kleidung, ändern wieder ziemlich lästig, Schlechte;5;5
Sehr gut, sehr ähnlich;5;5
Oberkörper ist sehr fit sao! !;5;5
Gut;5;5
Der erste Schuss der falschen Größe Käufer sehr geduldig, obwohl es kein Geld zurück der erste Schuss Waren, aber die Kleider sind nicht schlecht. Gute Verkäufer Haltung;5;5
Chinas Nummer sollte nicht kaufen, wenn Sie gefragt Kundenservice, sehr bequeme Kleidung, Lob Lob Lob;5;5
Logistik schnell, wenn eines Tages ist, dass immer noch ein bisschen zu groß, 170.118, Nummer, ich könnte verwendet haben, etwas kleiner zu tragen, sollte üblichen Lob wert der Preis des 8090 Block der innersten fit;5;4
Recht;5;5
Größere Punkt, zu loben verwendet;5;5
An einen Freund zu kaufen, sagte ein Freund sah sehr gut nicht zu sagen, Pei-ling;5;5
Verkäufer Haltung ist sehr gut, tolle Klamotten die falsche Nummer auf der Rückseite, sondern haben auch eine Reihe von Stilen als angemessen.;5;5
Recht;5;5
Insgesamt sehr komfortabel.;5;5
Ah, sehr gut. Die richtige Größe, trägt auch kann;5;5
Sehr gut;5;5
Gutaussehend;5;5
Neben der Größe ein wenig groß, andere sind in Ordnung.;5;5
Alte Kunden, sehr gute;5;5
Okay;5;5
Wie ein;5;5
Hinter Puma;5;5
Sie können auch relativ dünn;5;5
Sehr gut geeignet;5;5
Können Sie auch rechts;5;4
Ich mochte es, ich mochte es, ich mochte es, ich mochte es, ich mochte es, ich mochte es, sehr viel.;5;5
Tragen Sie in Ordnung, das ist ein wenig transparent Gefühl wie echte;5;5
Sie können auch gut;5;5
Guter Kundenservice ist sehr warm und sehr komfortabel Materiallogistik sehr schnell mit Online-Shopping zufrieden?;5;5
Sieht großartig aus;5;5
Haben zwei gekauft, sehr gut!;5;5
Wirklich super-Lob, dann ging in den Laden, um mehr Kleidung zu kaufen, wird derzeit nicht durch Fälschung, die Version gut getroffen;5;5
Okay, im Rahmen der Erwartungen, aber die Textur ist relativ schlecht!;5;5
Genau die richtige Größe;5;5
Gute Sache, echt, zuerst kaufte es wieder nur ein großer;5;5
Stores empfohlene Größe nur ein wenig größer,;5;5
Gute Qualität, und der Laden die gleiche;5;5
Groß;5;4
