zeit,sterne,titel,beschreibung
18. M√§rz 2014,5.0 von 5 Sternen,Bietet super Halt,"Dieser Sportbh bietet einen tollen Halt und ist im Gegensatz zu anderen auch nicht zu eng beim Anziehen, wenn man seine normale Gr√∂√üe nimmt. F√ºr Sportarten wie Tanzen, Steppen oder Fitnessstudiokurse eignet er sich gut, auch zum Fahrradfahren ist er angenehm."
2. Juli 2014,4.0 von 5 Sternen,Empfehlenswert!,"+ sehr bequem, sitzt perfekt,+ unterst√ºtzt die Brust sehr gut beim Sport,+ sieht gut aus,+ empfehle ich auf jeden Fall weiter, w√ºrde ich wieder kaufen!,- auf jeden Fall eine Gr√∂√üe gr√∂√üer bestellen, da der Sport BH kleiner ausf√§llt"
22. Mai 2014,5.0 von 5 Sternen,Super - Unschlagbar f√ºr den preis!!,Habe diesen BH im sale gekauft.. Daher UNSCHLAGBAR! Bin total zu frieden! Top qualit√§t. Sitzt sehr eng.. k√∂nnte manche evtl st√∂ren - f√ºr mich ist es zum Vorteil! Schwanke immer so zwischen 80C & 80D.. Je nach hersteller. Kann ich nur weiterempfehlen!!
7. Februar 2014,5.0 von 5 Sternen,"runde Sache, empfehlenswert","Nutze ich beim Fitness, Aerobic u Laufen auf dem Crosstrainer. Normalerweise trage ich Gr√∂√üe M, hier aber L bestellt u nicht bereut. Sitzt gut, verruscht weder an den Schultern, noch unter der Brust. Kneift auch nicht unter den Achseln. Angenehmes Material."
20. Mai 2015,2.0 von 5 Sternen,Fits well but difficult to take off,"I had no problem fitting it in, but taking it off after running and sweating, it is almost impossible. I am normally 85B, maybe M is a bit small. The materials are comfortable but hard, so after sweating, difficult to put it out through shouldes."
8. August 2014,5.0 von 5 Sternen,Super,"Alles so wie es sein soll! Gutes Material, perfekter Halt. Einziger Nachteil: der BH l√§sst sich nicht √∂ffnen, das macht das An- und Ausziehen etwas schwierig - daf√ºr bleibt dann aber auch alles sch√∂n wo es sein soll. Definitiv weiterzuempfehlen!"
25. August 2014,5.0 von 5 Sternen,Tip Top,"Sitzt einwandfrei, sehr angenehm und zum trainieren perfekt.Ich mache Ausdauer -und Kraftsport sowie auch Zumba und der BH ist einfach perfekt.Ich trage Gr√∂√üe 36 und hab ihn in M bestellt.Und das war eine gute Entscheidung.,LG Jenny"
25. November 2014,5.0 von 5 Sternen,TOP!!!,"Top -BH!!! Da ich noch stille und fange wieder mit dem Sport an, habe ich mir diesen Artikel besorgt und bin jetzt total zufrieden mit dem Kauf! Ob es um Joggen oder Kick-Boxen geht (besonders Springseil) h√§lt BH prima!!! Weiter zu empfehlen)"
7. Februar 2014,5.0 von 5 Sternen,Gute Qualit√§t,"Der Sport BH sitzt √§u√üerst angenehm und ich trage ihn sehr gerne beim Sport. Von der Gr√∂√üe her w√ºrde ich sagen f√§llt er normal aus, ich habe ihn in M bestellt, und er sitzt ein wenig eng, was er ja auch soll, damit er einen festen Halt gibt."
3. Februar 2015,4.0 von 5 Sternen,sehr gut,"Leider zu klein. Ich habe in S bestellt, habe aber 80 B k√∂rpchen, da ben√∂tigt  man eine M.,Deswegen nur 4 sterne, da keine angaben zu den gr√∂ssen.,Sonst ein sehr sch√∂ner sport bh mit hoher qualit√§t...,Absolute Kaufempfehlung"
14. April 2014,3.0 von 5 Sternen,F√ºr mich nicht der Richtige!,"War auf der Suche,leider immer noch nach dem geeigneten Sport BH.Habe zwar nicht all zu viel Busen(K√∂rbchengr√∂√üe 75 A-B oder 81 cm Brustumfang)) aber das bisschen was ich habe m√∂chte ich beim Laufen gut verpackt haben.Mag es gar nicht,wenn hier alles herum h√ºpft.Dieser BH von Nike in wei√ü sieht zwar gut aus,habe ihn in Gr√∂√üe S probiert,er passt zwar gut aber da ich einen BH f√ºr den Sport suche,wo nichts herum h√ºpfen soll,ist dieser Nike New Pro  f√ºr mich nicht geeignet.Er h√§lt meiner Meinung nach den Busen nicht ausreichend.F√ºr Freizeit etc.sicherlich nett aber f√ºr den Sport muss ein BH schon mehr k√∂nnen.H√§tte nicht gedacht,dass es anscheinend so m√ºhselig wird f√ºr einen kleinen Busen einen geeigneten Sport BH zu finden.Dachte immer,dass Frauen mit gr√∂√üerer Oberweite mehr Probleme h√§tten hier den passenden BH zu finden.Drei Sterne f√ºrs gute Aussehen,das Material(man sieht nichts durch) aber f√ºr mich erf√ºllt er leider nicht den Zweck.Die Suche geht also weiter."
7. April 2014,5.0 von 5 Sternen,Spitzenm√§ssig!,Der beste Sport BH ever. Man bekommt ihn gar nicht mehr aus ;) Die Qualit√§t ist super...l√§sst sich auch gerne oft waschen ohne an Qualit√§t zu verlieren. Sehr bequem.
30. Januar 2015,5.0 von 5 Sternen,Super Qualit√§t!,Super Preis und super Qualit√§t!! Ich nutze diesen BH seit ein paar Monaten und bis jetzt sind auch noch keine Abn√ºtzungserscheinungen erkennbar. Passform auch TOP!!
18. September 2013,5.0 von 5 Sternen,Klasse,"Ich w√ºrde diesen Sport BH einfach jedem empfehlen, der viel Sport macht und sei es Laufen oder allgemeine Fitness gute Beweglichkeit auch im Brustbereich w√ºnscht"
14. August 2013,5.0 von 5 Sternen,H√§lt super!!!,Ich habe mir den Sport BH f√ºrs Pilates und f√ºrs Boxen gekauft. Bin sehr zufrieden! Alles h√§lt und er sieht gut aus!!!
30. Juni 2014,5.0 von 5 Sternen,Toller Sport-BH,"Dieser Sport-BH sitzt ziemlich eng am K√∂rper, bietet dadurch aber auch sehr viel Halt. Ich bin sehr zufrieden und habe ihn gleich in mehreren Farben gekauft."
2. Juni 2014,5.0 von 5 Sternen,Top,"Sitzt perfekt!,Nutze ihn zum laufen, wie auch im fitnessstudio!,Bin total zufrieden und werde mir diesen BH auch noch in den anderen farben zulegen"
1. Juni 2014,4.0 von 5 Sternen,Angenehmer Sport-BH,Gute Qualit√§t und gutes Tragegef√ºhl - da zwickt nichts! Auch beim Laufen verrutscht bei einer gr√∂√üeren Brust nichts! Habe den Kauf nicht bereut - alles gut!
16. Januar 2014,5.0 von 5 Sternen,Super Sport-BH f√ºr gro√üe Br√ºste,"Ich habe diesen Sport-BH damals zum ersten Mal in den USA gekauft und war damals schon begeistert. Auch der neue, hier gekaufte Sport-BH steht dem ersten in Qualit√§t und Stabilit√§t in nichts nach.,Der BH eigent sich sehr gut f√ºr einen gro√üen Busen und h√§lt auch Springen und Laufen aus, ohne dass es wehtut oder er verrutscht. Die Tr√§ger schneiden auch nicht ein und man hat viel Atemfreiheit.,Auch das Schwitzen ist hier kein Problem, da die Nike Dri Fit-Produkte top sind und der Schwei√ü direkt nach au√üen geleitet wird ohne Flecken zu hinterlassen.,Alles in allem ein sehr gelungenes und praktisches Kleidungsst√ºck."
20. Mai 2015,5.0 von 5 Sternen,Mein neuer Lieblings Sport-BH,"Passt wie angegossen. Nur das Zettelchen an der Seite hat immer rausgeguckt, was aber mit einer Schere innerhalb von ein paar Sekunden abgeschnitten wurde"
22. Februar 2012,5.0 von 5 Sternen,"Super Tragekomfort und Passform, √ºberzeugt in vielen Sportarten","Nach fast einem Jahr in st√§ndiger Benutzung kann ich heute ein sehr positives Fazit geben:,Ob beim Joggen, Reiten, Snowboarden, Basketball oder Karate - dieser Sport-BH hat mich bisher nicht im Stich gelassen. √úberrascht haben mich die gute Passform, der Tragekomfort und dass er auch bei starkem Schwitzen keine unangenehmen Ger√ºche entwickelt.,Besonders positiv ist mir aufgefallen, dass die Temperatur und das Hautgef√ºhl unter dem Sport-BH in der aufgeheizten Halle im Sommer wie auch auf der Skipiste im Winter bei -23¬∞C nie unangenehm ist.,Ich habe mir den Sport-BH in wei√ü bestellt. Waschen in der Waschmaschine lohnt sich nicht, da er nach kurzem Auswaschen von Hand mit wenig Waschmittel bereits frei von allen Felcken ist und innerhalb von 24-36 Stunden bei Zimmertemperatur trocknet."
15. Mai 2015,4.0 von 5 Sternen,"Angenehmes Material, angenehmer Sitz","Ich habe sehr lange √ºberlegt, ob ich M oder L ben√∂tige bzw. welche Gr√∂√üe ich bestellen soll. Bei einer Gr√∂√üe von 80 C war mir L zu weit, vor allem das Unterbrustband war zu locker; daher habe ich dann M bestellt.,Den BH wollte ich f√ºr Yoga, Pilates und Gymnastik, also nicht f√ºr Hochleistungssport. F√ºr meine Zwecke ist der Halt vollkommen ausreichend, auch auf dem Cross-Trainer ist der Halt noch OK. F√ºr gr√∂√üere K√∂rbchengr√∂√üen denke ich aber, dass der Halt f√ºr ein intensives Lauftraining oder gr√∂√üere Belastungen ggf. nicht ausreicht und etwas mehr Halt erforderlich sein d√ºrfte.,Der Sport-BH hat ansonsten eine angenehme Passform und ein angenehmes, leicht k√ºhles Material. Die N√§hte schienen mir gut verarbeitet und haben nicht gedr√ºckt, nicht gezwickt und nicht gescheuert."
10. November 2011,5.0 von 5 Sternen,Super Sport BH,"Habe mir den Artikel einmal in S und einmal in M bestellt, weil ich mir nicht sicher war.,Normalerweise habe ich 75 D - M hat genau gepasst jedoch sollte man bei gr√∂√üerer Oberweite lieber L bestellen.,Der Artikel ist sehr gut verarbeitet, zwickt nicht und deswegen angenehm zu tragen.,Seinen Zweck erf√ºllt der Artikel (leichte Bewegungen kann man ja nicht verhindern ;) )"
26. August 2013,4.0 von 5 Sternen,"Toller BH, aber nicht zum Joggen geeignet","Ein sehr bequemer BH, der allerdings zu wenig Halt f√ºrs Joggen liefert.,Daf√ºr habe ich dann lieber den,NIKE Damen Sport BH Shape Bra W/Large Swoosh, Black/black/white, S, 419414,bestellt."
30. Oktober 2014,2.0 von 5 Sternen,Leider nichts f√ºr gr√∂√üere Br√ºste,"Leider ist das Produkt nur f√ºr kleiner Br√ºste von A-B geeignet, allen anderen w√ºrde ich andere Sport-BH's empfehlen. Mit -L- ver√§ndert sich nur der Brustkorbumfang naja...,Leider ging es wieder zur√ºck."
17. August 2012,4.0 von 5 Sternen,"Lange gesucht, endlich gefunden","Nachdem ich lange lange nach einem passenden Oberteil f√ºrs Beachvolleyball gesucht habe, bin ich endlich f√ºndig geworden!,Habe lange die Rezensionen gelesen und mich schlussendlich doch getraut den BH in Gr√∂√üe M zu bestellen. - Zum Gl√ºck!,M passt wie angegossen!,Um anderen bei ihrer Kaufentscheidung zu helfen: Habe ein breites Sportlerkreuz und im Normalfall 75C manachmal 75D. Habe aber das Gef√ºhl, dass M bei einer bisschen kleineren Oberwite auch noch gen√ºgend st√ºtzen w√ºrde.,Angezogen sieht das Oberteil echt gut aus und ich werde es immer zum Beachen tragen (die Sportbikinis k√∂nnen da einfach nicht mithalten!),Abzug gibt es, weil ich 3 Wochen auf den BH warten musste und schon bef√ºrchtet habe, dass er gar nicht mehr kommt.,Und die kleine Tatsache, dass die meisten Farben ausverkauft sind, h√§tte ihn gerne noch in einer anderen Farbe bestellt.,Sollte der BH doch nicht halten, was er verspricht, folgt ein Nachtrag ;),Nicht ganz billig, aber top!!"
26. September 2014,4.0 von 5 Sternen,Sehr sch√∂ner Sport-BH,ich habe mir den BH f√ºrs Yoga gekauft. Um zu joggen reicht mir der Halt bei einer K√∂rpchengr√∂√üe von 75 E nicht aus. In L war mir leider der Brustumpfang viel zu locker. Deshalb habe ich mich dann f√ºr M entschieden. Sitzt optimal..d√ºrfte aber kein St√ºck kleiner sein.
24. Februar 2013,5.0 von 5 Sternen,NIKE Damen BH,"Der NIKE Damen BH in wei√ü, G√∂√üe L wird ganz √ºberwiegend f√ºrs Joggen genutzt: Perfekte Passform. Sehr bequem. Auch nach vielen Waschg√§ngen wie neu! Sehr empfehlenswert."
29. Juni 2012,4.0 von 5 Sternen,Super Halt!,"Habe normalerweise Gr√∂√üe 75 D und habe den BH in M bestellt. Er sitzt gut,man sp√ºrt ihn Dank der guten Verarbeitung kaum und er h√§lt super beim Laufen."
23. August 2013,4.0 von 5 Sternen,h√§lt gut,"starker halt beim joggen oder aerobic,wenn man sich nicht sicher ist welche gr√∂√üe lieber eine nummer gr√∂√üer da er sehr eng ist"
3. April 2012,5.0 von 5 Sternen,super zufrieden!,"Ich war lange auf der Suche nach einem geeigneten Sport-BH, der auch f√ºr eine nicht ganz so gro√üe Oberweite geeignet ist. Letztendlich habe ich mich nun f√ºr den Nike BH Pro entschieden und bin super zufrieden damit. Er ist sehr angenehm zu tragen, sowohl beim Joggen oder auch beim Krafttraining. Wirklich nur zu empfehlen!!"
1. M√§rz 2012,5.0 von 5 Sternen,Positiv √ºberrascht,"Normalerweise trage ich in BHs (von Hunkem√∂ller) Gr√∂√üe 75D -80D. Daf√ºr ist Gr√∂√üe M absolut in Ordnung und es h√§lt alles gut. Meine Taille ist allerdings schmal, wer ein wenig mehr auf den H√ºften hat und vllt. auch gr√∂√üeren Brust- bzw. Schulterumfang, sollte lieber zu L greifen, damit es unter der Brust nichts abschn√ºrt. Mir passt er perfekt. Das Material ist auch gut und das Zeichen von Nike nicht zu auff√§llig. Den ersten Joggingtest hat er mit Bravour bestanden. Ich f√ºhle mich sicher damit."
26. April 2014,5.0 von 5 Sternen,TipTop,Ich habe den SportBH jetzt seit einigen Wochen und bin rundum zufrieden damit. Ich trage K√∂rbchengr√∂√üe 75C und habe den SportBH in Gr√∂√üe S bestellt. Ich benutze ihn f√ºr das Training im Fitnessstudio und daf√ºr ist er absolut zufriedenstellend und sieht auch noch top aus. W√ºrde ihn auf jeden Fall weiterempfehlen!
25. September 2014,5.0 von 5 Sternen,toller Sport-BH,"Ich nutze den BH zum Joggen, zur Aerobic und zum Zumba..der BH ist gut verarbeitet, sitzt ohne einzuklemmen und ist sehr bequem. Auch beim H√ºpfen und schnellen Rennen h√§lt er alles an seinem Platz ;),Selbst wenn man stark schwitzt klebt er nicht an der Haut sondern transportiert den Schwei√ü sch√∂n ab."
27. August 2014,5.0 von 5 Sternen,Sehr Gut,"Ich mag ihn. am liebsten w√ºrde ich ihn nicht mehr ausziehen.,er l√§sst sich angenehm tragen und passt gut. etwas eng beim rein kommen, aber hat man ihn an ist das gef√ºhl einfach sch√∂n.,beim Sport st√ºtzt er optimal und auch verschwitzt nach dem Sport wieder raus kommen ist kein gro√ües Problem."
8. Februar 2014,5.0 von 5 Sternen,super bequem und perfekte Anpassung :),Dieser Sport-BH von Nike ist sein Geld echt wirklich wert! Ich hatte bisher schon verschiedene Sport-BHs von anderen Marken und hatte eher mittelm√§√üige Erfahrungen gesammelt. Doch dieser sitzt super und alles bleibt dort wo es sein soll :) Er eignet sich auch zum Joggen. Absolut weiterzuempfehlen!
17. Mai 2013,5.0 von 5 Sternen,H√§lt,"Wie alle Sport-BHs ist auch dieser nat√ºrlich etwas schwieriger anzuziehen.,Aber mit L und 85 C habe ich genau die richtige Gr√∂√üe genommen. Es wackelt nichts, der BH ist sehr angenehm auf der Haut (also kein Scheuern, jucken oder kratzen beim Sport) und ich w√ºrde ihn jederzeit wieder kaufen!"
2. Februar 2012,3.0 von 5 Sternen,Sch√∂n aber passt nicht,"Ich habe mir diesen BH aufgrund der vielen guten Bewertungen gekauft, muss aber leider sagen, dass ich mich diesen nicht so ganz anschlie√üen kann.,Der BH ist sehr gut verarbeitet, hat keine kratzenden N√§hte oder √§hnliches und ist in diesem Punkt (Qualit√§t) nach meinem Eindruck sehr gut.,Aber ich finde er sitzt nicht gut. Hatte ihn aufgrund der Gr√∂√üentabelle in Gr√∂√üe M bestellt (ich trage sonst 75E)und finde ihn im Unterbrustbereich zu locker, so dass die Brust nach unten wegrutscht. Des Weiteren finde ich ihn auch vom Halt absolut nicht ausreichend. Deswegen kann ich ihn f√ºr eine gro√üe Oberweite, insbesondere mit geringem Unterbrustumfang nicht empfehlen.,F√ºr geringen Halt (einfach so zur Bequemlichkeit) ist er aber sicher top."
20. M√§rz 2015,5.0 von 5 Sternen,Top Sport-BH,"Also ich bin super zufrieden. Wirklich schwer einen so guten Sport-BH zu finden, wo wirklich alles an Ort und Stelle sitzt und auch dort bleibt. Nichts wackelt, nichts quetscht, einfach gem√ºtlich, sowohl zum laufen als auch f√ºr den Krafdtsport!!! Ich werd mir noch weitere bestellen"
18. Mai 2015,2.0 von 5 Sternen,war zu Beginn begeistert,"...weil die Passform echt toll war und der BH sehr angenehm zu tragen. Jetzt nach vielen Waschvorg√§ngen, ca. nach einem halben Jahr habe ich dieselben Probleme wie bei den g√ºnstigeren Varianten. Die Kombination des Gummis und Schwei√ü verursacht bei mir Sch√ºrfwunden."
31. August 2014,5.0 von 5 Sternen,Toller Sportbh!,"Dieser Sportbh l√§sst sich super tragen!,Klar, das Anziehen ist nicht so angenehm, aber daf√ºr h√§lt er alles dort, wo es sein sollte.,Ich bin eher schlank,trage 75B und wusste aufgrund der vorherigen Rezensionen nicht, ob ich ihn eine Nummer gr√∂√üer bestellen sollte.,Ich habe mich f√ºr S entschieden und nichts bereut. Er sitzt eng und sicher. Sollte man allerdings eine gr√∂√üere Brust und Umpfang haben, empfehle ich eine Nummer gr√∂√üer zu bestellen. :-),Ich gehe joggen und hierf√ºr ist er super geeignet!"
4. Oktober 2011,5.0 von 5 Sternen,sehr guter Sport-BH,"Ich habe mir diesen Sport BH an einem Donnerstagabend gekauft und der kam schon Samstagmorgen an:) schnelle Lieferung!!,Das Tragegef√ºhl ist super :) ich spiele mit diesem BH Fussball und er biete sehr guten halt:) Ich √ºberlege mir schon einen zweiten zu holen:)"
16. April 2014,5.0 von 5 Sternen,pa√üt super!,"Die Gr√∂√üe S war allerdings sehr klein, obwohl ich sonst immer S trage. Aber M pa√üt super und macht eine sehr sch√∂ne Form! Jederzeit zu empfehlen!"
3. Mai 2015,5.0 von 5 Sternen,Produkt ist Geld wert!,"Bisher hatte ich nur Sport BHs aus diversen Discountern und habe deshalb lange √ºberlegt ob ich wirklich so viel Geld ausgeben m√∂chte.,Ich muss sagen dass ich jetzt wirklich froh dar√ºber bin. Produkte kann man echt nicht vergleichen der Stoff ist super und wird auch nicht bei wirklich anstrengenden Sportarten wie Badminton oder Joggen nicht weiter oder leiert sich aus. Das Material tr√§gt sich super auf der Haut und er h√§lt auch alles auf seinen Platz üòÜ"
17. Juni 2013,3.0 von 5 Sternen,F√§llt klein aus...,Ich habe diesen Sport BH in Gr√∂√üe S bestellt. Ich habe ein  80 A K√∂rbchen. Ich konnte ihn beim besten Willen nicht einmal anprobieren so eng war er. Von der Qualit√§t hat er einen guten Eindruck gemacht.
4. Dezember 2014,5.0 von 5 Sternen,ALLES SITZT!,"Ich war mir nicht sicher, ob dieser BH das verspricht, was er sagt aber ich bin √ºberw√§ltigt und habe ihn mir gleich noch einmal in einer anderen Farbe bestellt.,Ich trage generell 75 B und habe mir den BH in M bestellt.,Er ist unglaublich bequem, es zwickt nichts, alles sitzt und man schwitzt auch nicht so sehr.,Ich kann ihn nur empfehlen!"
25. November 2014,5.0 von 5 Sternen,Toller Sport BH,"Ich habe diesen tollen Sport BH gleich dreimal f√ºr meine Tochter bestellt. Es ist ihr Lieblingsst√ºck geworden, sie spielt Faustball und zieht ihn zum Zraining und auch zu den Bundesliga Spieltagen immer an. Der BH gibt der Brust guten Halt , sitzt perfekt, engt aber nicht ein ! Eine Superqualit√§t, die ich nach den Aussagen meiner Tochter nur empfehlen kann :-)"
27. M√§rz 2015,5.0 von 5 Sternen,Sehr angenehm zu tragen,"Der Sport-BH ist super angenehm zu tragen. Beim Sport, auch beim starken schwitzen, ist nichts von dem BH zu merken. Nicht dr√ºckt und zwickt.,Trotzdem sitzt er sehr gut. Auch wenn der BH zum Laufen oder f√ºr √§hnliche Sportarten zu ""leicht"" sitzt und nicht richtig h√§lt ist er ansonsten f√ºr leichtere Sportarten sehr gut geeignet!"
18. Juli 2014,5.0 von 5 Sternen,In der richtigen Gr√∂√üe ein Hit,"Ich hatte den Nike Pro Bra zuerst in einer S bestellt, da ich dachte, kleine Oberweite bedeutet gleich kleine Gr√∂√üe. Diese Annahme war falsch.,Ich ben√∂tige eine L und habe K√∂rbchengr√∂√üe 80A.,Mit der L bin ich aber sehr zufrieden, trage ihn sowohl beim Joggen als auch zum Beachvolleyball. Er bleibt angenehm trocken beim Sport und ist auch noch nach ca 4mal Waschen in Topform. Ich denke, ich werde lange etwas von diesem Teil haben."
1. Mai 2014,4.0 von 5 Sternen,Preis-Leistungsverh√§ltnis?,"Ich habe an dem BH nichts auszusetzen. Ich habe ihn in Gr√∂√üe M bestellt und er sitzt gut, auch die Optik gef√§llt mir. Ich habe diesen BH jedoch zu einem reduzierten Preis erworben. 35 Euro ist meines Erachtens nicht gerechtfertigt, da tut es genauso gut ein BH f√ºr 22 ‚Ç¨ von Puma (den ich auch besitze). Daher ein Punkt Abzug."
5. August 2014,5.0 von 5 Sternen,Tolle Farbe und gute Passform,"Sieht toll aus, gute Qualit√§t und sitzt sehr gut. Ich mag keine B√ºgel BHs und das ist bei gro√üer Oberweite eine echte Herausforderung gute BHs zu finden. Mit diesem bin ich total zufrieden."
8. September 2014,5.0 von 5 Sternen,Perfekt,"Ich bin Cheerleader. Da sind die Nike Pros quasi ein muss :D,sie sind super bequem und geben den n√∂tigen halt bei sportlichen Aktivit√§ten.,Er h√§lt alles dort wo es sein muss."
30. November 2014,5.0 von 5 Sternen,Sitz super und erf√ºllt seinen Zweck.,Mit Nike kann man eigentlich nichts falsch machen... Er passt einfach super und ist sehr bequem. F√ºr den regelm√§√üigen Ausdauersport einfach ideal und erf√ºllt seinen Zweck vollkommen.
18. Februar 2015,5.0 von 5 Sternen,Super Halt,"Bei eine K√∂rbchengr√∂√üe von 80 D ist es nicht einfach einen Sport BH zu finden, der wirklich Halt gibt. Ich habe bereits einige von Nike und auch der h√§lt, wie ich es erwartet habe!"
4. Februar 2015,2.0 von 5 Sternen,Without support pad should be stated at first!,Without the support pads should be stated at first! much misunderstanding from the product description. the introduction should be included if it could be machinery cleaning or not
8. Januar 2015,5.0 von 5 Sternen,"Perfekt,","Der beste  Sport-BH, den ich mir vorstellen k√∂nnte! (Gr√∂√üe S),Kein Verrutschen, keine st√∂renden Verarbeitungsfehler, angenehmer Tragekomfort und pflegeleicht in der Reinigung."
18. Oktober 2013,5.0 von 5 Sternen,Tolle Qualit√§t,"Der Nike-""BH"" hat eine tolle Qualit√§t. Der Stoff ist sehr fest. Lieber 2 Gr√∂√üen bestellen und austesten, welche besser passt. Er sitzt extrem eng, etwas weitet er sich aber noch."
26. Februar 2014,5.0 von 5 Sternen,Gute Qualit√§t,"Ich habe eine sehr gro√üe Oberweite, generell Brustumfang 85. Passt, super zufrieden. W√ºrde ich f√ºr das Geld wieder kaufen. keine Bauwolle, aber das st√∂rt mich pers√∂nlich nicht."
4. Juni 2014,5.0 von 5 Sternen,Tr√§gt sich super!,"Arikel f√ºr den Radsport gekauft und tr√§gt sich super,,da sehr weiches anschmiegsames atmungsaktives Material.,Gr√∂√üe L passt sehr gut, obwohl ich sonst M trage."
28. Juni 2013,5.0 von 5 Sternen,Super!!,"Habe mir den Sport BH in M bestellt. Er passt mir sehr gut, ist angenehm zu tragen und alles sitzt beim Zumba, wo es auch sitzen soll ;) Kann ihn nur weiterempfehlen!"
11. Mai 2015,5.0 von 5 Sternen,Toller BH,"5 Sterne f√ºr einen tollen, bequemen BH, der weder einschneidet - noch einengt. War zun√§chst abgeschreckt vom Preis, kann mich jedoch bis heute nicht beklagen. Qualit√§t, Verarbeitung und Halt sind echt super."
10. Oktober 2014,5.0 von 5 Sternen,Sehr guter Sport BH,"Habe den Sport BH bereits mehrere Male getragen. Auch nach dem Waschen ist alles super. Keine Ver√§nderung vom Stoff. Sitzt sehr angenehm und h√§lt was er verspricht.,Kann ich nur weiterempfehlen!"
28. November 2012,5.0 von 5 Sternen,Da wackelt nichts,"Der Sport-BH sitz echt stramm. Da bewegt sich so gut wie nichts mehr, guter Halt vor allem auch beim Laufen oder springen. Auf Dauer wird er unbequem, aber man tr√§gt ihn  ja nur zum Sport. Ein top Produkt."
4. Juni 2014,4.0 von 5 Sternen,TOP,"Schnelle Lieferung - so mu√ü das sein. :-),Angezogen und im ersten Moment etwas zu gro√ü, aber nach der ersten W√§sche passt er jetzt.,Super bequem, nix verrutscht.,W√ºrde ich wieder kaufen."
29. Mai 2015,3.0 von 5 Sternen,Sch√∂nes Material. Leider zu eng.,"Leider zu klein. Mit 85B schn√ºrt ""M"" leider ein und dr√ºckt alles ab. Zudem ist keine √ñffnung am SportBH der ""Einstieg"" erfolgt also √ºber Kopf... Geschmacksache! Das Material ist gut."
10. Mai 2014,4.0 von 5 Sternen,Hochwertiges Produkt,"Der Sport BH tr√§gt sich gut, der Unterbrustumfang k√∂nnte bei Gr√∂√üe S etwas breiter sein. Ansonsten h√§lt er alles in Form, ist bequem und hochwertig verarbeitet.,Lieferung schnell und p√ºnktlich."
12. Januar 2015,1.0 von 5 Sternen,H√§lt nicht...,"Leider hat er f√ºr mich zu wenig halt. Ich trage bei Kleidung sonst immer S/M und habe 75B, die Gr√∂√üe M war hier viel zu durch. Au√üerdem zeichnet sich von der Brust alles ab.,Ging leider zur√ºck"
17. August 2014,5.0 von 5 Sternen,Daumen hoch!,"Sitzt gut, h√§lt was er halten muss und sieht auch noch super aus. Ich trage eigentlich Gr√∂√üe S aber da die meisten Sport BH's kleiner ausfallen hab ich den mir in M gekauft und das war auch gut so."
31. M√§rz 2011,5.0 von 5 Sternen,Super Sport-BH,"Ich war sehr √ºberrascht √ºber Passform und Tragekomfort. Der BH hat eine super Kompression, sodass ""Frau"" sich beim Sport, vorallem beim Joggen, rund um wohlf√ºhlen kann. Super angenehm zu tragen."
28. August 2011,5.0 von 5 Sternen,Perfekt,"Super Material, sehr gute Verarbeitung, optimale Trageform, Schnitt ist perfekt, f√§llt klein aus, zu empfehlen eine Nummer gr√∂√üer zu bestellen... sehr gut beim Laufen, nix reibt, zwickt usw."
30. Januar 2015,5.0 von 5 Sternen,Passt super...,"Ich trage normalerweise Kleidergr√∂√üe S und habe 75 C. Ich habe mir den Sport-BH in M bestellt und er passt perfekt. Ich ziehe ihn sehr gerne zum Sport an, da er angenehm zu tragen ist und seinen Sinn trotzdem erf√ºllt (auch beim Laufen)."
9. Mai 2012,5.0 von 5 Sternen,Perfekter Halt!,"Habe mir in letzter Zeit schon einige Sport-bh's bestellt, die ich leider alle zur√ºck schicken musste. Aber dieser bleibt bei mir:)! Sehr guter Halt beim Joggen. Sitzt wie eine zweite Haut, werde mir mit Sicherheit noch einen bestellen."
12. M√§rz 2015,5.0 von 5 Sternen,Super :),"Super Teil :) Allerdings sollte man es eine Nummer gr√∂√üer bestellen. Trage sonst immer XS bei anderen Oberteilen, aber die Gr√∂√üe kneift bei dem BH dann doch sehr. In S hat es super gepasst. Er gibt guten Halt und sieht sehr gut aus!!"
18. November 2014,5.0 von 5 Sternen,Super Tragekomfort,"Super Preis-Leistungsverh√§ltnis, auch nach jahrelangem Tragen beim Laufen, Aerobic etc. und vielfachem Waschen hat der Sport-BH seine Form und St√ºtzkraft behalten. Ich finde ihn praktisch, er verrutscht nicht (!) und macht alles mit."
29. Juni 2014,5.0 von 5 Sternen,viel zu eng,"Der Sport BH ist viel zu eng geschnitten und das Material sehr dick, was da Anziehen sehr schwer macht und die Brust einfach nur platt dr√ºckt. F√ºr eine gro√üe Oberweite nicht geeignet, oder man m√ºsste es zwei Nummern gr√∂√üer bestellen."
24. Juni 2014,5.0 von 5 Sternen,Sehr zufrieden..,"Ich bin zufrieden. Allerdings - h√§tte ich gewusst, dass der Sport-BH kleiner ausf√§llt, h√§tte ich gleich eine Nr. gr√∂√üer bestellt. :),Aber ich trage ihn gerne, er hat einen guten Halt.,Ich w√ºrde ihn weiterempfehlen."
12. M√§rz 2014,5.0 von 5 Sternen,1a Sport BH,Super Sport BH. 1a Tragekompfort. Trage Gr√∂√üe L bei 80B und trainierten Oberk√∂rper. Alles h√§lt. Der Sport BH ist jeden Cent wert. Habe schon einige und werde mit Sicherheit diesen Sport BH immer und immer wieder kaufen.
2. Februar 2014,5.0 von 5 Sternen,H√§lt und h√§lt und h√§lt...,Ein sehr guter Sport Bh. Ich habe ihn seit mehr als 2 Jahren in dauerndem Gebrauch und er hat seine Form noch nicht verloren. F√ºr Sportarten wie Yoga oder Aerobic ist er gut geeignet und sieht zudem auch noch chick aus.
1. Februar 2015,5.0 von 5 Sternen,Perfekter Halt,"Der Sport-BH sitzt sehr gut und ist kaum zu sp√ºren. Ich habe ihn auch in Gr√∂√üe M bestellt, obwohl ich Gr√∂√üe S habe. Er passt genau und d√ºrfte auch nicht weiter sein. Diesen BH w√ºrde ich mir sofort wieder bestellen."
29. September 2014,4.0 von 5 Sternen,Sehr starke Kompression,"Der Halt ist super. Hinten finde ich den BH-etwas zu kurz. Bei meiner normalen BH-Gr√∂√üe 75C reicht die M v√∂llig aus. Er sitzt nat√ºrlich sehr eng, muss ja so weil ja sonst nicht ausreichend Halt vorhanden ist."
11. Mai 2015,5.0 von 5 Sternen,Top!,"Habe B75 und Kleidergr√∂√üe S und der BH passt mir wie angegossen in Gr√∂√üe S! Fiel weder zu klein, noch zu gro√ü aus. Bin auch sehr zufrieden mit dem Halt."
15. Januar 2012,4.0 von 5 Sternen,"Gutes Produkt, zu wenig Information.","Ich hatte mir den BH eigentlich f√ºrs Joggen gekauft, war mir aber von vornherein nicht sicher ob er f√ºr meine oberweite(D) geeignet ist. Als ich das Produkt in den H√§nden hielt dachte ich meine Antwort zu haben, denn es ist beschrieben inwiefern der BH f√ºr die verschiedenen Cups zu empfehlen ist. F√ºr mich war er eigentlich nicht passend(laut beschreibung) Ich habe ihn aber trotzdem ausprobiert und festgestellt dass es viel besser h√§lt als laut beschreibung erwartet und habe mich dann doch f√ºr den kauf entschieden. Nun bin ich sehr gl√ºcklich mit dem Produkt und benutze es st√§ndig. Ich spiele darin volleyball fahre fahrad betreibe ""krafttraining"":D und cardio workouts und es h√§lt alles super und tut auch nicht weh im gro√üen und ganzen ist der BH wirckling zu empfehlen nur bei gr√∂√üen √ºber D sollte man es sich besser genaure √ºberlegen."
27. Februar 2012,5.0 von 5 Sternen,super :),"Einfach nur zufrieden. Preis-Leistung top. Gr√∂sse passt, aber M w√§re auch ok, ich trage normalerweise 75B. Sehen also gut aus und erf√ºllen ihren Zweck"
7. Januar 2012,5.0 von 5 Sternen,Super Sport-BH,"Hab den BH gleich beim joggen ausprobiert, Sitzt perfekt, scheuert nicht, toller Tragekomfort, merkt man kaum, hab mir gleich noch einen BH bestellt"
17. September 2011,5.0 von 5 Sternen,Sehr gute Qualit√§t,"Dieser Sport BH ist echt klasse. Optimaler Halt beim Laufen und er ist supeer bequem.,Lieferung dieses Artikels erfolgte sehr schnell! Gerne wieder!"
24. Januar 2014,5.0 von 5 Sternen,"Bequem, chic, funktional","Der Sport-BH erf√ºllt alle Anforderungen und ist dabei noch bequem und sieht gut aus. Er h√§lt gut auch bei ""hoher belastung"" (z.B. Springen)."
10. Juli 2014,5.0 von 5 Sternen,Super Tragekomfort,Mein Tochter tr√§gt diesen Sport BH am liebsten. es ist ein super Material und hat hohen Tragekomfort. Der Preis ist auf alle F√§lle gerechtfertigt.
7. September 2014,5.0 von 5 Sternen,A. S.,"Bequem, preislich top, Sehr gute Qualit√§t und angenehmer als normaler BH. Geeignet f√ºr jeden Sport, beim Joggen super Halt! Ich bin begeistert :)"
11. September 2011,5.0 von 5 Sternen,schnelle Lieferung,Der Nike Damen-BH Bra kam sehr schnell bei mir an. Er ist weitaus g√ºnstiger als im freien Handel und von sehr guter Qualit√§t. Bin sehr zufrieden.
23. April 2015,3.0 von 5 Sternen,F√§llt klein aus,"Ich trage normalerweise 75 C und mir hat dieser BH leider √ºberhaupt nicht gepasst, er war deutlich zu klein. Sollte m.E. gr√∂√üer bestellt werden."
23. M√§rz 2015,5.0 von 5 Sternen,Sehr gut,"Sitzt gut, ist bequem und h√§lt alles was gehalten werden musst ;-) Top! Ist auf jeden Fall weiter zu empfehlen."
17. Februar 2013,5.0 von 5 Sternen,Guter Sport BH,"Ich trage 75B und hab ein paar Kilo mehr.Habe den BH in S & M  bestellt. M passt perfekt und ist angenehm zu tragen. Die Gr√∂√üe S passt auch, sitzt aber wesentlich enger und der Anziehaufwand  ist wesentlich schwieriger. Trage den BH beim Zumba und zum reiten und er sitzt bei beiden Aktivit√§ten Super."
23. April 2012,5.0 von 5 Sternen,Super Halt und tolle Passform,"Habe schon mehrere Sport-BHs ausprobiert, aber bei diesen von Nike bin ich mit Abstand am zufriedensten! Starker Halt vor allem bei Sportarten wo man sich viel bewegt (Joggen, Boxen, etc.). Klar geht das Ausziehen bisschen schwieriger nach dem Sport als bei BH's mit Hakenverschlu√ü, daf√ºr verrutscht oder dr√ºckt nichts!,Ich f√ºhle mich perfekt gesch√ºtzt und gest√ºtzt! So soll es auch sein! Und bei dem Preis auch g√ºnstiger als im Sportgesch√§ft!,5 Sterne und mehr!"
22. Dezember 2012,5.0 von 5 Sternen,"sitzt perfekt, super Material und Verarbeitung","Habe zur Sicherheit mehrere Gr√∂√üen bestellt, weil das bei anderen Versuchen schon ziemlich zuf√§llig war mit den Gr√∂√üenangaben. Aber M hat perfekt gepasst (ich habe 75 B). Er macht alle Bewegungen mit ohne dass etwas verrutscht. Die Schulterbl√§tter sind komplett frei. War so begeistert, dass ich gleich noch einen bestellt habe.,Wie er sich beim Waschen verh√§lt, habe ich jetzt noch nicht getestet, aber das Material wirkt grundsolide."
6. August 2013,4.0 von 5 Sternen,Sehr zu empfehlen!,"Da ich absolut unsicher war,welche Gr√∂√üe ich letztlich wirklich brauche,habe ich einfach von XS-M alles bestellt.Wer schmal ist und BH-Gr√∂√üe 75 B-C hat,kann beruhigt XS bestellen!!,Beim Auspacken war ich etwas skeptisch.XS sah schon beim Anhalten zu breit aus und wirkte so kurz,als s√§√üe meine Brust danach unter meinem Kinn...,Habe ihn trotzdem anprobiert und tadaaaa,er sa√ü perfekt!,Sitz an der Brust sch√∂n eng und auch unter der Brust wird alles super gehalten,,ohne dass sie bis unter mein Kinn gezogen wird :D,Nichts dr√ºckt oder schn√ºrt,ist angenehm zu tragen,allerdings sind die N√§hte unter den Armen,nicht perfekt verarbeitet, das Entst√ºck piekst leicht(der Faden wurde wahrscheinlich erhitzt).Aber kurz abpfeilen und die Welt ist wieder in Ordnung ;),Kan dieses Produkt also definitiv empfehlen!"
15. Februar 2012,5.0 von 5 Sternen,Sport bh Nike,"Toller Sport BH F√ºr junge M√§dchen. Meine Tochter ist so schmal, das ein normaler bh nicht passt.,Die Sport BHs von Nike sitzten optimal und meine Tochter f√ºhlt sich wohler beim Sport."
26. Oktober 2014,3.0 von 5 Sternen,F√§llt klein aus,"Musste ihn zur√ºckschicken weil er zu eng war. Normalerweise habe ich Gr√∂sse 75 b oder Gr√∂sse 38/40.,Ausserdem ist er hinten nicht zu √∂ffnen, was das An- bzw. Ausziehen erschwert."
24. September 2013,5.0 von 5 Sternen,Sch√∂nes Sporttop,Sieht sch√∂n aus und h√§lt beim Dance Aerobic perfect. Gr√∂√üe M passt hervorragend bei sonstiger BH Gr√∂√üe 80 B. Ich kann das Top nur weiterempfehlen.
30. Juli 2013,5.0 von 5 Sternen,Super Sport BH,"Finde den Sport BH Super! Passform ist ideal f√ºr mich und auch das Material ist wirlich angenehm zum tragen. Auch die Bewegungsfreiheit beim Sport ist super - gerade f√ºr das Training mit Gewichten (Langhanteln) habe ich hier bei anderen Probleme gehabt, da sie nicht so gut zwischen den Schulterbl√§ttern gesessen haben. Das kann allerdings je nach Statur unterschiedlich sein denke ich. Habe mir das gute Teil gleich noch in einer anderen Farbe bestellt ;)"
4. September 2011,5.0 von 5 Sternen,Nike Trainings BH,"Die Bestellung kam super p√ºnktlich und der Trainings BH war in einwandreiem Zustand, entsprach genau der Beschreibung und hat gepasst. Prima. Ich empfehle den Verk√§ufer gerne weiter."
30. Januar 2015,5.0 von 5 Sternen,Perfekt!,Super Preis und super Qualit√§t!! Ich nutze diesen BH seit ein paar Monaten und bis jetzt sind auch noch keine Abn√ºtzungserscheinungen erkennbar.
30. Juli 2014,5.0 von 5 Sternen,Tolle Passform,Ich w√ºrde diesen Sport-BH von NIKE jeder sportlichen Frau empfehlen. Es ist ein super angenehmes Tragegef√ºhl. Perfekte Passform. Weicher Stoff.
19. Mai 2014,4.0 von 5 Sternen,Perfekter Halt,"Passt, wackelt, hat Luft :-) Nichts f√§llt raus und es h√§lt bomben fest :-) So muss es sein! Trage die Sport BH's von Nike eh am liebsten :-)"
19. April 2014,5.0 von 5 Sternen,genau so wie ich es mir vorgestellt hatte,"fester Stoff, gut verarbeitet, gibt einen tollen Halt (auch f√ºr gro√üe Br√ºste),bin begeistert - kaufe mir den Sport BH nun noch in wei√ü!"
19. M√§rz 2014,5.0 von 5 Sternen,Eng aber super,"Der SportBH h√§lt !,Leider etwas eng, aber er garaniert, dass nichts verrutscht oder √ºberm√§√üig in Bewegung kommt.,Zu Empfehlen !"
27. Februar 2015,5.0 von 5 Sternen,Perfekter Halt,"Ist echt ein super BH! Ich trage ihn f√ºr Thaiboxen wo man sich auch viel bewegt. Passt super verrutscht kaum. Top, immer wieder gerne!"
5. Mai 2015,4.0 von 5 Sternen,Sport-BH,"Dies Oberteil hat eine gute Passform und ist extrem belastbar.,Empfehle ich jeden gern weiter f√ºr Sport und Arbeit z.B. Forst."
2. Dezember 2014,4.0 von 5 Sternen,guter Sport-BH der seinen Zweck erf√ºllt,Der Sport-BH begleitet mich jetzt schon eine Weile beim Laufen. Er sitzt gut und bietet optimalen Halt ohne zu sehr einzuschn√ºren.
11. Juni 2014,5.0 von 5 Sternen,Kaufempfehlung,"Der BH ist so, wie ich es erwartet habe. Er sitzt gut und sieht gut aus. Das Material eines der ""sportlichen"" Materialien."
1. April 2014,2.0 von 5 Sternen,Gibt keinen Halt.,"Verarbeitung und Material f√ºhlen sich echt super an, aber was das St√ºtzen und Halt geben betrifft, bin ich leider nicht √ºberzeugt."
13. November 2012,2.0 von 5 Sternen,Schlechte Passform,"Ich habe mir den BH gekauft. An der Oberweite war es passend, jedoch der Gummi war total lotzig. Obwohl ich eine normale Figur habe. Ich habe mir den Gummi dann selbst enger gemacht. Jetzt passt der BH.,Ich nehme den BH zum arbeiten und kann leider nicht sagen, wie er h√§lt, wenn man Sport damit treibt"
29. November 2013,3.0 von 5 Sternen,Flach gedr√ºckt,"Macht nicht gerade den Busen sch√∂ner eher platter.Aber sieht puristisch aus mit Nike Logo was man erwartet...,F√ºr kleinere Busen eher gedacht wohl..."
20. Dezember 2013,5.0 von 5 Sternen,Einfach perfekt,"Lieferung schnell, perfekter Sitz, toller Schnitt, alles wird gut gehalten, f√§rbe bleibt auch nach dem Waschen, ein tolles Produkt aus dem Haus puma."
5. Oktober 2011,4.0 von 5 Sternen,Ich Tage Ihn nicht,"Ich Tage Ihn nicht aber meine Freundin ist damit gut zufieden.,Sie Tr√§gt in Beim Basketball.,Schnell Lieferung alles Super gelaufen"
29. Dezember 2013,2.0 von 5 Sternen,die Gr√∂√üe f√§llt hier eher als 32 aus.,die Gr√∂√üe des St√ºcks f√§llt hier eher als 32 aus. Die Ware ist zu eng und unbequem. Rezension ist zu ende
10. Juli 2013,5.0 von 5 Sternen,sehr zufrieden,nike pro sport bh ist meiner meinung nach der beste sport bh den man sich kaufen kann sowohl in der funktion als auch im aussehen.
23. Juni 2014,5.0 von 5 Sternen,Super Qualit√§t!,"Toller Sport-BH der seinen Preis definitiv Wert ist! Auch wenn nicht gerade g√ºnstig!,Auch f√ºr viel Geh√ºpfe echt super toll!"
4. Dezember 2013,5.0 von 5 Sternen,Super Teil,"Funktionell, angenehm tragbar, super schnell trocken nach dem Waschen, guter Halt auch beim Joggen und anderen sportlichen Bet√§tigungen. Unbedingt selber testen."
3. Januar 2015,2.0 von 5 Sternen,hab mehr erwartet,"Habe zwei verschiedene Gr√∂√üen ausprobiert. Beide waren an der Unterbrust viel zu eng. haben sonst aber gepasst, bzw waren etwas zu gro√ü.."
14. Juli 2014,4.0 von 5 Sternen,Sitzt super!,Er sitzt und h√§lt alles zusammen. Leider nicht sehr atmungsaktiv. Bin aber trotzdem sehr zufrieden und kann ihn nur weiterempfehlen!
6. Oktober 2014,5.0 von 5 Sternen,big like,"I love it, but its only problem is that unfortunately, the ""nike"" mark is fading away after several times of washing."
1. April 2014,5.0 von 5 Sternen,Super!,"Kam bereits 2 Tage nach Bestellung an und passt perfekt. Sieht super aus, ich bin total zufrieden, kann ich nur empfehlen"
4. Januar 2015,5.0 von 5 Sternen,Sehr gut.,"Das Produkt gef√§llt mir sehr. Es hat eine sehr gute Passform. Es sieht aus, wie auf den Bildern. Die Qualit√§t ist prima."
31. Januar 2012,5.0 von 5 Sternen,Zufrieden,Ich bin sehr zufrieden mit dem Produkt und war auch sehr zufrieden mit dem Verk√§ufer. Kann alles  nur weiter empfehlen.
21. April 2014,4.0 von 5 Sternen,Gut :),"Bei mir sitzt er gut, habe 85B und in L bestellt (meine normale Gr√∂√üe). Benutze ihn beim Sport und finde den Halt gut."
23. April 2013,5.0 von 5 Sternen,Zumba,Hab mir den Sport BH f√ºr Zumba und zum Joggen gekauft. Er hat eine gute Passform und h√§lt alles da wo es sein soll (-;
10. Juli 2014,5.0 von 5 Sternen,Perfekt,"Alles passt super, bietet auch wirklich guten Halt. Bin sehr zufrieden & kann's nur weiterempfehlen! :) :) :) :) :)"
17. Juli 2014,5.0 von 5 Sternen,H√§lt was es verspricht,"Ich mag diesen Sport BH... Er sieht nicht nur gut aus, er h√§llt auch super. Der Preis ist auch gut. Sehr bequem."
25. Oktober 2013,5.0 von 5 Sternen,1A,Meine Freundin ist damit sehr zufrieden! Die Gr√∂√üen stimmen 1zu1 √ºberein und somit kam es hier zu keinen komplikationen :)
15. Oktober 2013,5.0 von 5 Sternen,Super,Auch f√ºr eine gr√∂√üere Oberweite ( 80 D) sehr gut geeignet - Sehr gute Verarbeitung und Passform. Zu diesem Preis wirklich ein Kauftipp!
13. Oktober 2013,4.0 von 5 Sternen,super,"Der Bra ist optimal f√ºr mich. Er h√§lt, was er verspricht. Ich kann mich beim Sport nicht dar√ºber beschweren ."
9. Januar 2012,2.0 von 5 Sternen,"Qualit√§t gut, schlechte Passform","+ Die Qualit√§t ist gut.,- Schlechte Passform, im R√ºcken in Gr√∂√üe M viel zu eng (!), in Gr√∂√üe L viiiiiel zu weit!,Leider wieder zur√ºckgeschickt.,2 Sterne f√ºr den unkomplizierten Versand bei Amazon."
29. M√§rz 2013,5.0 von 5 Sternen,Super!!,"-Sehr schnell Lieferung,- Passt mir mit einer 34 und 75 C,-engt nicht ein und h√§lt super,- gut verarbeitet, keine kratzige Naht oder so,- trocknet schnell,- Nachtteil: kein Bisschen gepolstert, d.h man sieht alles,Also 5 Sterne :)"
4. September 2011,4.0 von 5 Sternen,Bewertung,"Bin mit dem Artikel sehr zufrieden. habe den auch schon an freunde und bekannte Weiter empfohlen.,Mit freundliche gru√ü,Elisabeth lenz"
3. M√§rz 2013,5.0 von 5 Sternen,Damen BH Nike,Guter Einkauf. Gerne wider. Und ich weis nicht warum die Bewertung unbedingt so lange sein muss. Aber warum nicht. Danke
