appendComment,pics,rateContent,rateDate,reply,serviceRateContent,userInfo
,,很满意Sehr zufrieden,2015-05-22 23:47:462015.05.22 23.47.46,,,
,,"物流很快，东西稍微贵了点Logistik schnell, etwas ein wenig hoch",2015-05-22 23:01:102015.05.22 23.01.10,,,
,,"很舒服，跑步非常爽Sehr komfortabel, sehr cool Lauf",2015-05-22 22:43:302015.05.22 22.43.30,,,
,,"很好，很合身。Sehr gut, sehr fit.给卖家点赞，服务很好。Zeigen Sie auf den Verkäufer, guter Service loben.",2015-05-22 20:18:552015.05.22 20.18.55,,,
,,有色差Es Farbe,2015-05-22 18:09:072015.05.22 18.09.07,,,
,,"不错，是真品，面料很好，以后继续关注。Ja, es ist echt, guter Stoff, weiterhin auf die Zukunft konzentrieren.",2015-05-22 14:07:452015.05.22 14.07.45,,,
,,"身上穿着好多纹理，不满意了Trägt eine Menge Textur, nicht erfüllt",2015-05-22 14:04:322015.05.22 14.04.32,,,
,,"送了购物袋，东西不错，好评Senden Sie eine Einkaufstasche, etwas Gutes, Lob",2015-05-22 13:13:472015.05.22 13.13.47,,,
,"//img.alicdn.com/bao/uploaded/i3/115430100864025725/TB246UocFXXXXXGXXXXXXXXXXXX_!!679911543-0-rate.jpg,//img.alicdn.com/bao/uploaded/i3/115430100864026715/TB2zXgbcFXXXXcSXXXXXXXXXXXX_!!679911543-0-rate.jpg//img.alicdn.com/bao/uploaded/i3/115430100864025725/TB246UocFXXXXXGXXXXXXXXXXXX_!!679911543-0-rate.jpg,//img.alicdn.com/bao/uploaded/i3/115430100864026715/TB2zXgbcFXXXXcSXXXXXXXXXXXX_!!679911543-0- rate.jpg",180        140      L的刚刚好180 140 L ist gerade gut,2015-05-22 12:13:392015.05.22 00.13.39,,,
,,绝对超值。Absolutwert.棒！Großartig!！!！!,2015-05-22 12:01:272015.05.22 12.01.27,,,
,//img.alicdn.com/bao/uploaded/i3/10857096167256079/TB2YRP6cFXXXXbdXpXXXXXXXXXX_!!1902140857-0-rate.jpg//img.alicdn.com/bao/uploaded/i3/10857096167256079/TB2YRP6cFXXXXbdXpXXXXXXXXXX_!!1902140857-0-rate.jpg,"正品 超值 快递给力 一天就到了 客服人不错 号码大小正好Authentic Premium-Kurier zu zwingen, einem Tag auf den Kunden-Service waren gut Nummern richtige Größe",2015-05-22 10:29:202015.05.22 10.29.20,,,
,,正品Authentisch,2015-05-22 10:20:472015.05.22 10.20.47,,,
,,质量很好。Gute Qualität.无色差。Ohne Farbe.贴身很舒适。Sehr angenehm auf der Haut.很合身Sehr fit,2015-05-22 10:20:192015.05.22 10.20.19,,,
,,"183cm 85kg L号很有包裹感183cm 85kg L Nummer ist nützlich, Sinn für das Paket",2015-05-22 09:56:402015.05.22 09.56.40,,,
,,"东西很好，昨天穿了刚刚好！Etwas Gutes gestern, tragen genau das Richtige!我180、74kg！Ich 180,74kg!很不错，就是客服比较傲，经常不回复。Sehr gut, ist es relativ stolz auf die Kunden-Service, die oft nicht reagieren.",2015-05-22 09:41:502015.05.22 09.41.50,,,
,,"不错，NIKE 产品质量没以前好了也是事实，Ja, das ist NIKE Produktqualität nicht so gut ist, dass,",2015-05-21 23:24:512015.05.21 23.24.51,,,
,,很好Gut,2015-05-21 22:13:372015.05.21 22.13.37,,,
,,很好Gut,2015-05-21 22:13:372015.05.21 22.13.37,,,
,,不错Recht,2015-05-21 20:03:102015.05.21 20.03.10,,,
,,还行Okay,2015-05-21 19:38:332015.05.21 19.38.33,,,
,,还行Okay,2015-05-21 19:38:332015.05.21 19.38.33,,,
,,"和专卖店的一样，很好Und speichert, als auch",2015-05-21 18:10:522015.05.21 18.10.52,,,
,,"之前买了一件黑色的，这次买件紫色的。Vor dem Kauf eines schwarzen, dieses Mal ein Stück von lila zu kaufen.一如既往的好，希望多上架一些颜色的。Immer gut, ich hoffe, mehr Regale von etwas Farbe.",2015-05-21 17:21:162015.05.21 17.21.16,,,
,,"衣服很不错。Sehr gute Kleidung.另外，希望改进以下两点：1.腋下舒适度 2.胸口前稍微加点图案，这样外穿时显得不是很单调。Darüber hinaus der Wunsch, die beiden folgenden Punkte zu verbessern: 1. Achselhöhle ein wenig Komfort Muster 2. Vor der Brust, so dass es nicht sehr eintönig, wenn Waichuan.因为我以后还会买。Da werde ich kommen, um zu kaufen.。.所以希望改进的更好一些。Wir hoffen, besser zu verbessern.另外希望各个颜色都有，不要缺货。Auch wir hoffen, dass alle Farben sind, nicht aus.。.",2015-05-21 17:18:442015.05.21 17.18.44,,服务态度很好。Guter Service Haltung.,
,,"很好，穿着舒服Nun, angenehm zu tragen",2015-05-21 13:19:282015.05.21 13.19.28,,,
,,"挺好，就是儿子太瘦，穿不出效果Sehr gut, ist der Sohn des dünnen, tragen keine Wirkung",2015-05-21 13:13:472015.05.21 13.13.47,,,
,,"顺丰太给力啦！Viel Glück zu, um es zu zwingen!第二天就到了！Am nächsten Tag auf!不错！Ja!就是吊牌上没有价格是怎么回事？Kein Preisschild auf, wie die Sache?",2015-05-21 12:58:442015.05.21 12.58.44,,,
,//img.alicdn.com/bao/uploaded/i4/103320100773673449/TB2GhDEaXXXXXbDXpXXXXXXXXXX_!!338380332-0-rate.jpg//img.alicdn.com/bao/uploaded/i4/103320100773673449/TB2GhDEaXXXXXbDXpXXXXXXXXXX_!!338380332-0-rate.jpg,"耐克就是有实力，不错质量依旧给力！Nike ist stark, gute Qualität ist immer noch an die Macht!以后继续支持Nach der anhaltenden Unterstützung",2015-05-21 10:43:342015.05.21 10.43.34,,,
,,真的非常好Wirklich gut,2015-05-21 01:45:342015.05.21 01.45.34,,,
,,衣服很棒！Kleidung great!很喜欢！Gefällt mir!发货物流非常快！Versandlogistik sehr schnell!非常愉快的一次购物！Sehr angenehmes Einkaufen!,2015-05-20 21:33:452015.05.20 21.33.45,,,
,"//img.alicdn.com/bao/uploaded/i1/18163081689573071/TB2od9iXFXXXXbpXpXXXXXXXXXX_!!663478163-0-rate.jpg,//img.alicdn.com/bao/uploaded/i1/18163096021844326/TB2qhbFXFXXXXbtXpXXXXXXXXXX_!!663478163-0-rate.jpg//img.alicdn.com/bao/uploaded/i1/18163081689573071/TB2od9iXFXXXXbpXpXXXXXXXXXX_!!663478163-0-rate.jpg,//img.alicdn.com/bao/uploaded/i1/18163096021844326/TB2qhbFXFXXXXbtXpXXXXXXXXXX_!!663478163-0- rate.jpg",男友穿着好瘦 质量还不错 穿着舒服Boyfriend tragen gute Qualität ist auch gut und angenehm zu tragen dünne,2015-05-20 18:14:132015.05.20 18.14.13,,,
,,正品！Genuine!包装好！Lunch!旗舰店值得信赖！Flagship-Store des Vertrauens würdig!,2015-05-20 14:57:342015.05.20 14.57.34,,,
,,好Okay,2015-05-20 14:42:512015.05.20 14.42.51,,,
,,"试穿过了，质量没的说，穿起来很舒服！Anprobiert, und die Qualität hat nicht gesagt, sehr angenehm zu tragen!",2015-05-20 13:25:142015.05.20 13.25.14,,,
,,"买给孩子的...送学校去了，不知道效果如何。Gekauft Kinder zur Schule zu schicken ... Ich weiß nicht, wie effektiv.",2015-05-20 13:23:572015.05.20 13.23.57,,,
,,不错~物流很快！Gut ~ Logistik in Kürze!,2015-05-20 11:54:322015.05.20 11.54.32,,,
,,不错Recht,2015-05-20 09:54:162015.05.20 09.54.16,,,
,,"衣服很棒，正品，下次还会再来Kleidung gut, echt, beim nächsten Mal wieder kommen",2015-05-20 09:32:272015.05.20 09.32.27,,,
,,"挺好，本来感觉紧，不过还是接受了，挺好的吸汗Sehr gut, ich hatte das Gefühl, eng, aber immer noch akzeptiert, sehr gute Schweiß",2015-05-20 09:23:222015.05.20 09.23.22,,,
,,"买的正好合适，快递也很给力。Kaufen Sie genau das Richtige, zum Ausdruck bringen auch die Kraft.有发票，是正品！Rechnungen, ist authentisch!",2015-05-20 09:12:352015.05.20 09.12.35,,,
,,正品就是正品，一天到货牛Genuine echt Anreisetag Kuh,2015-05-20 07:42:022015.05.20 07.42.02,,,
,,好评Günstige Kommentar,2015-05-20 07:07:322015.05.20 07.07.32,,,
,,很好Gut,2015-05-19 20:17:112015.05.19 20.17.11,,,
,,帅........................Shuai ........................,2015-05-19 17:40:432015.05.19 17.40.43,,,
,,"儿子喜欢，正品超赞给5分Sohn mag, authentische genial zu 5 Punkte",2015-05-19 16:55:472015.05.19 16.55.47,,,
,,质量好Gute Qualität,2015-05-19 16:27:312015.05.19 16.27.31,,,
,,"非常合身，物流非常快Sehr fit, sehr schnelle Logistik",2015-05-19 16:25:452015.05.19 16.25.45,,,
,,"包装的不错，就是衣服有点长了Packaged gut, das ist ein bisschen zu lang Kleider",2015-05-19 13:52:122015.05.19 13.52.12,,,
,,"很棒，贴身感强，速干吸汗，健身首选Große, persönliche Gefühl der starken, schnell trocknend Schweiß Fitness Bevorzugte",2015-05-19 11:55:192015.05.19 11.55.19,,,
,,"衣服很好,是正品Gute Kleidung, ist echt",2015-05-19 08:28:342015.05.19 08.28.34,,,
,,感觉很棒Fühlt sich großartig,2015-05-19 07:21:492015.05.19 07.21.49,,,
,,"好评，还有发票Lob, sowie Rechnung",2015-05-19 00:41:102015.05.19 00.41.10,,,
,,真心不错！Wirklich gut!谢谢！DANKE!还会来的。Es wird kommen.,2015-05-19 00:15:032015.05.19 00.15.03,,,
,,"感觉非常棒 找到了以前想健身的感觉Es fühlt sich großartig, ein Gefühl der Fitness bisher angenommen zu finden",2015-05-18 23:16:002015.05.18 23.16.00,,,
,,很好Gut,2015-05-18 22:20:282015.05.18 22.20.28,,,
,,别的都还好...就是太长了点...要卷一卷...Andere sind in Ordnung ... das ist zu Kleinigkeit großzügig ... um Roll Roll ...,2015-05-18 21:34:152015.05.18 21.34.15,,,
,,"东西很不错，就是不知道健身时候穿吸汗效果如何？Etwas sehr gut, nur nicht wissen, wie effektiv Fitness Schweiß tragen?物流速度也快，谢谢Logistics Geschwindigkeit ist schnell, danke",2015-05-18 20:02:302015.05.18 20.02.30,,,
,,很合身！Sehr fit!不错！Ja!,2015-05-18 18:10:542015.05.18 18.10.54,,,
,,衣服拿到了 只是跟专卖店的还是有差别的。Kleidung bekam gerade jetzt zu speichern gibt es noch Unterschiede.明显质量没那么好   贵了 感觉不值这个价Offensichtlich teuer Qualität ist nicht so gutes Gefühl nicht den Preis wert,2015-05-18 16:36:312015.05.18 16.36.31,,,
,,"不错，很贴身Ja, ganz in der Nähe",2015-05-18 16:12:302015.05.18 16.12.30,,,
,,非常好Das ist gut,2015-05-18 16:07:172015.05.18 16.07.17,,,
,,衣服很好啊Kleidung sehr gut ah,2015-05-18 15:04:232015.05.18 15.04.23,,,
,,衣服有点儿偏长 还算修身Kleidung eine Länge etwas länger ziemlich schlank,2015-05-18 14:33:312015.05.18 14.33.31,,,
,,"发货速度快递 物流快 衣服穿上很满意 大小刚好Schnelle Lieferung Geschwindigkeit Express-Logistik mit genau die richtige Größe, um Kleidung zu tragen sehr zufrieden",2015-05-18 13:17:332015.05.18 13.17.33,,,
,,"感觉胸部略紧，本人175，70公斤，买L码，胸背稍紧，但下端拉直可到裤袋中部。Brust fühlt sich ein wenig eng, I 175,70 kg, L-Code kaufen, Brust und Rücken ein wenig eng, aber das untere Ende der Mitte des Richt kann, um seine Hüfte.",2015-05-18 12:42:122015.05.18 00.42.12,,,
,,正规品牌就是给力！Regelmäßige Marke ist zu zwingen!,2015-05-18 12:36:372015.05.18 12.36.37,,,
,,"应该是正品，穿了几次，还不错Sollte echt sein, tragen ein paar Mal, nicht schlecht",2015-05-18 12:15:522015.05.18 12.15.52,,,
,,"可以，有点长Ja, ein bisschen zu lang",2015-05-18 11:05:092015.05.18 11.05.09,,,
,,"衣衣很正很喜欢下次会继续光顾的~Yi Yi ist sehr positiv ist, wird die nächste, wie auch weiterhin die bevormunden ~",2015-05-18 10:49:592015.05.18 10.49.59,,,
,"//img.alicdn.com/bao/uploaded/i3/12280080763301767/TB2ADt9cVXXXXcsXXXXXXXXXXXX_!!391702280-0-rate.jpg,//img.alicdn.com/bao/uploaded/i2/12280081209592699/TB2vw49cVXXXXcNXXXXXXXXXXXX_!!391702280-0-rate.jpg//img.alicdn.com/bao/uploaded/i3/12280080763301767/TB2ADt9cVXXXXcsXXXXXXXXXXXX_!!391702280-0-rate.jpg,//img.alicdn.com/bao/uploaded/i2/12280081209592699/TB2vw49cVXXXXcNXXXXXXXXXXXX_!!391702280-0- rate.jpg",还可以吧Können Sie auch rechts,2015-05-18 07:53:262015.05.18 07.53.26,,,
,,快递很给力  包装很精致  还有发票  太满意了Express ist zu zwingen die Verpackung ist sehr fein es auch zufrieden Rechnung,2015-05-18 05:25:232015.05.18 05.25.23,,,
,,好Okay,2015-05-18 00:43:022015.05.18 00.43.02,,,
,,还行Okay,2015-05-17 22:00:292015.05.17 22.00.29,,,
,,"看到评论，确实衣服好小，要买大一个号才行，哎Siehe Kommentare, gute Kleidung wirklich klein, kaufen eine große Anzahl von den Job, hey",2015-05-17 21:55:072015.05.17 21.55.07,,,
,,不错。Ja.有点紧Ein wenig eng,2015-05-17 21:39:422015.05.17 21.39.42,,,
,,"太棒了，颜色漂亮。Fantastische, schöne Farben.",2015-05-17 19:47:252015.05.17 19.47.25,,,
,,"感觉不错，不过有点紧，可能穿穿就好了~Ich fühle mich gut, aber ein wenig eng, kann Chuan Chuan wie a ~",2015-05-17 18:40:222015.05.17 18.40.22,,,
,,不错Recht,2015-05-17 16:42:012015.05.17 16.42.01,,不错Recht,
,,"服务耐心，物品很正，就是买大了，送我爸了，建议以后买此类衣服不要只参考体重身高，重点在腰围胸围上。Patient Dienstleistungen, Waren ist sehr positiv, ist zu groß, schickte ich meinem Dad zu kaufen, und kaufen später empfohlen, solche Kleidung nicht nur Referenzgewicht für Höhe, mit Schwerpunkt auf der Taille Fehlschlag.",2015-05-17 16:36:112015.05.17 16.36.11,,,
,,发货很快！Baldiger Versand!挺棒的。Ganz-Stick.,2015-05-17 15:57:342015.05.17 15.57.34,,,
,,"身高175，体重79，先买了件L码，有点紧，再买了件XL就刚刚好Höhe 175, Gewicht 79, eine L-Code gekauft erste, ein wenig eng, kaufen ein Stück XL gerade recht",2015-05-17 12:27:522015.05.17 12.27.52,,,
,,"身高175，体重79，穿L码能挤进去，肚腩立刻勒不见，但是有点太紧了，再买一件XL蓝色Höhe 175, Gewicht 79, trägt ein L-Code kann in quetschen, aber nicht Le Bauch sofort, aber ein wenig zu eng, kaufen ein XL blau",2015-05-17 12:24:542015.05.17 00.24.54,,,
,,很多次买了Viele Male zu kaufen,2015-05-17 12:20:572015.05.17 00.20.57,,,
,,"旗舰店果然不错，客服态度好，发货快物流快，东西也放心。Flagship-Store wirklich gut, guter Kundenservice Haltung, schnelle Lieferung Logistik schneller, die Dinge gewährleistet.PRO系列实在太长了，我188cm,77KG,XXL紧是紧了，全拉开能到腿根。PRO-Serie ist zu lang, und ich 188cm, 77kg ist, XXL eng eng, und alle können in den Schritt geöffnet werden.不过，皱着穿还是挺帅的，好好健身Allerdings ist Zhou Zhao Verschleiß sehr schön, gute Gesundheit",2015-05-17 12:16:142015.05.17 00.16.14,,,
,,非常好Das ist gut,2015-05-17 11:23:372015.05.17 11.23.37,,,
,,"包装很好，应该是正品Gute Verpackung, sollte echt sein",2015-05-17 09:47:522015.05.17 09.47.52,,,
,,"衣服質量不錯，快遞給力Kleidung, gute Qualität, Express-Lieferung an die Kraft",2015-05-17 08:03:322015.05.17 08.03.32,,,
,,感觉不错Gut fühlen,2015-05-17 01:19:362015.05.17 01.19.36,,,
,,好Okay,2015-05-16 21:46:272015.05.16 21.46.27,,,
,,好Okay,2015-05-16 21:46:272015.05.16 21.46.27,,,
,,"送货迅速，昨天下单今天到，很快！Schnelle Lieferung, Bestellungen gestern bis heute, und zwar bald!质量与描述相符，有物流跟踪。Qualität mit der Beschreibung gibt es Logistik Tracking.,.",2015-05-16 20:19:562015.05.16 20.19.56,,,
,,长太多了Lange zu viel,2015-05-16 18:34:502015.05.16 18.34.50,,,
"241784894389|2015-05-16 15:58:17|物流没得说！241784894389 | 2015.05.16 15: 58: 17 | Logistik nicht zu sagen!太快了！Zu schnell!衣服至少现在看来不错，穿着也还可以，总体评价四星|0||Zumindest jetzt scheint es gute Kleidung, trug auch sein kann, Gesamtbewertung der Vier-Sterne | 0 ||",,,2015-05-16 15:57:072015.05.16 15.57.07,,,
,,从未体验过如此之快的速度。Ich habe nie eine so hohe Geschwindigkeit erlebt.质量也应该是有保证的。Qualität sollte auch gewährleistet werden.,2015-05-16 13:39:462015.05.16 13.39.46,,,
,,"身高177，体重140穿着刚刚好，非常好。Höhe 177, Gewicht 140, um nur gut, sehr gut zu tragen.",2015-05-16 12:36:112015.05.16 12.36.11,,,
,,好！Okay!！!！!服务态度好！Gute Service-Haltung!产品和描述的一样！Und Beschreibungen des gleichen Produkts!尺码大小合适！Größe die richtige Größe!,2015-05-16 11:28:152015.05.16 11.28.15,,,
,,不错Recht,2015-05-16 11:19:212015.05.16 11.19.21,,,
,"//img.alicdn.com/bao/uploaded/i4/17323080222822934/TB26HdDcVXXXXXZXXXXXXXXXXXX_!!767137323-0-rate.jpg,//img.alicdn.com/bao/uploaded/i2/17323080884406452/TB2xGtycVXXXXcvXXXXXXXXXXXX_!!767137323-0-rate.jpg,//img.alicdn.com/bao/uploaded/i1/17323080969036909/TB2exdxcVXXXXb8XXXXXXXXXXXX_!!767137323-0-rate.jpg//img.alicdn.com/bao/uploaded/i4/17323080222822934/TB26HdDcVXXXXXZXXXXXXXXXXXX_!!767137323-0-rate.jpg,//img.alicdn.com/bao/uploaded/i2/17323080884406452/TB2xGtycVXXXXcvXXXXXXXXXXXX_!!767137323-0- rate.jpg, // img.alicdn.com/bao/uploaded/i1/17323080969036909/TB2exdxcVXXXXb8XXXXXXXXXXXX_!!767137323-0-rate.jpg","没得说，版型OK 松紧OK 一切OK 运动首选，除了价格不OK 不过确实质量上没得说 NIKE还是有实力的，支持！Nicht zu sagen haben, die Version alles OK OK OK elastischen Sport der Wahl, zusätzlich zu dem Preis ist OK, aber wirklich nicht haben, um auf die Qualität oder Stärke der NIKE, Unterstützung zu sagen!顺丰更是没话说了，快SF ist keiner, und schnell",2015-05-16 10:44:532015.05.16 10.44.53,,,
,,"还好吧，很多人都有同款Okay, eine Menge Leute haben den gleichen Abschnitt",2015-05-16 08:45:522015.05.16 08.45.52,,,
,,衣服不错。Gute Kleidung.一分价钱一分货。Ein Sub-Artikeln.,2015-05-16 06:39:352015.05.16 06.39.35,,,
,,衣服不错。Gute Kleidung.一分价钱一分货。Ein Sub-Artikeln.,2015-05-16 06:39:352015.05.16 06.39.35,,,
"241717233782|2015-05-18 16:36:19|174cm 80KG 穿L码稍微有点小，肚子大了穿起就感觉很搞笑了|16||241717233782 | 2015.05.18 16: 36: 19 | 174cm 80KG Abnutzung L Code ein wenig zu klein, dicker Bauch trägt sich sehr lustig | 16 ||",,,2015-05-16 01:43:132015.05.16 01.43.13,,,
,,很清爽的衣服Sehr coole Klamotten,2015-05-16 01:16:562015.05.16 01.16.56,,,
,,"真心不错，穿上很舒服，一定会来买第二件的！Wirklich gut, sehr angenehm zu tragen, werden Sie kommen, um ein zweites Element zu kaufen!",2015-05-15 22:53:092015.05.15 22.53.09,,,
,,"不好意思，确认晚了，衣服给弟弟买的，很好，很喜欢。Spät sorry, bestätigt, um Kleidung, um seinen Bruder zu kaufen, gut, sehr viel.",2015-05-15 21:46:482015.05.15 21.46.48,,,
,,"速度很快，东西不错Schnell, etwas Gutes",2015-05-15 21:16:282015.05.15 21.16.28,,,
,,"很好，谢谢！Gut, danke!！!！!",2015-05-15 20:49:122015.05.15 20.49.12,,,
,,"昨天晚上收到了，儿子穿上合适。Gestern Abend erhielt ein Sohn angemessen zu tragen.发的顺风意外。Downwind unerwartete Haare.谢谢老板Danke, Chef",2015-05-15 15:19:022015.05.15 15.19.02,,,身高:175cmHöhe: 175cm
,,"非常好，老公很喜欢，健身就穿它了。Sehr gut, Mann gefiel, Fitness tragen.",2015-05-15 15:12:412015.05.15 15.12.41,,,
,,一如既往的优秀Wie immer ausgezeichnet,2015-05-15 13:57:132015.05.15 13.57.13,,,身高:181cmHöhe: 181cm
241665781165|2015-05-16 09:14:32|给同学他爸买的|0||241665781165 | 2015.05.16 09: 14: 32 | an die Schüler seines Vaters zu kaufen | 0 ||,,还不错Ziemlich gut,2015-05-15 13:35:262015.05.15 13.35.26,,,
,,"顺风相当给力，速度没的说，非常快！Wickeln Sie eine ganze Kraft, Geschwindigkeit hat nicht gesagt, sehr schnell!\n衣服上身很舒服，有点紧绷的感觉，要是再稍微宽松一点就更好了，唉，只能怪自己肚子有点大了。\ N Kleidung Oberkörper ist sehr komfortabel, ein wenig eng Gefühl, wenn auch ein wenig nachsichtiger besser, ach, nur sich selbst zu dicken Bauch schuld.总体来说是一次非常满意的购物。Insgesamt war es eine sehr befriedigende Einkaufen.",2015-05-15 13:23:572015.05.15 13.23.57,,赞Lob,身高:175cmHöhe: 175cm
,,"非常好，本人173，68KG   L号很合适，客服非常细心，谢谢Sehr gut, 173,68KG I L-Nummer ist sehr geeignet, sehr aufmerksamen Service, danke",2015-05-15 13:22:262015.05.15 13.22.26,,,
,,"还行吧，真挺紧的，物流速度绝对快Okay, wirklich sehr eng, ist die Logistik Geschwindigkeit auf jeden Fall schnell",2015-05-15 13:21:322015.05.15 13.21.32,,,
,,很棒Großartig,2015-05-15 10:56:132015.05.15 10.56.13,,,
,,"包装齐全又豪华。Verpackung komplett mit Luxus.。.东西很棒，码数也准。Etwas Großes, auch Lauflänge genau.。.棒Schläger",2015-05-15 10:30:592015.05.15 10.30.59,,,
,,"男朋友说质量一般欸Hey Freund sagte, die Qualität der allgemeinen",2015-05-15 07:53:592015.05.15 07.53.59,,,
,,面料很好Guter Stoff,2015-05-14 22:27:282015.05.14 22.27.28,,,
,,还挺好的Ziemlich gut,2015-05-14 21:52:122015.05.14 21.52.12,,,
,,好Okay,2015-05-14 17:08:562015.05.14 17.08.56,,,
,,东西很不错！Etwas sehr gut!号码正好！Anzahl passieren!感谢Dank,2015-05-14 16:30:042015.05.14 16.30.04,,,
,,"不知道会不会掉色？Ich weiß nicht, wird nicht verblassen?",2015-05-14 15:45:322015.05.14 15.45.32,,,
,,"物流超快，说好三天，最后一天就到了。Logistik schnell, sagen gut für drei Tage, der letzte Tag, um zu gehen.宝贝不错穿的很合适。Baby-gute Verschleiß sehr angemessen.",2015-05-14 12:54:162015.05.14 00.54.16,,,
,,物流不给送到学校还让我自己去取 走了好远 衣服不错 出汗后很凉快Logistik nicht in die Schule zu geben lasse mich auch sehr weit sehr cool entfernt die Kleidung gehen nach einem guten Schweiß,2015-05-14 07:51:122015.05.14 07.51.12,,,
,,EMS真坑啊！EMS wirklich Grube ah!,2015-05-14 07:38:492015.05.14 07.38.49,,,
,,他很喜欢。Er liebte es.满分Out,2015-05-14 03:27:342015.05.14 03.27.34,,,
,,"紧身衣买了大一码～还不错。Tights kaufte ein Freshman Meter - nicht schlecht.。.穿着刚合适～～不禁不松。~ ~ Ich kann nicht anders, nicht nur das Recht, tragen locker.。.本人175，73公斤。I 175,73 kg.",2015-05-14 00:37:382015.05.14 00.37.38,,,
,,还不错Ziemlich gut,2015-05-13 23:28:362015.05.13 23.28.36,,,
,,"很合身，这已经是买的第二件了。Sehr fit, das ist das zweite Mitglied der Kauf.很喜欢，物流业很快，昨天就收到了Ich mochte es, die Logistik-Branche bald, erhielt gestern ein",2015-05-13 23:16:212015.05.13 23.16.21,,,身高:176cmHöhe: 176cm
,,"衣服不错，5分。Gute Kleidung, 5 Punkte.",2015-05-13 22:03:442015.05.13 22.03.44,,,
,,"包装很讲究，很喜欢已经穿上了Verpackung sehr besondere, sehr viel wurde angelegt",2015-05-13 19:55:372015.05.13 19.55.37,,,
,,好快就到，确实紧身Nun bald richtig eng,2015-05-13 16:51:592015.05.13 16.51.59,,,
,,"送弟弟的，穿上很合适，弟弟身高一米七六，体重118斤，码数刚刚好，赞一个Er schickte seinen Bruder, auf einem sehr fit gesetzt, mein Bruder, sechs, sieben Meter hoch, mit einem Gewicht von 118 £, Codenummer genau richtig, wie dieser",2015-05-13 15:13:132015.05.13 15.13.13,,,
,,"挺合适，男朋友很喜欢！Sehr fit, sehr angetan von ihrem Freund!",2015-05-13 13:20:272015.05.13 13.20.27,,,
,,一如既往的好Immer gut,2015-05-13 13:10:052015.05.13 13.10.05,,,
,,2xl正好2XL gerade,2015-05-13 11:20:552015.05.13 11.20.55,,,身高:180cmHöhe: 180cm
,,"很不错，快递很快Sehr gut, Kurier bald",2015-05-13 10:26:512015.05.13 10.26.51,,,
,,"快递给力！Courier, um die Kraft!不到两天就到了，东西也很好，全五分！Weniger als zwei Tage zu kommen, die Dinge sind sehr gut, voll Fünftel!！!",2015-05-13 10:12:222015.05.13 10.12.22,,,
,,好Okay,2015-05-13 09:34:362015.05.13 09.34.36,,,
,,"质量很好，宝贝也很喜欢，值得拥有！Qualität ist sehr gut, Baby ist auch sehr lieb, lohnt sich!",2015-05-13 09:14:302015.05.13 09.14.30,,好Okay,身高:180cmHöhe: 180cm
,"//img.alicdn.com/bao/uploaded/i1/18129080444686355/TB2mDgkcFXXXXcCXpXXXXXXXXXX_!!667148129-0-rate.jpg,//img.alicdn.com/bao/uploaded/i2/18129080689953465/TB2KTwrcFXXXXX3XpXXXXXXXXXX_!!667148129-0-rate.jpg//img.alicdn.com/bao/uploaded/i1/18129080444686355/TB2mDgkcFXXXXcCXpXXXXXXXXXX_!!667148129-0-rate.jpg,//img.alicdn.com/bao/uploaded/i2/18129080689953465/TB2KTwrcFXXXXX3XpXXXXXXXXXX_!!667148129-0- rate.jpg","紧度比较合身，L号下面有些长，173CM。Dichtheit relativ fit, L Nummer unten etwas lang, 173cm.76KG。76kg.有些地方有线头。Einige lokale Kabelkopf.快递神速一天就到，三线城市一般三天。Schnelle Lieferung Tag, um Third-Tier-Städte sind in der Regel drei Tage.",2015-05-13 08:34:262015.05.13 08.34.26,,,
"241655024113|2015-05-14 13:06:51|穿着舒服，弹力十足。241655024113 | 2015.05.14 13: 06: 51 | tragen Sie bequeme, volle Strecke.|3||| 3 ||",,正品是无疑的。Authentic besteht kein Zweifel.,2015-05-13 08:29:132015.05.13 08.29.13,,,
,,"顺丰还要两天半，然后下面太长了SF zwei und eine halbe, dann auch unter die",2015-05-13 00:10:552015.05.13 00.10.55,,,
,,"还不错，180,85kg XL小了Ziemlich gut, ein wenig 180,85kg XL",2015-05-12 23:45:212015.05.12 23.45.21,,,
,//img.alicdn.com/bao/uploaded/i3/17053080623131222/TB293QacFXXXXczXpXXXXXXXXXX_!!2178557053-0-rate.jpg//img.alicdn.com/bao/uploaded/i3/17053080623131222/TB293QacFXXXXczXpXXXXXXXXXX_!!2178557053-0-rate.jpg,"包装不错，比阿迪达斯好太多，中午买第二天中午就到了，穿的蛮舒服，准备再买一件Die Verpackung ist gut, viel besser 比阿迪达斯 Mittag des nächsten Tages am Mittag zu kaufen, tragen sehr komfortabel, bereit, einen zu kaufen",2015-05-12 22:51:302015.05.12 22.51.30,,,
,//img.alicdn.com/bao/uploaded/i4/11322080390550274/TB2tl7rcFXXXXbhXXXXXXXXXXXX_!!833461322-0-rate.jpg//img.alicdn.com/bao/uploaded/i4/11322080390550274/TB2tl7rcFXXXXbhXXXXXXXXXXXX_!!833461322-0-rate.jpg,"物流速度出奇的快，东西很不错很紧身!不错不错。Logistics Geschwindigkeit überraschend schnell, etwas sehr Gutes sehr eng! Gut gut.",2015-05-12 20:42:252015.05.12 20.42.25,,,
,,"是正品，没问题，，，Ist echt, kein Problem ,,,",2015-05-12 18:48:272015.05.12 18.48.27,,,
,//img.alicdn.com/bao/uploaded/i2/18832080602581431/TB2TlskcFXXXXc7XXXXXXXXXXXX_!!755148832-0-rate.jpg//img.alicdn.com/bao/uploaded/i2/18832080602581431/TB2TlskcFXXXXc7XXXXXXXXXXXX_!!755148832-0-rate.jpg,"真实！Wahr!给力，快递改地址也是第一时间到，好神奇！An den Kurier zu erzwingen ist auch das erste Mal, um die Adresse, gute Magie zu ändern!好运！Viel Glück!",2015-05-12 16:43:132015.05.12 16.43.13,,,
,,"很满意 就是没想到太紧会露奶个敦 哈哈Sehr zufrieden, dass ich nicht erwartet zu eng ausgesetzt Milch werden ein Dun Haha",2015-05-12 15:01:052015.05.12 15.01.05,,,
,,特别合适特别舒服 透气性伸缩性超棒 出汗还没味道Besonders geeignet besonders atmungsaktivem Stretch von hervorragenden Geschmack nicht schwitzen,2015-05-12 14:55:072015.05.12 14.55.07,,,
,,"挺好的，就是有点气味Sehr gut, ist ein wenig Geruch",2015-05-12 13:41:162015.05.12 13.41.16,,,
,,"质量不错，发的顺丰快递，两天就到了，很给力Gute Qualität, Haar SF Express, zwei Tage, ist zu zwingen",2015-05-12 12:23:002015.05.12 00.23.00,,,
,,颜色很风骚很好Die Farbe ist sehr kokett gut,2015-05-12 12:10:582015.05.12 00.10.58,,物流非常快Logistik ist sehr schnell,身高:177cmHöhe: 177cm
,,"非常透气，大小也合适，满意Sehr atmungsaktiv, die Größe stimmt, Zufriedenheit",2015-05-12 12:10:582015.05.12 00.10.58,,物流非常快Logistik ist sehr schnell,身高:177cmHöhe: 177cm
,,一如既往的好！Immer gut!是正品Authentisch,2015-05-12 10:20:462015.05.12 10.20.46,,,
,,专卖店都在打折Shops bieten Angebote,2015-05-12 10:15:152015.05.12 10.15.15,,,
,,"不错，谢谢～Ja, danke ~",2015-05-12 09:05:142015.05.12 09.05.14,,,
,,"不错，谢谢～Ja, danke ~",2015-05-12 09:05:142015.05.12 09.05.14,,,
,,挺好的Sehr gut,2015-05-11 23:35:012015.05.11 23.35.01,,,
,,很满意Sehr zufrieden,2015-05-11 21:42:002015.05.11 21.42.00,,,
,,不错很喜欢！Gut wie!,2015-05-11 21:12:292015.05.11 21.12.29,,,
,,很好很软Sehr sehr weich,2015-05-11 13:11:322015.05.11 13.11.32,,,身高:168cmHöhe: 168cm
,,"还附上了发票，质量很好！Auch angebracht Rechnung, gute Qualität!",2015-05-11 12:00:102015.05.11 00.00.10,,,身高:166cmHöhe: 166cm
,,"顺丰太快了，东西很给力。SF zu schnell, ist die Dinge zu erzwingen.",2015-05-11 11:16:162015.05.11 11.16.16,,,
,,"还不错 味道有点大 穿完以后再评价Auch Neubewertung nach einem guten Geschmack ein wenig zu groß, um End tragen",2015-05-11 10:38:382015.05.11 10.38.38,,,
,,"有点小，但是紧身正好Ein bisschen klein, aber nur fest",2015-05-11 10:34:532015.05.11 10.34.53,,,
,,"买的S号，第一次穿感觉有点紧。Kaufen Sie die S-Nummer, das erste Mal trägt das Gefühl ein wenig eng.质感不错Gute Textur",2015-05-11 08:35:432015.05.11 08.35.43,,,身高:182cmHöhe: 182cm
,,"挺好的，很舒服。Sehr gut, sehr komfortabel.173  65  M正好173 65 M gerade",2015-05-10 17:13:432015.05.10 17.13.43,,,
,//img.alicdn.com/bao/uploaded/i2/16627080130532739/TB29YYLcFXXXXapXXXXXXXXXXXX_!!895986627-0-rate.jpg//img.alicdn.com/bao/uploaded/i2/16627080130532739/TB29YYLcFXXXXapXXXXXXXXXXXX_!!895986627-0-rate.jpg,感觉还挺好的Ein ziemlich gutes Gefühl,2015-05-10 16:58:152015.05.10 16.58.15,,,
,,质量很好正品Gute Qualität Authentic,2015-05-10 15:31:302015.05.10 15.31.30,,,
,,正Positiv,2015-05-10 11:41:292015.05.10 11.41.29,,,
,,"赞，顺丰速度超快、Wie, SF super-schnell,",2015-05-10 10:45:352015.05.10 10.45.35,,,
,,"发货速度奇快，赞?Lieferung schnell, zu loben?",2015-05-10 09:48:052015.05.10 09.48.05,,,
,,不错不错Nicht schlecht,2015-05-10 09:45:492015.05.10 09.45.49,,,
,,颜色怪怪的Verfärbte,2015-05-10 09:39:532015.05.10 09.39.53,,,
,,"小了，183，84，xl穿不了Klein, 183,84, nicht Abnutzung XL",2015-05-10 08:28:442015.05.10 08.28.44,,,
,,"卖家发货速度和快递速度真的特快 超给力 衣服也跟之前专卖店一样 很满意Verkäufer Schnelligkeit der Lieferung und Kurier Geschwindigkeit wirklich ausdrücken bis an den Rand, wie Kleidung mit dem Laden vor sehr zufrieden",2015-05-09 21:37:382015.05.09 21.37.38,,,
,,"刚拿到货试穿很贴身非常完美Nur versuchen, die Ware ganz in der Nähe perfekt erhalten",2015-05-09 20:41:032015.05.09 20.41.03,,,
,,"非常好，很合身Sehr gut, sehr fit",2015-05-09 20:40:262015.05.09 20.40.26,,,
,,"超赞，\n贴身很舒服！Awesome, \ n schließen sehr bequem!正品！Genuine!",2015-05-09 20:38:362015.05.09 20.38.36,,,
,,好Okay,2015-05-09 20:22:022015.05.09 20.22.02,,,
,,好评Günstige Kommentar,2015-05-09 20:21:222015.05.09 20.21.22,,,
,"//img.alicdn.com/bao/uploaded/i2/13922079259806609/TB2edzkcFXXXXarXpXXXXXXXXXX_!!873923922-0-rate.jpg,//img.alicdn.com/bao/uploaded/i4/13922079557329930/TB2hmvucFXXXXbqXXXXXXXXXXXX_!!873923922-0-rate.jpg//img.alicdn.com/bao/uploaded/i2/13922079259806609/TB2edzkcFXXXXarXpXXXXXXXXXX_!!873923922-0-rate.jpg,//img.alicdn.com/bao/uploaded/i4/13922079557329930/TB2hmvucFXXXXbqXXXXXXXXXXXX_!!873923922-0- rate.jpg",还是黑色耐脏一些Einige oder schwarze Schmutz,2015-05-09 20:16:532015.05.09 20.16.53,,,
,,很好。Sehr gut.。.老公很喜欢Mein Mann mochte,2015-05-09 19:49:502015.05.09 19.49.50,,,
,,"是正品，就是腰这里太长了，本人个子175，体重160斤，L号还长，应该买MEcht ist, ist hier wieder zu lang, ich bin 175 groß, mit einem Gewicht von 160 £, L Anzahl noch lang, sollte M kaufen",2015-05-09 18:58:382015.05.09 18.58.38,,,
,,很好Gut,2015-05-09 17:59:222015.05.09 17.59.22,,,
,,"代人买的，店家服务好Im Namen der Menschen zu kaufen, ein gutes Geschäft Service",2015-05-09 17:27:392015.05.09 17.27.39,,,
,,"代人买的，店家服务好Im Namen der Menschen zu kaufen, ein gutes Geschäft Service",2015-05-09 17:27:392015.05.09 17.27.39,,,
,,"代人买的，店家服务好Im Namen der Menschen zu kaufen, ein gutes Geschäft Service",2015-05-09 17:27:392015.05.09 17.27.39,,,
,,"发货快，快递也快一天就到了，挺满意的Schnelle Lieferung, Express-Lieferung auch schnell ein Tag kam, sehr zufrieden",2015-05-09 17:21:332015.05.09 17.21.33,,,
,,"物流速度很快 ，服务也很到位，\n衣服挺好得Logistik schnell, der Service ist auch vorhanden, \ n gute Kleidung zu",2015-05-09 17:19:352015.05.09 17.19.35,,,
,,"质量很好，挺长的Die Qualität ist sehr gut, sehr lange",2015-05-09 17:04:302015.05.09 17.04.30,,,
,,"177cm,68kg,上身瘦，买的M号，穿上很修身177cm, 68kg, dünnen Oberkörper, um M-Nummer kaufen, tragen sehr schlank",2015-05-09 16:07:092015.05.09 16.07.09,,,身高:177cmHöhe: 177cm
,,"质量不错，包装很好！Gute Qualität, gute Verpackung!",2015-05-09 15:25:342015.05.09 15.25.34,,,身高:182cmHöhe: 182cm
,,都满分All out,2015-05-09 10:51:332015.05.09 10.51.33,,,
,,味道有点大Geschmack ein bisschen zu groß,2015-05-09 10:40:132015.05.09 10.40.13,,,
,,"质量很棒的衣服，很透气～Gute Qualität Kleidung, sehr atmungs ~",2015-05-09 10:06:202015.05.09 10.06.20,,,
,,"180,70kg，M码嘎嘎合适，正正好好的，不松不紧，神速，正常一周到货然后两天就到了，给32个赞180,70kg, M-Code quack falls ist genau richtig, nicht lose nicht fest, schnell, in der Regel einer Woche und zwei Tage, um anzukommen, zu 32 Chan",2015-05-09 08:36:552015.05.09 08.36.55,,,身高:180cmHöhe: 180cm
,,绝对值Absolutwert,2015-05-09 08:15:222015.05.09 08.15.22,,,
,,"很好，很强大Sehr gut, sehr mächtig",2015-05-09 02:54:542015.05.09 02.54.54,,,
,,"男朋友很喜欢，跟我们在专卖店试的一样的Boyfriend mochte, mit unserem Test des gleichen in den Laden",2015-05-08 23:29:542015.05.08 23.29.54,,,
,"//img.alicdn.com/bao/uploaded/i4/12865079772914415/TB2OATgcFXXXXbhXXXXXXXXXXXX_!!423572865-0-rate.jpg,//img.alicdn.com/bao/uploaded/i2/12865094279184454/TB2wfa9cFXXXXcNXXXXXXXXXXXX_!!423572865-0-rate.jpg//img.alicdn.com/bao/uploaded/i4/12865079772914415/TB2OATgcFXXXXbhXXXXXXXXXXXX_!!423572865-0-rate.jpg,//img.alicdn.com/bao/uploaded/i2/12865094279184454/TB2wfa9cFXXXXcNXXXXXXXXXXXX_!!423572865-0- rate.jpg","不愧是官方旗舰店！In der Tat die offizielle Flagship-Store!快递也很给力，第二天就到了，包装很贴心，连手提袋收纳袋也有，发票和提货单也放在信封里，很贴心很注意细节，不能更赞，果断全五分！Express ist auch zu zwingen, am nächsten Tag ankam, ist die Verpackung sehr intim, sogar Tasche Tasche haben, Rechnungen und Frachtbriefe auch in einem Umschlag, sehr viel Liebe zum Detail, nicht mehr Lob, entscheidende voll Fünftel!",2015-05-08 21:53:232015.05.08 21.53.23,,,
,,"顺风很给力 175 60kg表示衣服很紧 怪自己没问过客服175 60kg Wind ist es, einen sehr engen Kleid zeigt zwingen die Schuld selbst nicht den Kundendienst fragen",2015-05-08 21:24:242015.05.08 21.24.24,,,
,,基本不错，运动必备Grund gute Bewegung erforderlich,2015-05-08 21:04:332015.05.08 21.04.33,,,
,,很好 就是價格貴了點Sehr gut ist der Preis ein wenig hoch,2015-05-08 18:35:572015.05.08 18.35.57,,,
"241202602467|2015-05-08 22:20:26|长时间没在家，没有及时的确认收货，刚开始拍了个L号的，有点小，换了大一号的正好，穿起来很舒服，全五分好评！241202602467 | 2015.05.08 22: 20: 26 | lange Zeit nicht zu Hause, keine rechtzeitige Bestätigung des Eingangs hat der Beginn einer Reihe von L, ein wenig, für eine größere Größe ist genau richtig, sehr angenehm zu tragen, voll Fünftel des Lobes!|1||| 1 ||",,,2015-05-08 18:10:032015.05.08 18.10.03,,,
,,还好Glücklicherweise,2015-05-08 12:49:032015.05.08 12.49.03,,,
,,"官方店各方面真没的说，太好了。Official Shop alle Aspekte wirklich nicht sagen, toll.给大家个参考180cm，142斤。Geben Sie einen Verweis 180cm, 142 Pfund.穿L码略紧。Abnutzung L Code ein wenig eng.",2015-05-08 12:40:302015.05.08 12.40.30,,,
,,好。Okay.,2015-05-08 12:07:322015.05.08 00.07.32,,,
,,"很好，正品Gut, authentisch",2015-05-08 11:46:162015.05.08 11.46.16,,,
,,"东西不错，穿起来非常合身，运动起来很舒服Etwas Gutes, tragen sehr fit, sehr komfortabel Bewegung",2015-05-08 10:41:422015.05.08 10.41.42,,"不得不说在天猫，NIKE官网比AD的官网好了1万倍，服务态度好了1万倍！Lynx muss sagen, NIKE AD offiziellen Website der offiziellen Website besser als 10.000 Mal, 10.000 mal gute Service-Haltung!",身高:176cmHöhe: 176cm
,,挺好的Sehr gut,2015-05-08 09:57:272015.05.08 09.57.27,,,
,,"很满意，店里服务也好！Sehr zufrieden, ist der Laden Dienste!",2015-05-08 05:40:522015.05.08 05.40.52,,,
,,非常好。Das ist gut.质量不错Gute Qualität,2015-05-08 05:05:052015.05.08 05.05.05,,,
,,"很舒服，就是穿上睡觉会打呼噜，应该是个人问题吧！Sehr komfortabel, ist gesetzt, um das Schnarchen zu schlafen, sollte es eine persönliche Frage zu sein!！!！!",2015-05-08 05:03:172015.05.08 05.03.17,,,身高:180cmHöhe: 180cm
,,衣服拿来训练很好很不错Sehr sehr gute Trainingskleidung verwendet,2015-05-08 00:15:492015.05.08 00.15.49,,,
,,"不错 我183 79kg 就是有点肚子 要不然就很好了 腋下稍有点紧Ja, ich 183 79kg ist ein wenig Bauch auf dem guten Achselhöhle oder auch ein wenig eng",2015-05-07 23:59:442015.05.07 23.59.44,,,身高:183cmHöhe: 183cm
,,"衣服的包装不错，应该是正品，物流也很给力，下次还来Kleidung, gute Verpackung, sollte echt sein, Logistik und auch zu zwingen, das nächste Mal kommen",2015-05-07 21:05:002015.05.07 21.05.00,,,
,,"有点长，其他还好Ein wenig lang, die andere besser",2015-05-07 20:35:172015.05.07 20.35.17,,,
,,有色差Es Farbe,2015-05-07 19:19:352015.05.07 19.19.35,,,
,,"包装很是正规，看着是正品，孩子身高194.体重170,xxL穿着正好Verpackung ist sehr formal, sah ich, dass es echt war, Höhe 194 Gewicht 170 des Kindes, XXL tragen nur",2015-05-07 18:16:522015.05.07 18.16.52,,,
,,挺好Sehr gut,2015-05-07 18:09:512015.05.07 18.09.51,,挺好Sehr gut,身高:181cmHöhe: 181cm
,,"上衣稍微有点紧，衣服质量还是不错的，继续加油！T-Shirt ein wenig eng, Kleidung Qualität ist gut, weiterhin Kraftstoff!",2015-05-07 16:03:052015.05.07 16.03.05,,,
,,"卖家给推荐的s码，结果太小，穿着很紧，吊牌摘了又不能换，郁闷啊。Verkäufer zu empfohlenen s Hof, ist das Ergebnis zu klein ist, trägt einen sehr engen, wählen Sie einen Tag nicht ändern kann, deprimiert ah.",2015-05-07 15:35:122015.05.07 15.35.12,,,
"240995697769|2015-05-11 21:05:31|已经穿了，不错哦！240995697769 | 2015.05.11 21: 05: 31 | getragen hatte, gut!|4||| 4 ||",,,2015-05-07 13:02:502015.05.07 13.02.50,,,
,,"非常好，很合身，175cm,75kg,客服推荐的L，比专卖店更好的购物体验，包装快递都很给力，还有发票(????????)哦Sehr gut, sehr fit, 175cm, 75kg, empfohlen Kundendienst L, mehr als das Geschäft Shopping-Erlebnis, sind Express-Lieferung an Verpackung, sowie Rechnung zu zwingen (????????) oh",2015-05-07 12:50:362015.05.07 00.50.36,,,
,,正品 很好 快递sf 第二天就到了。Genuine gut am nächsten Tag zu SF Express.,2015-05-07 12:42:042015.05.07 12.42.04,,,
,,必须好评！Wir müssen zu loben!买家很贴心给我换了号码。Käufer sehr nah an mich für eine Reihe.很满意。Sehr zufrieden.,2015-05-07 12:35:522015.05.07 12.35.52,,,
,,"不好意思评价晚了，出差去外地，东西不错，弟弟很满意，支持！Es tut uns leid Auswertung der späten, auf einer Geschäftsreise in dem Gebiet, etwas Gutes, sehr zufrieden mit meinem Bruder, für Ihre Unterstützung!",2015-05-07 12:21:232015.05.07 12.21.23,,,
,,很好Gut,2015-05-07 10:35:162015.05.07 10.35.16,,,
,,"衣服很好看，老公穿上也特别合适。Kleidung gut aussehen, ihr Mann sich insbesondere auch zu tragen.太喜欢这件了Zu gern diese,",2015-05-07 10:21:012015.05.07 10.21.01,,,
,,"买了好几件不同色的了，一直不错Ich kaufte einige Stücke von verschiedenen Farben, und war gut",2015-05-07 09:26:182015.05.07 09.26.18,,,
,,"很好，就是腋下有点紧Nun, das ist ein wenig eng Achselhöhle",2015-05-07 08:51:312015.05.07 08.51.31,,,
,,衣服很合适 很满意 快递也很快 有机会会再买Kleidung sehr gut mit Kurier sehr zufrieden haben bald die Gelegenheit zum Kauf,2015-05-06 23:44:352015.05.06 23.44.35,,,
,,"船上超舒服的，非常棒Boat super bequem, tolle",2015-05-06 23:09:132015.05.06 23.09.13,,,
,,东西不错Etwas Gutes,2015-05-06 21:09:332015.05.06 21.09.33,,,
,,速干没有体验到。Sugan keine Erfahrung.,2015-05-06 20:04:212015.05.06 20.04.21,,,
,,"码数偏小，根本穿不了，懒得换算了。Code-Nummer zu klein ist, einfach nicht tragen kann, zu faul, um Konvertierungen.",2015-05-06 20:03:142015.05.06 20.03.14,,,
,,"质量不错，正品，很喜欢，就是稍微贵了点。Gute Qualität, authentisch, wie, das ist ein wenig hoch.",2015-05-06 19:36:032015.05.06 19.36.03,,,
,,物流特别快。Logistik besonders schnell.客服很贴心。Kunden-Service ist sehr intim.特别好Besonders gute,2015-05-06 18:47:362015.05.06 18.47.36,,,
,,很棒Großartig,2015-05-06 18:41:132015.05.06 18.41.13,,,
,,好东西Schön,2015-05-06 18:28:212015.05.06 18.28.21,,,
,,"产品正，规范，物流快Produkte, Spezifikation, Logistik schnell",2015-05-06 18:22:182015.05.06 18.22.18,,,
,,还可以，就是左腋窝有点夹Auch ist es linken Achselhöhle ein wenig Clip,2015-05-06 17:59:542015.05.06 17.59.54,,,身高:168cmHöhe: 168cm
,,太棒了Großartig,2015-05-06 16:27:422015.05.06 16.27.42,,,
,,合适Geeignet,2015-05-06 09:51:172015.05.06 09.51.17,,,身高:183cmHöhe: 183cm
,,"很凉快，很贴身，品质一直很好，很满意，发货超快，Sehr cool, ganz in der Nähe, die Qualität ist gut, sehr zufrieden, Lieferung schnell,",2015-05-06 09:17:082015.05.06 09.17.08,,,
,,"感谢客服推荐尺码 ，非常好看Vielen Dank, dass Sie die Kundendienst empfohlene Größe, sehr schön",2015-05-06 09:05:532015.05.06 09.05.53,,,身高:176cmHöhe: 176cm
,,"东西不错，就是感觉这衣服的板型好小Etwas Gutes, ist ein gutes Gefühl, dieses Kleid Platte klein",2015-05-05 23:32:412015.05.05 23.32.41,,,
,,"非常好的宝贝，质量好，品牌好，总之是不错的选择。Sehr gute Baby, gute Qualität, gute Marke, kurz gesagt, ist eine gute Wahl.",2015-05-05 20:09:432015.05.05 20.09.43,,,
,,"很有型，都不好意思穿Sehr Typ, peinlich zu tragen, sind sie",2015-05-05 19:56:492015.05.05 19.56.49,,,
,,"感觉有点小，不过旗舰店就是靠谱Ich fühle mich ein bisschen klein, aber die Flagship-Store ist schwierig",2015-05-05 19:22:072015.05.05 19.22.07,,,
,,还可以，就是太长啦Auch ist es zu lange,2015-05-05 15:43:262015.05.05 15.43.26,,,
,,穿着很合身Tragen sehr fit,2015-05-05 14:37:392015.05.05 14.37.39,,,
,,质量和包装都很好。Qualität und Verpackung sind sehr gut.,2015-05-05 14:29:182015.05.05 14.29.18,,,
,,"价格小贵而已，质量还是不错滴，好评Preis wenig teuer ist, ist die Qualität gut Tropfen, Lob",2015-05-05 14:18:402015.05.05 14.18.40,,,
,,衣服很好   很喜欢Kleidung sehr gut gefallen,2015-05-05 13:31:202015.05.05 13.31.20,,,
,,"还是一如既往的精致，发票包，纸袋都有，包装精致，由于之前买过一件黑色的，这次穿起来也还不错，我特意买小一号，显得紧身感十足，点赞！Immer exquisite, Rechnung Paket, Papier hat exquisite Verpackung, wie zuvor kaufte ein schwarzes, das ist auch gut tragen, kaufe ich absichtlich eine kleinere Größe, ist es sinnvoll fest, Punkte Lob!",2015-05-05 12:38:192015.05.05 00.38.19,,"顺丰的速度叫人咂舌，秒杀三通一达，快到想不到SF Geschwindigkeit wie Menschen Himbeere, einer Spitze tee up, nähert sich die unerwartete",身高:177cmHöhe: 177cm
,,好Okay,2015-05-05 12:34:022015.05.05 00.34.02,,,
,,"非常喜欢，弹性很好，和商场的质量一样，满意。Sehr viel, gute Flexibilität, Qualität und Einkaufszentren, wie Zufriedenheit.",2015-05-05 09:33:582015.05.05 09.33.58,,"发货速度很快，神一样的速度啊Versendet schnell, wie Gott Geschwindigkeit ah",身高:176cmHöhe: 176cm
,,衣服没失望 是正品开心啊Kleidung nicht zu enttäuschen echte glücklich ah,2015-05-05 09:17:552015.05.05 09.17.55,,,身高:173cmHöhe: 173cm
,,"不错，不愧是官方旗舰店Ja, in der Tat die offizielle Flagship-Store",2015-05-05 09:14:042015.05.05 09.14.04,,,
,,"有点薄，挺合身的。Ein wenig dünn, sehr fit.",2015-05-05 07:24:392015.05.05 07.24.39,,,
,,"买小了，已送人，好评吧Kaufen klein, zu geben hat, loben Sie es",2015-05-05 02:17:212015.05.05 02.17.21,,,
,,"衣服非常棒，非常显身材，顺丰快递太快了，老妈帮我收货，说这是我见过服务态度最好的快递小哥Kleidung sehr gut, sehr bedeutende Figur, SF Express zu schnell, half meine Mutter mich empfangen, sie sagt, das ist die beste Einstellung, die ich je express kleinen Bruder gesehen",2015-05-04 21:51:382015.05.04 21.51.38,,,
,,"宝贝收到了，很喜欢Baby erhielt, es ist wie",2015-05-04 21:07:562015.05.04 21.07.56,,,
,,不错Recht,2015-05-04 20:59:092015.05.04 20.59.09,,,
,,"挺好的，不错Sehr gut, Gut",2015-05-04 20:33:172015.05.04 20.33.17,,,
,,还不错Ziemlich gut,2015-05-04 19:26:592015.05.04 19.26.59,,,
,,"腋窝有一点点紧但长度腰围肩宽都正好   L的小一点点XL的大    有点郁闷    不过衣服还是不错的Achselhöhle ein wenig eng, aber die Taille Schulter Länge L sind nur ein bisschen von XL ist ein wenig deprimiert, aber die Kleider immer noch gut",2015-05-04 19:25:572015.05.04 19.25.57,,,
,,还不错～Auch gut ~,2015-05-04 18:39:272015.05.04 18.39.27,,,
"240884538081|2015-05-06 15:58:47|不错，是正品，穿着很舒服，下次还来|1||240884538081 | 2015.05.06 15: 58: 47 | Ja, echt, sehr angenehm zu tragen ist es, das nächste Mal kommen | 1 ||",,不错Recht,2015-05-04 16:34:172015.05.04 16.34.17,,,
,,"收到宝贝的时候是惊喜，太棒了，想买的别犹豫，真的太棒了店家服务更是好Erhalten, wenn das Baby ist eine Überraschung, groß, zögern Sie nicht, kaufen Sie ein wirklich großes Geschäft Service ist gut,",2015-05-04 16:28:212015.05.04 16.28.21,,,
,,"衣服质量挺好，下次会再次光顾本店。Gute Qualität Kleidung, die nächste wird das Restaurant wieder bevormunden.",2015-05-04 14:56:422015.05.04 14.56.42,,,
,,还不错就是不打折。Gut ist nicht abgezinst.,2015-05-04 14:08:152015.05.04 14.08.15,,,
,,"隔天就到了，速度很快。Am nächsten Tag kam, schnell.很舒服，非常适合夏天做内衬Sehr komfortabel, sehr geeignet für den Sommer Innenauskleidung",2015-05-04 13:41:092015.05.04 13.41.09,,,
240704472499|2015-05-19 09:23:48|效果很好|14||240704472499 | 2015.05.19 09: 23: 48 | gute Wirkung | 14 ||,,"物流很给力，包装也很给力，而且还带着发票。Logistik ist die Verpackung auch die Kraft zu zwingen, sondern auch mit der Rechnung.",2015-05-04 13:22:552015.05.04 13.22.55,,好Okay,身高:177cmHöhe: 177cm
,,"挺不错的，挺喜欢的，就是没有黑色⊙▽⊙Sehr schön, sehr freundlich, ist nicht schwarz ⊙ ▽ ⊙",2015-05-04 13:06:502015.05.04 13.06.50,,,
,,"不错，穿上它感觉肉好多?Ja, legte es viel Fleisch fühlt?",2015-05-04 12:46:072015.05.04 00.46.07,,,
,,很不错！Sehr schön!L就是稍微有点长！L ist ein bisschen mehr!,2015-05-04 12:38:452015.05.04 12.38.45,,,身高:175cmHöhe: 175cm
,,非常好！Das ist gut!！!！!！!下次还来。Das nächste Mal kommen.,2015-05-04 10:34:162015.05.04 10.34.16,,,
,,"衣服材料不错 很紧身 穿在身上有一种凉凉的感觉Tragen enger Kleidung, gutes Material in den Körper gibt es ein geiles Gefühl",2015-05-04 09:49:272015.05.04 09.49.27,,,
,,"物流很快啊，穿着也很好Logistik bald ah, ist das Tragen auch sehr gut",2015-05-04 08:27:492015.05.04 08.27.49,,,
,,"正品，很不错Echt, sehr gut",2015-05-04 01:36:332015.05.04 01.36.33,,,
,,可以Dose,2015-05-04 00:02:552015.05.04 00.02.55,,,
,,合身Fit,2015-05-03 23:16:082015.05.03 23.16.08,,,
,,合身Fit,2015-05-03 23:16:082015.05.03 23.16.08,,,
,,"东西不错，客服推荐的尺码合适Etwas Gutes, Kundenservice empfohlen die richtige Größe",2015-05-03 20:47:542015.05.03 20.47.54,,,
,,好～～Gut ~ ~,2015-05-03 20:31:032015.05.03 20.31.03,,,
,,"不赖，很紧身Bad, sehr eng",2015-05-03 20:26:032015.05.03 20.26.03,,,
,,很赞。Es ist zu loben.不管是物流还是质量Unabhängig von den Logistik- und Qualitäts,2015-05-03 18:36:452015.05.03 18.36.45,,,
,,有点太长了！Ein wenig zu lang!其他还好Andere ok,2015-05-03 17:34:132015.05.03 17.34.13,,,
,,"衣服可以，就是我自己胖了，穿得太紧，退了。Kleidung kann, es ist meine eigene Fett, zu eng, zurück.",2015-05-03 16:45:412015.05.03 16.45.41,,,
,//img.alicdn.com/bao/uploaded/i2/11776078552541961/TB260KecFXXXXaGXXXXXXXXXXXX_!!2238441776-0-rate.jpg//img.alicdn.com/bao/uploaded/i2/11776078552541961/TB260KecFXXXXaGXXXXXXXXXXXX_!!2238441776-0-rate.jpg,帅Shuai,2015-05-03 15:27:522015.05.03 15.27.52,,,
,,穿着去健身房锻炼很棒Tragen Sie in die Turnhalle ist groß,2015-05-03 15:24:172015.05.03 15.24.17,,,
,"//img.alicdn.com/bao/uploaded/i2/11142078547853714/TB2.Y8_cFXXXXagXpXXXXXXXXXX_!!1120921142-0-rate.jpg,//img.alicdn.com/bao/uploaded/i1/11142079125951299/TB2siV8cFXXXXaFXpXXXXXXXXXX_!!1120921142-0-rate.jpg//img.alicdn.com/bao/uploaded/i2/11142078547853714/TB2.Y8_cFXXXXagXpXXXXXXXXXX_!!1120921142-0-rate.jpg,//img.alicdn.com/bao/uploaded/i1/11142079125951299/TB2siV8cFXXXXaFXpXXXXXXXXXX_!!1120921142- 0-rate.jpg","跟我在专柜买的不太一样，材料比专柜的松很多，穿的没那么紧，不知道是不是正品Bei mir in der Theke zu kaufen sind nicht die gleichen, sehr viel Material, nicht so eng zu tragen locker als der Zähler, nicht wissen, ist nicht echt",2015-05-03 14:53:512015.05.03 14.53.51,,,
,,不错Recht,2015-05-03 13:40:172015.05.03 13.40.17,,,
,,颜色失真Farbverfälschungen,2015-05-03 13:40:172015.05.03 13.40.17,,,
,,很好Gut,2015-05-03 13:11:362015.05.03 13.11.36,,,
,,"顺丰的物流，规范的包装，正规的发票，一切让人觉得舒服SF Logistik, standardisierte Verpackungen, formale Rechnung, fühlen sich alle Menschen komfortabel",2015-05-03 12:47:362015.05.03 12.47.36,,,
,,"材料真心觉得一般般，收身效果还不错，身高175体重85公斤，正好，这衣服有点长Material wirklich das Gefühl, wie ein General, erhielten die Körper Ergebnisse waren ziemlich gut, Höhe 175 Gewicht 85 kg, genau, dieses Kleid ein bisschen zu lang",2015-05-03 12:27:342015.05.03 00.27.34,,,
,,性价比高Kosteneffizient,2015-05-03 12:11:112015.05.03 00.11.11,,,
,,不错Recht,2015-05-03 12:03:372015.05.03 12.03.37,,,
,,"东西很不错，服务很满意，物流快速没话说，满分Etwas sehr gut, der Service mit der Logistik schnell keiner sehr zufrieden, von",2015-05-03 10:29:172015.05.03 10.29.17,,,
,,"最愉快的一次网购，真的是一分价钱一分货。Die schönste Online-Shopping, ist wirklich ein Sub-Artikeln.很棒的衣服。Große Kleidung.快递也很快。Express bald.下次还会来的。Der nächste wird kommen.",2015-05-03 09:57:482015.05.03 09.57.48,,,
,,"衣服很好，质量没说的！Gute Kleidung, hat die Qualität nicht zu sagen!很合身！Sehr fit!物流超级超级快！Logistics super super schnell!",2015-05-03 09:45:292015.05.03 09.45.29,,,
,,"品牌就是品牌，物流速度很快，衣服是紧身的，确实有点紧，穿来运动不错！Marke ist die Marke, Logistik schnell, sind die Kleider eng, tun ein wenig eng, um den Sport gut zu tragen!颜色比较喜欢！Farbe ist wie!",2015-05-03 09:15:302015.05.03 09.15.30,,,
,,"l的稍微长了些l ein bisschen länger,",2015-05-03 08:14:332015.05.03 08.14.33,,,
,,好评很喜欢Gut gefallen hat,2015-05-02 23:50:412015.05.02 23.50.41,,,
,,很好Gut,2015-05-02 22:46:362015.05.02 22.46.36,,,
,,"正品，赞个Echt, wie ein",2015-05-02 22:19:042015.05.02 22.19.04,,,
,,好评Günstige Kommentar,2015-05-02 20:41:562015.05.02 20.41.56,,,
,,"满意，下次还会来Zufrieden, das nächste Mal wird kommen",2015-05-02 20:28:192015.05.02 20.28.19,,,
,,还行Okay,2015-05-02 18:21:252015.05.02 18.21.25,,,
,,紧身的感觉Enge Gefühl,2015-05-02 18:20:562015.05.02 18.20.56,,,
,,"真品，不错，快递也非常给力！Echte, gut, Express-Lieferung ist auch sehr auf die Kraft!",2015-05-02 17:25:552015.05.02 17.25.55,,,
,,挺好Sehr gut,2015-05-02 16:31:492015.05.02 16.31.49,,,
,//img.alicdn.com/bao/uploaded/i4/13922080476643712/TB2WdxYcFXXXXaRXpXXXXXXXXXX_!!873923922-0-rate.jpg//img.alicdn.com/bao/uploaded/i4/13922080476643712/TB2WdxYcFXXXXaRXpXXXXXXXXXX_!!873923922-0-rate.jpg,图片可以参考Bilder beziehen können,2015-05-02 14:34:522015.05.02 14.34.52,,,
,,!!,2015-05-02 11:59:082015.05.02 11.59.08,,,
,,"觉得非常不错哈，还是，一分钱一分货，很给力Fühle mich sehr gut Ha, noch, zahlen für, ist Kraft",2015-05-02 11:03:352015.05.02 11.03.35,,,
,"//img.alicdn.com/bao/uploaded/i2/11330078754614130/TB2GL0ScFXXXXckXpXXXXXXXXXX_!!1089851330-0-rate.jpg,//img.alicdn.com/bao/uploaded/i3/11330078839872677/TB2MEl0cFXXXXczXXXXXXXXXXXX_!!1089851330-0-rate.jpg//img.alicdn.com/bao/uploaded/i2/11330078754614130/TB2GL0ScFXXXXckXpXXXXXXXXXX_!!1089851330-0-rate.jpg,//img.alicdn.com/bao/uploaded/i3/11330078839872677/TB2MEl0cFXXXXczXXXXXXXXXXXX_!!1089851330-0- rate.jpg","还行 紧身效果没之前ua的紧身效果好 不过这样也好不太紧久穿腋下不会难受 衣服略长Befriedigend Gut engen engen Effekt nicht vor ua die nicht zu eng zu bewirken, aber es war nur eine lange Zeit nicht zu unbequem Kleidung Achseln etwas länger tragen",2015-05-02 09:01:522015.05.02 09.01.52,,,
,,"很贴身，运动时一点也不热！Ganz in der Nähe, wenn die Bewegung ist nicht heiß!",2015-05-01 23:48:522015.05.01 23.48.52,,,
,,"开始买小了，换的过程很顺利Er begann zu kaufen klein, für die der Prozess verlief reibungslos",2015-05-01 23:48:522015.05.01 23.48.52,,,
,,"不错，给哥买的，说质量还可以Ja, Bruder zu kaufen, sagte Qualität kann auch",2015-05-01 22:46:572015.05.01 22.46.57,,,
,,"开始买的L的，洗后变大了，转让给同学了，重拍的M，很合适！Er fing an, die L kaufen, und gewaschen größer, Transfer zu den Studenten, und Remake denen M, sehr gut geeignet!",2015-05-01 20:12:222015.05.01 20.12.22,,,
,,真棒！Awesome!,2015-05-01 18:31:532015.05.01 18.31.53,,,
,,"质量很好，穿段时间好的话还回来买Gute Qualität, guter, einen Zeitraum zu tragen, dann wieder zu kaufen",2015-05-01 17:53:442015.05.01 17.53.44,,,
,,"上海到哈尔滨用不到24小时，真快。Shanghai, mit weniger als 24 Stunden wirklich schnell Harbin.就是穿不出图片那效果...Es ist kein Bild zu diesem Zweck tragen ...",2015-05-01 16:29:082015.05.01 16.29.08,,,
,,"henbang ,有一句说一句henbang, ein Mitspracherecht haben wir",2015-05-01 15:15:252015.05.01 15.15.25,,,身高:181cmHöhe: 181cm
,,"给别人买的，据说面料手感都不错Um die anderen zu kaufen, sagte zu sein, das Gewebe ein gutes Gefühl",2015-05-01 14:52:052015.05.01 14.52.05,,,
,,"顺丰很给力，快递小哥人很好，老板也很好，最主要的是衣服质量很好，男票很喜欢。SF ist zu zwingen, zum Ausdruck bringen kleine Bruder ist sehr nett, der Chef ist auch sehr gut, das wichtigste ist, die Kleidung von guter Qualität, sehr gern männliche Stimmen.全五分好评Voll Fünftel des Lobes",2015-05-01 11:48:442015.05.01 11.48.44,,,
,,"质量很好，快递有点叼，搬了没通知而且问他还叼我，快递希望能改进Gute Qualität, zum Ausdruck bringen ein wenig Diao, bewegt und hat Diao nicht benachrichtigen Ich fragte ihn auch, in der Hoffnung, die Lieferung zu verbessern",2015-05-01 11:31:402015.05.01 11.31.40,,,
,,"东西很好，物流也相当给力，一天就到了。Etwas Gutes, die Logistik sind recht eine Kraft, ein Tag zu gehen.",2015-05-01 10:39:442015.05.01 10.39.44,,,
,,"不错，赞Gut, wie diese",2015-05-01 09:28:172015.05.01 09.28.17,,,身高:180cmHöhe: 180cm
,,还可以，很正规。Auch sehr formal.,2015-05-01 08:54:582015.05.01 08.54.58,,,
,//img.alicdn.com/bao/uploaded/i1/16228080326035922/TB25CtPcFXXXXXjXpXXXXXXXXXX_!!920466228-0-rate.jpg//img.alicdn.com/bao/uploaded/i1/16228080326035922/TB25CtPcFXXXXXjXpXXXXXXXXXX_!!920466228-0-rate.jpg,"不错，穿着健身刚好Ja, nur das Tragen Fitness",2015-05-01 08:37:302015.05.01 08.37.30,,,
,,不错Recht,2015-05-01 00:20:272015.05.01 00.20.27,,,
,,有点长Ein bisschen zu lang,2015-04-30 23:58:392015.04.30 23.58.39,,,
,,"收到总体还不错 就是中途修改地址很麻烦Insgesamt ziemlich guter Weg, um zu erhalten, ist die Adresse einer Menge Ärger ändern",2015-04-30 21:46:322015.04.30 21.46.32,,,
,,yes。Ja.舒服。Komfortabel.验单为官方正品?哒。Einzeltest für die offizielle authentische? Da.包顺丰的赞一个Wie ein Paket SF,2015-04-30 21:30:002015.04.30 21.30.00,,,
,,很好Gut,2015-04-30 18:52:142015.04.30 18.52.14,,,
,,"好紧啊，看来要减肥了！Gute engen ah, so scheint es, Gewicht zu verlieren!太长！Too!",2015-04-30 18:51:552015.04.30 18.51.55,,,身高:173cmHöhe: 173cm
,,挺好Sehr gut,2015-04-30 18:50:242015.04.30 18.50.24,,,
,,"是正品，挺好的，喜欢Es ist echt, sehr gut, wie",2015-04-30 17:20:082015.04.30 17.20.08,,,
,,"172高，156重L号处了衣摆长，其他都还好172 hoch, 156 schwere Nummern am Saum Länge L, die andere ist in Ordnung",2015-04-30 15:43:282015.04.30 15.43.28,,,
,,"质量很好，穿了很舒服，客服和快递服务都特好，非常愉快的一次购物，谢谢谢！Gute Qualität, tragen sehr komfortabel, Kundendienst und Kurierdienste sind besonders gut, sehr angenehmes Einkaufserlebnis, Danke, danke!",2015-04-30 15:27:332015.04.30 15.27.33,,,
,,不错哦Nun ja,2015-04-30 15:05:582015.04.30 15.05.58,,,
,,"衣服确实不错，快递也很快Kleidung wirklich gut, Kurier bald",2015-04-30 14:32:222015.04.30 14.32.22,,,
,,有点大Little big,2015-04-30 12:55:252015.04.30 12.55.25,,,
,,都买了好几次了Ich habe mehrmals gekauft,2015-04-30 12:14:412015.04.30 12.14.41,,,
,,"确实很紧身，穿起来很舒服，176.  70kg。In der Tat sehr eng, sehr angenehm zu tragen, 176. 70 kg.L码很舒服。L-Code ist sehr komfortabel.",2015-04-30 11:10:362015.04.30 11.10.36,,,
,,"帮同事买的，同事很喜欢，大小正合适，上身透气舒服，正品。Helfen, meinen Kollegen zu kaufen, gefiel Kollegen, genau die richtige Größe, Oberkörper atmungsaktivem, echt.",2015-04-30 10:55:462015.04.30 10.55.46,,,身高:170cmHöhe: 170cm
,,"东西很好隔天就到了，不错。Am nächsten Tag, um die guten Dinge, nicht schlecht.",2015-04-30 10:40:002015.04.30 10.40.00,,,
,,"物流速度赞一个，衣服不错。Logistik und Geschwindigkeit wie diese, gute Kleidung.穿着透气Tragen atmungs",2015-04-30 09:54:552015.04.30 09.54.55,,,
,,"不愧是大品牌运动服，穿起来非常舒服，刚穿的时候手臂有些紧，穿过一星期后感觉好多了，整体稍微有些长，紧身效果明显In der Tat die großen Marken von Sportbekleidung, tragen sehr komfortabel, nur die Verschleiß Arm ein wenig eng, ich fühle mich viel besser, nach einer Woche durch das ganze etwas lang, dicht Effekt auf der Hand",2015-04-30 09:46:252015.04.30 09.46.25,,,身高:168cmHöhe: 168cm
,,"快递很快  两天就到了 好评！Express bald zwei Tage, um zu loben!等实战后再来追评Und andere Kampf und dann zu schreiben jagen",2015-04-30 09:46:202015.04.30 09.46.20,,,
,,"正品，特别贴身，很舒服，本以为买小了，没想到刚刚好，紧身么不紧就显示不出身材，Authentic, vor allem persönliche, sehr komfortabel, dachte ich, ein kleines zu kaufen, habe ich nicht erwartet genau richtig, es ist nicht eng anliegende enthüllen nicht die Körper,",2015-04-30 09:36:322015.04.30 09.36.32,,,
,,"衣服很好  吸汗性好准备给同学也买Gute gute Schweiß Kleidung bereit, Klassenkameraden kaufen",2015-04-30 09:23:542015.04.30 09.23.54,,,
,,"正品！Genuine!做工精致！Exquisite!反面都可以当正面穿！Das Gegenteil kann, wenn die positive tragen!男朋友很喜欢！Boyfriend gefallen!很man 的衣服！Es ist Männerkleidung!",2015-04-30 04:57:572015.04.30 04.57.57,,,
,,"帮弟弟买的，他很中意，质量还可以吧！Hilfe mein Bruder zu kaufen, er mochte, die Qualität kann auch richtig sein!应该是正品。Es sollte echt sein.快递很好，还是顺丰的。Express ist sehr gut, und viel Glück.赞一个Wie ein",2015-04-29 23:24:292015.04.29 23.24.29,,,
,,"非常好，good！Sehr gut, gut!今天神准Heute Gott erlaubt",2015-04-29 21:18:502015.04.29 21.18.50,,,身高:172cmHöhe: 172cm
,,老公穿着很合适Mein Mann trägt einen sehr angemessen,2015-04-29 20:05:442015.04.29 20.05.44,,,
,,最满意的一次网购！Die mit Online-Shopping zufrieden!,2015-04-29 19:16:402015.04.29 19.16.40,,,
,,"没话说，好评！None, Lob!",2015-04-29 19:14:562015.04.29 19.14.56,,,
,,??,2015-04-29 16:59:082015.04.29 16.59.08,,,
,//img.alicdn.com/bao/uploaded/i4/17583078590203475/TB294JwcFXXXXaNXpXXXXXXXXXX_!!789957583-0-rate.jpg//img.alicdn.com/bao/uploaded/i4/17583078590203475/TB294JwcFXXXXaNXpXXXXXXXXXX_!!789957583-0-rate.jpg,太好啦Gute Freunde,2015-04-29 15:05:582015.04.29 15.05.58,,,
,,有一点长。Ein wenig länger.,2015-04-29 14:33:512015.04.29 14.33.51,,,身高:178cmHöhe: 178cm
,,"穿了一下，还好Tragen Sie ein wenig, aber zum Glück",2015-04-29 12:58:502015.04.29 12.58.50,,,
,,质量不错 就是小贵了！Gute Qualität ist ein wenig teuer!赞一个Wie ein,2015-04-29 11:24:512015.04.29 11.24.51,,,
,,东西不错Etwas Gutes,2015-04-29 10:54:472015.04.29 10.54.47,,,
,,"很合身，很满意Sehr fit, sehr zufrieden",2015-04-29 10:11:062015.04.29 10.11.06,,,
,,很好Gut,2015-04-29 09:58:162015.04.29 09.58.16,,,
,,很好Gut,2015-04-29 09:58:162015.04.29 09.58.16,,,
,,"还行......就是刚刚吃完饭不适合穿Okay, ...... Essen ist einfach nicht fit zu tragen",2015-04-29 09:03:582015.04.29 09.03.58,,,
,,很满意Sehr zufrieden,2015-04-29 08:28:412015.04.29 08.28.41,,,
,,"挺好的，旗舰的值得信赖Sehr gut, das Flaggschiff der vertrauenswürdigen",2015-04-29 00:24:252015.04.29 00.24.25,,,
,,"非常喜欢，超极棒！Sehr viel wie, super fantastisch!",2015-04-28 22:28:502015.04.28 22.28.50,,,身高:180cmHöhe: 180cm
240338667006|2015-04-30 22:21:52|穿了一天。240338667006 | 2015.04.30 22: 21: 52 | durch den Tag.有点宽松了|2||Ein wenig locker | 2 ||,//img.alicdn.com/bao/uploaded/i1/13893077610210820/TB2xaxpcFXXXXa6XpXXXXXXXXXX_!!577523893-0-rate.jpg//img.alicdn.com/bao/uploaded/i1/13893077610210820/TB2xaxpcFXXXXa6XpXXXXXXXXXX_!!577523893-0-rate.jpg,"包装什么的比阿迪达斯好了不止一点两点，速度很快，前天买得，今天就到了，顺风就是给力，就是我们这有个不好处，顺风是自提的，衣服不错，很修身，就是腋下的有点紧Was das Paket ein wenig mehr als zwei 比阿迪达斯 gut, sehr schnell, am Tag vor gestern heute kaufen ankam, ist der Wind, um die Kraft, die ist, dass wir nicht einen Vorteil, der Wind ist zu erwähnen, gute Kleidung, sehr Selbst-Anbau, das heißt, Achsel Unter ein wenig eng",2015-04-28 22:04:162015.04.28 22.04.16,,,
,,"衣服挺不错的，穿着好不好看关键还是看身材Sehr gute Kleidung, trug einen guten Blick guter Schlüssel ist, um den Körper zu sehen",2015-04-28 18:39:182015.04.28 18.39.18,,,
,,物流超快！Logistik ultra!,2015-04-28 17:46:132015.04.28 17.46.13,,,
,,"官方没的说Die offizielle sagte nicht,",2015-04-28 17:38:022015.04.28 17.38.02,,,
,,"其他都可以 就是衣服太长Die andere ist, dass die Kleider sind zu lang",2015-04-28 17:06:522015.04.28 17.06.52,,,
,,"老公超喜欢，说很好穿Mann in der Liebe, sagen gut zu tragen",2015-04-28 16:51:502015.04.28 16.51.50,,,
,,"东西不错，就是自己买小了。Etwas Gutes, das heißt, ihre eigene kleine, zu kaufen.。.",2015-04-28 13:51:052015.04.28 13.51.05,,,
,,"穿上简直舒爽，简直好顶赞Entspannen Sie Einfach gesagt, zu gut, um top Gefällt Ihnen",2015-04-28 12:05:342015.04.28 12.05.34,,,
,,"好东西   很紧身  就是为什么这么长Das ist, warum gute Dinge sehr eng, so lange",2015-04-28 11:52:582015.04.28 11.52.58,,,
,,身长有点长Ein bisschen länger in der Länge,2015-04-28 11:14:302015.04.28 11.14.30,,,
,,"速度很快，衣服很棒！Schnelle, gute Kleidung!",2015-04-28 10:08:442015.04.28 10.08.44,,,
,,还行Okay,2015-04-28 09:30:092015.04.28 09.30.09,,,
,,"宝贝很好，绝对正品！Baby ist sehr gut, absolut authentisch!赞一个！Wie diese!",2015-04-28 06:59:022015.04.28 06.59.02,,,
,,"衣服弹性超好、穿起来很舒服！Kleidung elastische super gut, sehr angenehm zu tragen!",2015-04-27 22:28:272015.04.27 22.28.27,,,身高:170cmHöhe: 170cm
,,"正品是必须的，发货速度也是可以的，最重要东西很好Authentic ist ein Muss, ist Liefergeschwindigkeit auch möglich, die wichtigste Sache gut",2015-04-27 22:27:302015.04.27 22.27.30,,,
,,很好?Gut?,2015-04-27 22:15:232015.04.27 22.15.23,,,
,,很好Gut,2015-04-27 22:10:232015.04.27 22.10.23,,,
,,"物流快，就是有点大Logistik schnell, ist es ein bisschen zu groß",2015-04-27 22:01:272015.04.27 22.01.27,,,
,,正品啊不错Genuine ah gut,2015-04-27 21:34:362015.04.27 21.34.36,,,
240249224362|2015-04-28 09:24:13|应该是正品|15||240249224362 | 2015.04.28 09: 24: 13 | sollte echt sein | 15 ||,,,2015-04-27 21:14:142015.04.27 21.14.14,,,
,,"不错,送货很及时.货品也很有型.Ja, sehr pünktliche Lieferung. Waren auch sehr Typ.",2015-04-27 20:27:072015.04.27 20.27.07,,,
,,"紧身，适合运动Tight, für den Sport geeignet",2015-04-27 20:00:322015.04.27 20.00.32,,,
,,穿着有点长了。Tragen ein bisschen lang.,2015-04-27 19:28:532015.04.27 19.28.53,,,
,,"衣服是正品，很喜欢。Kleidungsstücke sind echt, sehr viel.",2015-04-27 17:41:002015.04.27 17.41.00,,,
,,衣服很合身 我是62公斤 171身高 穿着刚好Kleider passen mir nur das Tragen 62 kg 171 Höhe,2015-04-27 17:11:332015.04.27 17.11.33,,,
,,一般，有异味。In der Regel gibt es Geruch.,2015-04-27 17:00:052015.04.27 17.00.05,,,
,,"其实我是挺无语的。In der Tat, war ich ziemlich sprachlos.顺风慢的要死。Downwind langsamen Tod.同时在聚美优品上买了一件蓝色的结果发错货。In der Zwischenzeit in den Vereinigten Staaten zusammen überlegenes Produkt gekauft haben, haben eine blaue Ergebnisse falsche Waren zugesandt.到货是黑色的。Anreise ist schwarz.结果两件衣服一模一样。Ergebnisse aus zwei identischen Kleidung.在这买的是199，在聚美优品买的是159还用优惠券了。In diesem Kauf ist 199, in den Vereinigten Staaten zusammen überlegenes Produkt zu kaufen ist 159 verwendet auch den Gutschein.天猫旗舰店。Lynx Flagship-Store.太坑了。Too Grube.",2015-04-27 16:22:262015.04.27 16.22.26,,,身高:178cmHöhe: 178cm
,,"就等暑假去健身房瘦下来穿，必须瘦下来。Auf der anderen Sommerabnutzung in die Turnhalle, abspecken, müssen abspecken.",2015-04-27 14:37:022015.04.27 14.37.02,,,
,,"很棒！Großartig!客服推荐很准确，物流快，包装好有发票！Empfohlen sehr genaue Kundendienst, Logistik schnell, verpackt Rechnungen!没的说！Um nicht zu sagen, dass!",2015-04-27 14:08:232015.04.27 14.08.23,,,
,,好！Okay!,2015-04-27 14:02:042015.04.27 14.02.04,,,
,,不错Recht,2015-04-27 13:22:062015.04.27 13.22.06,,,
,,一开始穿有点紧War schon ein wenig eng zu tragen,2015-04-27 12:21:382015.04.27 12.21.38,,,
,,很不错Sehr schön,2015-04-27 11:13:322015.04.27 11.13.32,,,
,,好好好好好好好好好好好好好好好好好好好好好Gut gut gut gut gut gut gut gut gut gut gut,2015-04-27 10:23:232015.04.27 10.23.23,,,
,,"给儿子买的，很喜欢，有需要还会来购。Zu kaufen sein Sohn, wie, gibt es einen Bedarf auch zu kaufen.",2015-04-27 10:20:582015.04.27 10.20.58,,,身高:181cmHöhe: 181cm
,,"物流太快了衣服背后有白色的\n字母不知道为什么Logistik zu schnell mit weißen Kleidern hinter \ n Brief weiß nicht, warum",2015-04-27 09:12:422015.04.27 09.12.42,,,
,,好评。Lob.,2015-04-27 08:40:392015.04.27 08.40.39,,不错。Ja.,身高:170cmHöhe: 170cm
,//img.alicdn.com/bao/uploaded/i2/12381078223837223/TB2YsXccFXXXXbyXXXXXXXXXXXX_!!2441642381-0-rate.jpg//img.alicdn.com/bao/uploaded/i2/12381078223837223/TB2YsXccFXXXXbyXXXXXXXXXXXX_!!2441642381-0-rate.jpg,"感觉没有老款的好  穿上效果不错Die alten Modelle fühlte sich nicht gut, um gute Ergebnisse zu tragen",2015-04-27 01:29:552015.04.27 01.29.55,,,
,,"果然是没有腱子肉，就别买紧身衣。Sicher genug, gibt es kein Sehnen Fleisch, nicht kaufen, Strumpfhosen.。.。.",2015-04-27 01:29:262015.04.27 01.29.26,,,身高:170cmHöhe: 170cm
,,"184穿M号的衣服有点小，很紧啊M No. 184 tragen Kleider ein wenig, sehr eng ah",2015-04-26 22:12:512015.04.26 22.12.51,,,身高:184cmHöhe: 184cm
,,很舒服Sehr bequem,2015-04-26 20:20:532015.04.26 20.20.53,,,
,,还不错吧Nicht schlecht,2015-04-26 20:12:132015.04.26 20.12.13,,,
,,"还不错,像是正品Gut, wie eine echte",2015-04-26 19:24:552015.04.26 19.24.55,,,
,,快递吊爆了！Express hängen platzen!！!,2015-04-26 18:47:152015.04.26 18.47.15,,,
,,"挺好的，是正品，但是我好像买小了。Sehr gut, es ist echt, aber ich scheine zu kaufen klein.",2015-04-26 15:56:332015.04.26 15.56.33,,,
,,衣服很好正品Genuine gute Kleidung,2015-04-26 15:31:232015.04.26 15.31.23,,,
,,挺好Sehr gut,2015-04-26 15:26:312015.04.26 15.26.31,,,
,,"不错，是正品，就是没有优惠，和店里买一个价，五环都88折呢，不合理Ja, es ist echt, das ist nicht Zugeständnisse, und der Laden, um einen Preis zu kaufen, sind die Ringe 88% weg von ihr, unvernünftig",2015-04-26 14:33:452015.04.26 14.33.45,,,
,,"很好很满意，谢谢！Sehr, sehr zufrieden, danke!",2015-04-26 13:32:072015.04.26 13.32.07,,,
,,"紧身，肚子大的有点儿明显Tight, dicken Bauch ein bisschen auf der Hand",2015-04-26 12:56:432015.04.26 00.56.43,,,
,,"东西很好 很合身Etwas sehr, sehr fit",2015-04-26 11:56:172015.04.26 11.56.17,,,
,,"物流很给力，衣服买好多次了，依旧很棒Logistik ist zu zwingen, kaufte Kleider viele Male, immer noch gut",2015-04-26 11:04:182015.04.26 11.04.18,,,
,,"给儿子买的，灰色黑色各一件，他喜欢Um seinen Sohn zu kaufen, die grau schwarz jeder, er mag",2015-04-26 09:44:152015.04.26 09.44.15,,,
,,"给儿子买的，他很喜欢Um seinen Sohn zu kaufen, und er mochte",2015-04-26 09:44:152015.04.26 09.44.15,,,
,,"发的顺丰，太给力了！Ausgestellt SF, um zu zwingen!衣服很好，穿着很有型Gute Kleidung, trug ein sehr Typ",2015-04-25 23:12:212015.04.25 23.12.21,,,
,,"很好，都很好！Sehr gut, sehr gut!很细心，大品牌注重细节！Sehr vorsichtig, große Marken und Liebe zum Detail!",2015-04-25 23:08:122015.04.25 23.08.12,,,
,,很好！Sehr gut!,2015-04-25 22:26:472015.04.25 22.26.47,,,
,,很棒 是真品 穿上打球健身 非常舒服 有力量 看上去很帅Groß ist echte Fitness tragen sehr komfortabel spielen leistungsfähige sieht stattlich,2015-04-25 20:20:072015.04.25 20.20.07,,,身高:177cmHöhe: 177cm
,,"是真品，穿上健身打球 感觉很吸汗 舒服Echt ist, Fitness-Verschleiß Schweiß Spiel sich wohl fühlen",2015-04-25 20:20:072015.04.25 20.20.07,,,身高:188cmHöhe: 188cm
,,"很棒，没得挑Großartig, nicht zu holen",2015-04-25 19:18:172015.04.25 19.18.17,,,
,,东西很好Etwas Gutes,2015-04-25 18:11:032015.04.25 18.11.03,,,
"240092727624|2015-04-25 17:30:13|洗后不会变形，而且面料特变舒服，即使出汗也会速干！240092727624 | 2015.04.25 17: 30: 13 | Waschen nicht verformt, und spezielle Stoffe sich bequem, sogar Schwitzen Sugan!|0||| 0 ||",,,,,,身高:175cmHöhe: 175cm
,,,,,,
,,很好。Sehr gut.,,,,
,,,,,,身高:165cmHöhe: 165cm
,,,,,,
,,,,,,
,,还行Okay,,,,
,,,,,,
,,,,,,
,,,,,,
,,,,,,
,,,,,,
,,,,,,
,,,,,,
,,不错Recht,,,,
,,,,,,
,,,,,,
,,,,,,
,,,,,,
,,,,,,
,,,,,,
,,正品！Genuine!,,,,
,,,,,,身高:170cmHöhe: 170cm
,,,,,,
,,,,,,
,,,,,,
,,,,,,
,,,,,,
,,很不错很合身，紧身，速度很快，22号买23号就到了。。.,,,,
,,不错。Ja.同事很满意,,,,
,,,,,,
,,,,,,
,,niceschön,,,,
,,,,,,
,,,,,,
,,,,,,身高:170cmHöhe: 170cm
,,,,,,
,,,,,,
,,,,,,
,,,,,,
,,,,,,
,,,,,,
,,,,,,
,,,,,,
,,,,,,
,,,,,,
,,,,,,身高:175cmHöhe: 175cm
,,不错Recht,,,不错Recht,
,,不错。Ja.,,,,
,,,,,,
,,,,,,
,,,,,,
,,,,,,
,,,,,,
,,,,,,
,,,,,,
,,,,,,
,,,,,,
,,,,,,
,,,,,,
,,,,,,
,,,,,,
,,号码有点小。建议买大一码的。不错Recht,,,,
,,,,,,
,,,,,,
,,,,,,
,,,,,,
,,是正品，第一次在网上买衣服，没想到这么合身、以后会再来的，希望下次可以送点小赠品！！!！!,,,,
,,,,,,
,,,,,,
,,酷！Cool!！!,,,,
,,,,,,
,,,,,,
,,,,,,
,,,,,,
,,,,,,
,,,,,,
,,,,,,
,,,,,,
,,,,,,
,,,,,,
,,,,,,
,,niceschön,,,,
,,,,,,
,,,,,,
,,,,,,
,,,,,,
,,,,,,
,,,,,,
,,,,,,
,,还不错Ziemlich gut,,,,
,,,,,,
,,,,,,
,,,,,,
,,,,,,
,,??,,,,
,,,,,,
,,不错Recht,,,,
,,,,,,
,,,,,,身高:175cmHöhe: 175cm
,,,,,,
,,,,,,
,,,,,,
,,,,,,
,,,,,,
,,,,,,
,,,,,,
,,好Okay,,,,
,,,,,,
,,,,,,
,,,,,,
,,不错哦！Oh gut!儿子喜欢,,,,
,,,,,,
,,,,,,
,,,,,,
,,,,,,
,,,,,,
,,,,,,
,,,,,,
,,,,,,
,,,,,,
,,很赞Ziemlich cool,,,,
,,挺好的Sehr gut,,,,
,,,,,,
,,,,,,
,,,,,,
,,还行Okay,,,,
,,,,,,
,,,,,,
,,,,,,
,,,,,,
,,,,,,
,,,,,,
,,一开始以为衣服小了，后来发现紧身衣就是这样的，质量很好很有弹性，客服态度很好。好评！Good!,,,,
,,,,,,
,,,,,,
,,,,,,
,,,,,,
,,,,,,
,,,,,,
,,还可以Du kannst auch,,,,
,,,,,,
,,,,,,
,,,,,,
,,,,,,
,,,,,,
,,,,,,
,,,,,,
,,,,,,
,,,,,,
,,,,,,
,,,,,,
,,,,,,
,,,,,,
,,,,,,
,,,,,,
,,,,,,
,,质量不错Gute Qualität,,,,
,,,,,,身高:170cmHöhe: 170cm
,,,,,,
,,很好！Sehr gut!穿上特别舒服！下摆也没有担心的那么长,,,,
,,绝对正品。。.手感很好，顺丰又给力。还有发票也寄过来。下次还来。不多说上图,,,,
,,,,,,
,,,,,,
,,,,,,
,,,,,,
,,,,,,
,,,,,,
,,,,,,
,,,,,,
,,不错Recht,,,,
,,,,,不错Recht,
,,,,,,
,,,,,,
,,,,,不错！Ja!！!,
,,,,,,身高:175cmHöhe: 175cm
,,非常棒！Großartig!！!！!good~,,,,
,,,,,,
,,紧身。。.好Okay,,,,
,,,,,,
,,,,,,
,,,,,,
,,,,,,
,,,,,,
,,不错Recht,,,,
,,,,,,
,,很好Gut,,,,
,,,,,,
,,,,,,
,,,,,,
,,,,,,
,,不错Recht,,,,
,,,,,,
,,,,,,
,,,,,,身高:165cmHöhe: 165cm
,,不错Recht,,,,
,,,,,,
,,,,,,
,,,,,,
,,,,,,
,,,,,,
,,好评Günstige Kommentar,,,,
,,,,,,
,,,,,,
,,,,,,
,,,,,,
,,,,,,
,,,,,,
,,好Okay,,,,
,,,,,,
,,,,,,
,,买给男票的，182，65kg，买的xl码，他说刚好，但我觉得还是稍微大了点点，喜欢紧身的可以再小一个号。。.。.不过他很喜欢，打篮球时候穿在里面，吸汗效果极佳，很舒服呐。。.。.好评，而且发货速度很快，感觉还是官网靠谱。。.。.,,,,
,,,,,,
,,,,,,
,,好！Okay!物流很快！Logistik bald!,,,,
,,,,,,
,,,,,,
,,,,,,
,,其实还是灰的漂亮，比实体店还贵点五环周末打八折，主要是不想跑了。。.包装很精美,,,,
,,,,,,
,,,,,,
,,,,,,
,,很好，很快。。.,,,,身高:170cmHöhe: 170cm
,,,,,,
,,,,,,
,,,,,,
,,,,,,
,,,,,,
,,,,,,
,,,,,,
,,,,,,
,,还不错Ziemlich gut,,,,
,,,,,,
,,不错Recht,,,,
,,还行Okay,,,,
,,,,,,
,,,,,,
,,,,,,
,,,,,,
,,,,,,
,,,,,,
,,,,,,
,,,,,,身高:175cmHöhe: 175cm
,,,,,,
,,衣服不错！上身的感觉很好！！!！!,,,,
,,,,,,
,,,,,,
,,,,,,
,,,,,,
,,不错Recht,,,,
,,,,,,
,,,,,,
,,,,,,
,,,,,,
,,不管是东西，还是服务，物流都是真心好.好评，好评！！!,,,,
,,,,,,
,,,,,好Okay,身高:175cmHöhe: 175cm
,,,,,,
,,,,,,
,,,,,,
,,,,,,
,,很喜欢Ich mag,,,,
,,,,,,
,,,,,,
,,,,,,
,,很好Gut,,,,
,,,,,,
,,非常好Das ist gut,,,,
,,很好Gut,,,,
,,很好Gut,,,,
,,,,,,
,,,,,,
,,好Okay,,,,
,,,,,,
,,,,,,
,,,,,,
,,可以Dose,,,,
,,,,,,
,,,,,,
,,,,,,
,,,,,,
,,,,,,
,,,,,,
,,,,,,
,,,,,,
,,,,,,
,,,,,,
,,好Okay,,,,
,,好！Okay!,,,,
,,,,,,
,,,,,,
,,,,,,
238998707403|2015-05-11 09:24:34|跟实体店一样，很不错。很好。Sehr gut.|30||,,,,,,身高:170cmHöhe: 170cm
,,,,,,
,,,,,,
,,,,,,
,,,,,,
,,,,,,
,,,,,,
,,,,,,
,,,,,,
,,nullnichtig,,,,
,,蛮好的Alles gut,,,,
,,,,,,
,,为什么衣服的条形码扫不出来东西 票据什么的还挺全不知道是不是正   衣服还行吧  。。.,,,,
,,,,,,
,,很满意！Sehr zufrieden!速度快！帅。,,,,
,,,,,,
,,,,,,
,,,,,,
,,,,,,
,,,,,,
,,,,,,
,,,,,,
,,,,,,
,,,,,,
,,,,,一般General,
,,,,,,
,,,,,,
,,,,,,
,,,,,,
,,官网就是给力，爽！显肌肉神器！??,,,,
,,,,,,
,,nullnichtig,,,,
,,,,,,
,,很好。Sehr gut.很合身。棒棒哒,,,,
,,,,,,
,,,,,,
,,,,,,
,,,,,,
,,,,,,
,,,,,,
,,,,,,
,,好！Okay!,,,,
,,,,,,
,,,,,,
,,,,,,
,,,,,,
,,,,,,
,,,,,,
,,不錯Recht,,,,
,,,,,,
,,,,,,
,,好Okay,,,,
,,,,,,
,,,,,,
,,,,,,
,,,,,,
,,,,,,
,,,,,,
,,,,,,
,,,,,,
,,,,,,
,,,,,,
,,,,,,
,,,,,,
,,,,,,
,,,,,,
,,正品Authentisch,,,,
,,还不错哦Oh gut,,,,
,,很好！Sehr gut!！!！!很舒服,,,,
,,,,,,
,,一如既往的好Immer gut,,,,
,,,,,,
,,,,,,
,,,,,,
,,好Okay,,,,
,,,,,,
,,,,,,
,,好Okay,,,,
,,不错Recht,,,,
,,好Okay,,,,
,,,,,,
,,正品Authentisch,,,,
,,,,,,
,,,,,,
,,,,,,
,,,,,,
,,,,,,
,,,,,,
,,,,,,
,,,,,,
,,,,,,
,,,,,,身高:170cmHöhe: 170cm
,,,,,,
,,,,,,
,,很好Gut,,,,
,,,,,,
,,太棒了Großartig,,,,
,,,,,,
,,不错。Ja.,,,,
,,,,,,
,,很不错的衣服！正品！Genuine!,,,,
,,,,,,
,,,,,,
,,,,,,
,,,,,,
,,,,,和Und,
,,,,,,
,,,,,,
,,,,,,
,,不错。Ja.正品行货,,,,
,,,,,,
,,,,,,
,,,,,,
,,,,,,
,,,,,,
,,,,,,
,,好Okay,,,,
,,,,,,
,,,,,,
,,好评！Good!,,,,
,,,,,,
,,,,,,
,,,,,,
,,,,,,
,,,,,,
,,,,,,
,,,,,,
,,,,,,
,,,,,,
,,,,,,
,,,,,,
,,,,,,
,,,,,,
,,,,,,
,,,,,,
,,很喜欢Ich mag,,,,
,,,,,,
,,,,,,
,,,,,,
,,,,,,
,,,,,,
,,,,,,
,,,,,,
,,,,,,
,,,,,,
,,,,,,
,,,,,,
,,,,,,
,,,,,,
,,,,,,
,,,,,,
,,好Okay,,,,
,,太快了，，都不习惯，，昨天下午订的，今早就到了，，。。.！!！!,,,,
,,,,,,
,,,,,,
,,,,,,
,,,,,,
,,,,,,
,,,,,,
,,,,,,
,,,,,,
,,,,,,
,,,,,,
,,,,,,
,,,,,,
,,,,,,
,,,,,,
,,,,,,
,,,,,,
,,,,,,
,,,,,,
,,,,,,
,,,,,,
,,,,,,
,,,,,,
,,,,,,
,,,,,,
,,,,,,
,,,,,,
,,,,,,
,,,,,,
,,,,,,
,,,,,,
,,,,,,
,,,,,,
,,大爱Lieben,,,,
,,,,,,
,,,,,,
,,,,,,
,,可以Dose,,,,
,,,,,,
,,,,,,
,,,,,,
,,帅Shuai,,,好Okay,
,,,,,,
,,,,,,
,,,,,,
,,,,,,
,,,,,,
,,,,,,
,,,,,,身高:170cmHöhe: 170cm
,,,,,好Okay,身高:155cmHöhe: 155cm
,,,,,,
,,,,,,
,,,,,,
,,,,,,
,,,,,,
,,正品！Genuine!质量很好。Gute Qualität.商家还附带发票。特别赞！,,,,
,,,,,,
,,,,,,
,,,,,,
,,,,,,
,,,,,,
,,,,,,
,,,,,,
,,,,,,
,,,,,,
,,,,,,
,,,,,,
,,衣服穿着很显身材，夏天锻炼用。不错Recht,,,,
,,,,,,
,,,,,,
,,很好Gut,,,,
,,,,,,
,,,,,,
,,,,,,
,,很喜欢Ich mag,,,,
,,,,,,
,,很好Gut,,,,
,,,,,,
,,,,,,
,,,,,,
,,挺好的Sehr gut,,,,
,,,,,,
,,衣服不错，健身的时候穿着感觉很好，下次还在这儿购买！！!,,,,
,,,,,,
,,,,,,
,,,,,,
,,,,,,
,,,,,,
,,,,,,
,,,,,,
,,好Okay,,,,
,,,,,,
,,,,,,
,,,,,,
,,,,,,
,,,,,,
,,不错，是正品，包装正规，好评！！!,,,,身高:170cmHöhe: 170cm
,,好Okay,,,,
,,正品Authentisch,,,,
,,,,,,
,,,,,,
,,不错Recht,,,,
,,好的Gut,,,,
,,,,,,
,,,,,,
,,,,,,
,,,,,,
,,,,,,
,,好评Günstige Kommentar,,,,
,,,,,,
,,,,,,
,,,,,,
,,还可以。Okay.质量不错。正品Authentisch,,,,
,,不错Recht,,,,
,,,,,,
,,,,,,
,,不错不错Nicht schlecht,,,,
,,,,,,
,,东西真不多！！!！!！!,,,,
,,,,,,
,,,,,,
,,发货快！Schnelle Lieferung!物流快！,,,,
,,,,,,
,,,,,,
,,,,,,
,,,,,,
,,,,,,
,,,,,,
,,,,,,
,,,,,,
,,,,,,
,,,,,,
,,不错不错Nicht schlecht,,,,
,,,,,,
,,,,,,
,,,,,,
,,不错不错，洛阳世纪英豪健身俱乐部双溪布洛店专用衣服！！!,,,,
,,,,,,
,,,,,,
,,,,,,
,,衣服穿着很显身材，夏天锻炼用。不错Recht,,,,
,,,,,,
,,,,,,
,,很好Gut,,,,
,,,,,,
,,,,,,
,,,,,,
,,很喜欢Ich mag,,,,
,,,,,,
,,很好Gut,,,,
,,,,,,
,,,,,,
,,,,,,
,,挺好的Sehr gut,,,,
,,,,,,
,,衣服不错，健身的时候穿着感觉很好，下次还在这儿购买！！!,,,,
,,,,,,
,,,,,,
,,,,,,
,,,,,,
,,,,,,
,,,,,,
,,,,,,
,,好Okay,,,,
,,,,,,
,,,,,,
,,,,,,
,,,,,,
,,,,,,
,,不错，是正品，包装正规，好评！！!,,,,身高:170cmHöhe: 170cm
,,好Okay,,,,
,,正品Authentisch,,,,
,,,,,,
,,,,,,
,,不错Recht,,,,
,,好的Gut,,,,
,,,,,,
,,,,,,
,,,,,,
,,,,,,
,,,,,,
,,好评Günstige Kommentar,,,,
,,,,,,
,,,,,,
,,,,,,
,,还可以。Okay.质量不错。正品Authentisch,,,,
,,不错Recht,,,,
,,,,,,
,,,,,,
,,不错不错Nicht schlecht,,,,
,,,,,,
,,东西真不多！！!！!！!,,,,
,,,,,,
,,,,,,
,,发货快！Schnelle Lieferung!物流快！,,,,
,,,,,,
,,,,,,
,,,,,,
,,,,,,
,,,,,,
,,,,,,
,,,,,,
,,,,,,
,,,,,,
,,,,,,
,,不错不错Nicht schlecht,,,,
,,,,,,
,,,,,,
,,,,,,
,,不错不错，洛阳世纪英豪健身俱乐部双溪布洛店专用衣服！！!,,,,
,,,,,,
,,很好Gut,,,,
,,,,,,
,,,,,,
,,,,,好Okay,
,,还可以。Okay.只是尺码选小了。身高175体重78最后买了一件L的,,,,
,,,,,,
,,,,,,
,,,,,,
,,,,,,
,,,,,,
,,,,,,
,,,,,,
,,,,,,
,,,,,,
,,正品！Genuine!晚上健身房穿去试试,,,,
,,,,,,
,,,,,,
,,,,,,
,,,,,,
,,,,,,
,,,,,,
,,衣服应该是正品，但实际排汗效果不太好，衣服贴身上冰冰凉。包装发票外观都还是很不错看得出卖家的细心。好评！Good!,,,,
,,00,,,,
,,很舒适！！!两天收货！！!,,,,
,,,,,,
,,,,,,
,,满意Zufriedenheit,,,,
,,,,,,
,,,,,,
,,,,,,
,,,,,,
,,,,,,
,,,,,,
,,,,,,
,,,,,,
,,,,,,
,,,,,,
,,,,,,
,,,,,,
,,,,,,
,,,,,,
,,,,,,
,,,,,,
,,衣服略满意吧！男票180，145左右！买的xl的穿着略大...而且超级长...应该买175的估计穿着更合身一些！！!,,,,
,,质量很好Gute Qualität,,,,
,,,,,,
,,,,,,
,,,,,,
,,好评Günstige Kommentar,,,好评Günstige Kommentar,
,,,,,,
,,,,,赞，顺丰快递速度惊人。。.。.昨天拍的，今天下午到货。。.,身高:170cmHöhe: 170cm
,,很不错！包装好！正品！Genuine!！!！!物流真的没得说！很喜欢顺丰！,,,,
,,,,,,
,,不错Recht,,,,
,,不错Recht,,,不错Recht,身高:175cmHöhe: 175cm
,,,,,,
,,,,,,
,,,,,,
,,,,,,
,,,,,,
,,,,,,
,,,,,,
,,很满意Sehr zufrieden,,,,
,,货到了不通知我让我给快递打电话，什么鬼？？?？?不过是真的发票很好,,,,
,,很合身Sehr fit,,,,
,,,,,,
,,,,,,
,,,,,,
,,,,,,
,,,,,,
,,,,,,
,,非常好Das ist gut,,,,
,,,,,,
,,还可以。Okay.第二次在这里买东西了。,,,,
,,,,,,
,,挺好的Sehr gut,,,,
,,,,,,
,,我Ich,,,,
,,,,,,
,,,,,,
,,超级满意，身高175、体重69，买L！卖家服务超好、发货超快！赞赞赞Lob Lob Lob,,,,
,,质量好！Gute Qualität!,,,,
,,一直在这帮同学买，质量很好。跟了我三年一点事也没有。大赞！Loben!,,,,
,,,,,,
,,发的顺丰，第二天就到了，包装很好，衣服质量也不错，有紧身效果，穿着舒适，很满意的一次购物！！!,,,不错Recht,
,,,,,,
,,,,,,
,,,,,,
,,还可以Du kannst auch,,,,
,,,,,,
,,,,,,
,,,,,,
,,,,,,
,,,,,,
,,,,,,
,,,,,,
,,好！Okay!,,,,
,,,,,,
,,,,,,
,,,,,,
,,,,,,
,,,,,,
,,,,,,
,,,,,,
,,,,,,
,,,,,,
,,,,,,
,,,,,,
,,正品！Genuine!质量挺好的！,,,,
,,,,,,身高:165cmHöhe: 165cm
,,,,,,
,,,,,,
,,,,,,
,,,,,,
,,,,,,
,,,,,,
,,不错Recht,,,,
,,,,,,
,,,,,,
,,发的顺丰第二天就到了，衣服很好很舒服！健身穿，有紧身效果，很显身材很有型！挺满意的！！!,,,还行Okay,
,,,,,,
,,,,,,
,,,,,,
,,,,,,
,,,,,,
,,还不错Ziemlich gut,,,,
,,,,,,
,,不错Recht,,,,
,,,,,,
,,,,,,
,,,,,,
,,,,,,身高:170cmHöhe: 170cm
,,,,,,
,,,,,,
,,,,,,
,,,,,,
,,不错Recht,,,,
,,,,,,
,,,,,,身高:155cmHöhe: 155cm
,,爽到爆了。是正品，没有问题。尺码大小正好。。.导购不错。推荐得。很满意，下次绝对还来买。,,,,
,,,,,,
,,,,,,身高:170cmHöhe: 170cm
,,,,,,身高:166cmHöhe: 166cm
,,好Okay,,,,
,,,,,,
,,,,,,
,,很好Gut,,,,
,,非常好Das ist gut,,,,身高:158cmHöhe: 158cm
,,,,,,
,,,,,,
,,,,,,
,,,,,,
,,看过了，是正品，衣料收缩弹力不错，包装很好，物流很快．．.．.．.５星,,,,
,,,,,,
,,,,,,
,,,,,,
,,,,,,
,,,,,,
,,,,,,
,,,,,,
,,,,,,
,,不错！Ja!,,,,
,,很好Gut,,,,
,,非常不错Sehr gut,,,,
,,好！Okay!真的,,,,
,,,,,,
,,,,,,
,,,,,,
,,,,,,
,,,,,,
,,,,,,
,,,,,,
,,,,,,
,,好Okay,,,,
,,,,,,
,,,,,,
,,,,,,
,,,,,,
,,,,,,
,,,,,,
,,,,,,
,,,,,,
,,,,,,
,,满意Zufriedenheit,,,,身高:175cmHöhe: 175cm
,,,,,,
,,,,,,
,,,,,,
,,,,,,
,,,,,,
,,很满意，快递真快   而且服务态度非常好！！!！!,,,,
,,挺好Sehr gut,,,,
,,,,,,
,,不错Recht,,,,
,,,,,,身高:170cmHöhe: 170cm
,,,,,,
,,很好！Sehr gut!,,,,
,,,,,,
,,不错！Ja!,,,,
,,,,,,
,,很好！Sehr gut!！!！!值得推荐~~~,,,,
,,,,,,
,,,,,,
,,,,,,
,,,,,,
,,,,,,
,,,,,,
,,,,,,
,,不错Recht,,,,
,,,,,,身高:175cmHöhe: 175cm
,,,,,,
,,,,,,
,,,,,,
,,,,,,
,,很好Gut,,,,
,,,,,,
,,,,,,
,,,,,,
,,,,,,
,,,,,,
,,,,,,
,,,,,,
,,,,,,
,,,,,,
,,,,,,
,,,,,,
,,东西很好Etwas Gutes,,,,
,,,,,,
,,,,,,
,,,,,,
,,帅Shuai,,,,
,,,,,,
,,,,,,
,,不错Recht,,,,
,,,,,,
,,,,,,
,,,,,,
,,,,,,
,,,,,,
,,第一次拍错了！不过退款！询问都特别热情！购物很愉快！穿上肌肉挺显的！看吸汗如何！值得期待！五星Fünf Sterne,,,,
,,,,,,
,,,,,,
,,,,,,
,,,,,,
,,,,,,
,,,,,,
,,,,,,
,,,,,,
,,,,,,
,,,,,,
,,好Okay,,,,
,,,,,,
,,有极大色差，实物是玫瑰红。老公不拘小节穿着还挺高兴。。.,,,,
,,很好Gut,,,,
,,,,,,
,,,,,,
,,,,,,
,,,,,,
,,,,,,
,,非常喜欢。Sehr viel.排汗功能出色，性价比很高。,,,,
,,还好Glücklicherweise,,,,
,,,,,,
,,好Okay,,,,
,,,,,,
,,,,,,
,,,,,,
,,穿着很舒服！！!,,,,
,,赞！Gefällt mir!,,,,
,,,,,,
,,,,,,
,,,,,,
,,,,,,
,,,,,,
,,可以Dose,,,,
,,,,,,
,,,,,,
,,,,,,
,,,,,,
,,,,,,
,,,,,,
,,快递快的吓人！！!！!衣服不错就是有一点点小。。.。.可能是我太高的原因。。.。.,,,,
,,,,,,
,,,,,,
,,,,,,
,,官方店嘛，没什么多说的！哈哈Haha,,,,
,,,,,,
,,,,,,
,,正品Authentisch,,,,身高:175cmHöhe: 175cm
,,,,,,
,,,,,,
,,,,,,
,,非常好Das ist gut,,,,
,,,,,,
,,,,,,
,,??,,,,
,,,,,,
,,,,,,
,,挺好的Sehr gut,,,,
,,,,,,
,,,,,,
,,,,,,
,,,,,,
,,,,,,
,,不错Recht,,,,
,,,,,,
,,,,,,
,,,,,,
,,,,,,
,,,,,,
,,衣服版型非常好，上身很舒服，就是略贵 哈哈\n顺丰超快啊，上海到山西只需要一天！！!！!反正我是惊呆了，最快的一次，没有之一,,,,
,,,,,,
,,,,,很好Gut,
,,,,,,
,,,,,,
,,不错。Ja.还行吧Okay,,,,
,,,,,,
,,,,,,
,,,,,,
,,还行Okay,,,,
,,,,,,
,,,,,,
,,好的Gut,,,,
,,正品Authentisch,,,,
,,,,,,
,,很好Gut,,,,
,,,,,,
,,,,,,
,,不错～Gut ~,,,,
,,,,,,
,,,,,,
,,,,,,
,,还不错，就是长度有点长。。.,,,,身高:175cmHöhe: 175cm
,,,,,,
,,,,,,
,,,,,,
,,,,,,
,,,,,,
,,,,,,
,,,,,,
,,,,,,
,,,,,,
,,,,,,
,,,,,,
,,,,,,
,,,,,,
,,,,,,
,,,,,,
,,,,,,
,,,,,,
,,好评！Good!,,,,
,,,,,,
,,,,,,
,,,,,,
,,,,,,
,,,,,,
,,,,,,
,,,,,,
,,,,,,
,,一如既往的好！！!！!还会再来的！！!,,,,
,,,,,,
,,,,,,
,,衣服上身效果超赞！很好！Sehr gut!,,,,
,,质量不错，颜色色差太大了。。.。.基本是桃红。。.。.,,,,
,,,,,,
,,,,,,
,,老公穿起来很合适哦！哈哈Haha,,,,
,,,,,,
,,,,,,
,,不错Recht,,,,
,,很好。Sehr gut.。.。.。.,,,,
,,,,,,
,,,,,,
,,,,,,
,,还不错Ziemlich gut,,,,
,,好Okay,,,,
,,,,,,
,,,,,,
,,,,,,
,,偏Schräge,,,,
,,,,,,
,,,,,,
,,,,,,
,,,,,,
,,,,,,
,,,,,,
,,,,,,
,,不错Recht,,,,
,,,,,,
,,,,,,
,,还不错Ziemlich gut,,,,
,,,,,,
,,,,,,
,,,,,,
,,,,,,
,,衣服相当好！质量，触摸质感都不错！ 1米76，65公斤选M号！有点长！不过耐克这训练服就这尿性！其他地方都很紧身！唯独腰身部分有些宽松！可能是因为自己腰太细。。.。.没法！非常满意的一次网购！,,,,
,,,,,,
,,,,,,
,,,,,,
,,,,,,
,,,,,,
,,,,,,
,,,,,,
,,,,,,
,,,,,,
,,在In,,,,
,,,,,,身高:170cmHöhe: 170cm
,,,,,不错Recht,
,,,,,,
,,,,,,
,,,,,,
,,,,,,
,,,,,,
,,,,,,
,,,,,,
,,,,,,
,,,,,,
,,,,,,
,,,,,,
,,,,,,
,,很好Gut,,,,
,,非常不错Sehr gut,,,,
,,,,,,
,,,,,,
,,,,,,
,,,,,,
,,非常快，还有发票，很正规！衣服质量很好！值得信赖！Vertrauenswürdig!,,,,
,,很好Gut,,,,
,,,,,,
,,,,,,
,,很好Gut,,,,
,,东西不错，是正品穿着超显身材。 8快全部暴露出来了。。.赞+1 但是不知道会不会穿久了变形！,,,,
,,,,,,
,,不错Recht,,,,
,,,,,,身高:175cmHöhe: 175cm
,,,,,,
,,,,,,
,,,,,,
,,,,,,
,,,,,,
,,,,,,
,,质量不错Gute Qualität,,,,
,,非常好，顺丰真快，衣服非常贴身，很舒服。??,,,,
,,,,,,
,,,,,,
,,,,,,
,,,,,,
,,,,,,
,,我188，87kg结果上衣有点大了？......,,,,
,,,,,,
,,,,,,
,,,,,,
,,,,,,
,,非常好Das ist gut,,,,身高:170cmHöhe: 170cm
,,,,,,
,,,,,很满意Sehr zufrieden,
,,,,,,
,,,,,,
,,,,,,
,,,,,,
,,,,,,
,,,,,,
,,"“""",,,,
,,衣服很棒！很喜欢Ich mag,,,,
,,还可以Du kannst auch,,,,
,,蛮好的Alles gut,,,,
,,,,,,
,,,,,,
,,,,,,
,,,,,,
,,很好！Sehr gut!,,,,
,,,,,,
,,,,,,
,,好Okay,,,,
,,,,,,
,,,,,,
,,,,,,
,,,,,,
,,,,,,
,,,,,,
,,还行Okay,,,,
,,,,,,
,,,,,,
,,,,,,
,,正品Authentisch,,,,
,,,,,,
,,,,,,
,,,,,,
,,,,,,
,,,,,,
,,很好Gut,,,,
,,,,,,
,,,,,,
,,,,,,
,,,,,,
,,好Okay,,,,
,,??????,,,,
,,,,,,
,,好Okay,,,,
,,,,,,
,,,,,,
,,,,,,
,,满意Zufriedenheit,,,,
,,,,,,
,,,,,挺好的Sehr gut,
,,,,,,
,,,,,,
,,,,,,
,,,,,,
,,还行吧Okay,,,,
,,,,,,
,,,,,,身高:170cmHöhe: 170cm
,,,,,,
,,可以Dose,,,,
,,,,,,
,,,,,,
,,挺好Sehr gut,,,,
,,,,,,
,,,,,,
,,,,,,
,,,,,,
,,,,,,
,,,,,,
,,,,,,
,,,,,,
,,,,,,
,,,,,,
,,,,,,
,,,,,,
,,,,,,
,,,,,不错Recht,
,,好！Okay!,,,,
,,好Okay,,,,
,,,,,,
,,,,,,
,,,,,,身高:175cmHöhe: 175cm
,,niceschön,,,,
,,,,,,
,,,,,,
,,,,,,
,,,,,,
,,,,,,
,,??,,,,
,,好Okay,,,,
,,,,,,
,,好Okay,,,好Okay,身高:170cmHöhe: 170cm
,,,,,,
,,,,,,
,,,,,,
,,,,,,
,,,,,,
,,,,,,
,,,,,,
,,,,,,
,,,,,,身高:166cmHöhe: 166cm
,,,,,,身高:166cmHöhe: 166cm
,,挺好的Sehr gut,,,,
,,,,,,
,,,,,,
,,不错。Ja.,,,,
,,不错Recht,,,,
,,好Okay,,,,
,,,,,,
,,,,,,
,,,,,,
,,儿子很满意！值得购买！Kauf wert!,,,,
,,,,,,
,,,,,,
,,,,,,
,,,,,,
,,,,,,身高:170cmHöhe: 170cm
,,好Okay,,,,
,,好Okay,,,,
,,,,,,
,,,,,,
,,,,,,
,,,,,,
,,,,,好看！Gutaussehend!？?,身高:170cmHöhe: 170cm
,,,,,,
,,,,,,
,,,,,,
,,,,,,
,,,,,,
,,,,,,
,,,,,,
,,买小了。哎175体重65Kg     M穿不起来。。.。.。.露点Taupunkt,,,,
,,,,,,
,,,,,,
,,,,,,
,,不错不错Nicht schlecht,,,,
,,,,,,
,,,,,,
,,,,,,
,,,,,,
,,,,,非常满意Sehr zufrieden,
,,,,,,
,,很好Gut,,,,
,,,,,,
,,,,,,
,,,,,,
,,好评Günstige Kommentar,,,,
,,好Okay,,,好Okay,
,,还不错Ziemlich gut,,,,
,,,,,,
,,,,,,
,,,,,,
,,,,,,
,,,,,,
,,不错Recht,,,,
,,,,,,
,,,,,,
,,,,,,
,,,,,,
,,,,,,
,,,,,,
,,,,,,
,,,,,,
,,,,,,
,,,,,,
,,,,,,
,,,,,,
,,正品Authentisch,,,,
,,,,,,
,,很好Gut,,,,
,,,,,,
,,不错Recht,,,,
,,,,,,
,,不错～Gut ~,,,,
,,,,,,
,,,,,,
,,,,,,身高:170cmHöhe: 170cm
,,,,,,
,,,,,,
,,,,,,
,,还行Okay,,,,
,,,,,,
,,很好Gut,,,,
,,,,,,
,,,,,,
,,好Okay,,,,
,,,,,,
,,,,,,
,,,,,,
,,,,,,
,,,,,,
,,,,,,
,,,,,,
,,,,,,
,,不错不错Nicht schlecht,,,,
,,,,,,
,,很好！Sehr gut!很强大！服务态度很棒！快递极速！配我的HD2014简直要骚翻了,,,,
,,,,,,
,,,,,,
,,,,,,
,,,,,,
,,,,,,身高:175cmHöhe: 175cm
,,,,,,
,,好Okay,,,,
,,正品！Genuine!穿上很修身，很舒服！,,,,
,,,,,,
,,好！Okay!,,,,
,,,,,,
,,,,,,
,,满意Zufriedenheit,,,,
,,,,,,
,,,,,,
,,,,,,
,,,,,,
,,很好Gut,,,,
,,大小合适Die richtige Größe,,,,
,,,,,,
,,还不错Ziemlich gut,,,,
,,,,,,
,,,,,,
,,,,,,
,,,,,,
,,正品！Genuine!态度好，还会来,,,,
,,,,,,
,,绝对真品正品。质量很好穿着很舒服！！!,,,,
,,,,,,
,,,,,,
,,完美Perfekt,,,,
,,完美Perfekt,,,,
,,,,,,
,,,,,,
,,,,,,
,,,,,,
,,,,,,
,,,,,,
,,,,,,
,,,,,,
,,,,,,
,,,,,,
,,,,,,
,,,,,,
,,很棒Großartig,,,,
,,,,,,
,,,,,,
,,,,,,
,,,,,,
,,,,,,
,,,,,,
,,,,,,
,,,,,,
,,满意！Zufriedenheit!,,,,
,,,,,,
,,,,,,身高:170cmHöhe: 170cm
,,,,,,
,,,,,,
,,不错Recht,,,,
,,棒，态度好，发货快，质量好！五星Fünf Sterne,,,,
,,,,,,
,,,,,,
,,,,,,
,,,,,,
,,,,,,
,,很好Gut,,,,
,,,,,,
,,,,,,
,,非常好Das ist gut,,,,
,,,,,,
,,,,,很好。Sehr gut.,身高:175cmHöhe: 175cm
,,不错Recht,,,,
,,,,,,
,,,,,,
,,,,,,
,,合身Fit,,,,身高:175cmHöhe: 175cm
,,,,,,
,,nullnichtig,,,,
,,,,,,
,,还不错。Nicht schlecht.物流也快,,,,
,,,,,,
,,赞一个Wie ein,,,,
,,物流快，居然还有发票。还没穿，看起来不错！好评Günstige Kommentar,,,,
,,,,,,
,,,,,,
,,,,,,
,,,,,,
,,,,,,
,,,,,,
,,,,,,
,,,,,,
,,,,,,
,,,,,,
,,,,,,
,,,,,,
,,,,,,
,,,,,,
,,可以Dose,,,,
,,,,,,
,,很好Gut,,,,
,,宝贝非常一次愉快的购物！！!,,,,
,,,,,,
,,goodgut,,,,
,,,,,,
,,好评。。.。.。.。.。.。.。.。.。.。.。.,,,,
,,,,,,
,,,,,,
,,,,,,身高:170cmHöhe: 170cm
,,,,,,
,,！!AAAAAAAAA,,,,
,,,,,,
,,,,,,
,,,,,,
,,,,,,
,,,,,,身高:170cmHöhe: 170cm
,,,,,,
,,很好Gut,,,,
,,,,,,身高:175cmHöhe: 175cm
,,,,,,
,,,,,,
,,,,,,
,,,,,,
,,,,,,
,,,,,,
,,,,,,
,,,,,,
,,,,,,
,,,,,,
,,,,,好Okay,
,,,,,,
,,,,,,
,,,,,,
,,,,,,
,,,,,,
,,很好Gut,,,,
,,,,,,
,,一如既往的好Immer gut,,,,
,,,,,,
,,,,,,
,,,,,,
,,,,,,
,,很满意Sehr zufrieden,,,,
,,,,,,
,,,,,,身高:162cmHöhe: 162cm
,,,,,好Okay,
,,,,,,
,,,,,,
,,,,,,
,,,,,,
,,,,,,
,,,,,,
,,发货超快的！绝对正品！Absolut authentisch!超值！Leistungs-Verhältnis!,,,,
,,,,,,
,,,,,,
,,,,,,
,,还不错Ziemlich gut,,,,
,,,,,,
,,正品Authentisch,,,,
,,,,,,
,,,,,,
,,,,,,
,,,,,,
,,,,,,
,,个人感觉价格贵了，我和43块紧身衣对比了一下，料子一样就是耐克的稍微紧点难拉开，43的比较松，不过元旦还上班工作人员辛苦了。。.,,,,
,,,,,,
,,好Okay,,,,
,,不错Recht,,,,
,,,,,,
,,,,,,
,,,,,,
232226879159|2014-12-31 22:54:08|刚好今天去健身，货到了，朋友直接穿上了，感觉还是相当的棒的，有一种利利索索的感觉，然后再推几组杠铃，瞬间感觉自己强壮了！！!|0||,,一如既往的好，这件是帮朋友买的，我之前就在Nike官网买了一件了，非常的好，一看就是正品！！!,,,,
,,,,,,
,,,,,,
,,挺合适的，就是价格一点儿也不优惠。。.。.,,,,
,,很好Gut,,,,
,,,,,,
,,有点小了。。.。.不过质量不错,,,,
,,,,,,
,,,,,,
,,不错Recht,,,,
,,,,,,
,,,,,,
,,,,,,
,,,,,,
,,,,,,
,,,,,,
,,,,,,
,,,,,,
,,ookk。有点长。Ein wenig länger.不错！Ja!,,,,
,,,,,,
,,,,,,
,,不错Recht,,,,
,,,,,,
,,,,,,
,,,,,,
,,,,,,
,,衣服有好多好多线头！而且一扯就开线的那种！虽然说是正品，可是应该是二等品吧。。.。.郁闷Deprimiert,,,,
,,不错！Ja!,,,,
,,,,,,
,,,,,,
,,,,,,
,,,,,,
,,,,,,
,,很满意！Sehr zufrieden!！!。.。.。.。.。.。.。.。.棒棒哒。。.。.,,,,
,,,,,,
,,,,,,
,,不错Recht,,,,
,,,,,,
,,NiceNizza,,,,
,,,,,,
,,,,,,
,,,,,,
,,,,,,
,,,,,,
,,不错。Ja.,,,,
,,,,,,
,,,,,,
,,,,,,
,,,,,,
,,不错。Ja.,,,,
,,非常好。Das ist gut.衣服舒适。包装精美。赞Lob,,,,
,,,,,,
,,,,,,
,,不错Recht,,,,
,,goodgut,,,,
,,goodgut,,,,
,,,,,好Okay,
,,,,,,
,,,,,,
,,,,,,
,,,,,,
,,,,,,身高:165cmHöhe: 165cm
,,,,,,
,,很好。Sehr gut.,,,,
,,,,,,
,,,,,,
,,,,,,
,,okOk,,,,
,,,,,,
,,好Okay,,,,
,,衣服很好。不错。Ja.,,,,
,,,,,,
,,,,,,身高:165cmHöhe: 165cm
,,,,,,
,,,,,,
,,,,,,
,,,,,,
,,好！Okay!男朋友满意 物流巨快,,,,
,,,,,,
,,,,,,
,,,,,,
,,,,,,
,,,,,,身高:175cmHöhe: 175cm
,,nullnichtig,,,,
,,,,,不错Recht,
,,好Okay,,,,
,,一般General,,,,
,,正品！Genuine!老公说不错，物流超快，超好，下次还会来。,,,,
