Sterne;rateContent
5;很满意
5;物流很快，东西稍微贵了点
5;很舒服，跑步非常爽
5;很好，很合身。给卖家点赞，服务很好。
3;有色差
5;不错，是真品，面料很好，以后继续关注。
5;身上穿着好多纹理，不满意了
5;送了购物袋，东西不错，好评
5;180        140      L的刚刚好
5;绝对超值。棒！！！
5;正品 超值 快递给力 一天就到了 客服人不错 号码大小正好
5;正品
5;质量很好。无色差。   贴身很舒适。 很合身
5;183cm 85kg L号很有包裹感
4;东西很好，昨天穿了刚刚好！我180、74kg！很不错，就是客服比较傲，经常不回复。
5;不错，NIKE 产品质量没以前好了也是事实，
5;很好
5;很好
5;不错
5;还行
5;还行
5;和专卖店的一样，很好
5;之前买了一件黑色的，这次买件紫色的。一如既往的好，希望多上架一些颜色的。
5;衣服很不错。另外，希望改进以下两点：1.腋下舒适度 2.胸口前稍微加点图案，这样外穿时显得不是很单调。因为我以后还会买。。所以希望改进的更好一些。另外希望各个颜色都有，不要缺货。。
5;很好，穿着舒服
5;挺好，就是儿子太瘦，穿不出效果
5;顺丰太给力啦！第二天就到了！不错！就是吊牌上没有价格是怎么回事？
5;耐克就是有实力，不错质量依旧给力！以后继续支持
5;真的非常好
5;衣服很棒！很喜欢！发货物流非常快！非常愉快的一次购物！
5;男友穿着好瘦 质量还不错 穿着舒服
5;正品！包装好！旗舰店值得信赖！
5;好
5;试穿过了，质量没的说，穿起来很舒服！
5;买给孩子的...送学校去了，不知道效果如何。
5;不错~物流很快！
5;不错
5;衣服很棒，正品，下次还会再来
5;挺好，本来感觉紧，不过还是接受了，挺好的吸汗
5;买的正好合适，快递也很给力。有发票，是正品！
5;正品就是正品，一天到货牛
5;好评
5;很好
5;帅........................
5;儿子喜欢，正品超赞给5分
5;质量好
5;非常合身，物流非常快
5;包装的不错，就是衣服有点长了
5;很棒，贴身感强，速干吸汗，健身首选
5;衣服很好,是正品
5;感觉很棒
5;好评，还有发票
5;真心不错！谢谢！还会来的。
5;感觉非常棒 找到了以前想健身的感觉
5;很好
4;别的都还好...就是太长了点...要卷一卷...
5;东西很不错，就是不知道健身时候穿吸汗效果如何？物流速度也快，谢谢
5;很合身！不错！
3;衣服拿到了 只是跟专卖店的还是有差别的。 明显质量没那么好   贵了 感觉不值这个价
5;不错，很贴身
5;非常好
5;衣服很好啊
5;衣服有点儿偏长 还算修身
5;发货速度快递 物流快 衣服穿上很满意 大小刚好
5;感觉胸部略紧，本人175，70公斤，买L码，胸背稍紧，但下端拉直可到裤袋中部。
5;正规品牌就是给力！
5;应该是正品，穿了几次，还不错
4;可以，有点长
5;衣衣很正很喜欢下次会继续光顾的~
4;还可以吧
5;快递很给力  包装很精致  还有发票  太满意了
5;好
5;还行
3;看到评论，确实衣服好小，要买大一个号才行，哎
5;不错。有点紧
5;太棒了，颜色漂亮。
4;感觉不错，不过有点紧，可能穿穿就好了~
5;不错
5;服务耐心，物品很正，就是买大了，送我爸了，建议以后买此类衣服不要只参考体重身高，重点在腰围胸围上。
5;发货很快！挺棒的。
4;身高175，体重79，先买了件L码，有点紧，再买了件XL就刚刚好
3;身高175，体重79，穿L码能挤进去，肚腩立刻勒不见，但是有点太紧了，再买一件XL蓝色
5;很多次买了
5;旗舰店果然不错，客服态度好，发货快物流快，东西也放心。PRO系列实在太长了，我188cm,77KG,XXL紧是紧了，全拉开能到腿根。不过，皱着穿还是挺帅的，好好健身
5;非常好
5;包装很好，应该是正品
5;衣服質量不錯，快遞給力
5;感觉不错
5;好
5;好
5;送货迅速，昨天下单今天到，很快！质量与描述相符，有物流跟踪。,
2;长太多了
4;241784894389|2015-05-16 15:58:17|物流没得说！太快了！衣服至少现在看来不错，穿着也还可以，总体评价四星|0||
5;从未体验过如此之快的速度。质量也应该是有保证的。
5;身高177，体重140穿着刚刚好，非常好。
5;好！！！服务态度好！产品和描述的一样！尺码大小合适！
5;不错
5;没得说，版型OK 松紧OK 一切OK 运动首选，除了价格不OK 不过确实质量上没得说 NIKE还是有实力的，支持！ 顺丰更是没话说了，快
5;还好吧，很多人都有同款
5;衣服不错。一分价钱一分货。
5;衣服不错。一分价钱一分货。
3;241717233782|2015-05-18 16:36:19|174cm 80KG 穿L码稍微有点小，肚子大了穿起就感觉很搞笑了|16||
5;很清爽的衣服
5;真心不错，穿上很舒服，一定会来买第二件的！
5;不好意思，确认晚了，衣服给弟弟买的，很好，很喜欢。
5;速度很快，东西不错
5;很好，谢谢！！！
5;昨天晚上收到了，儿子穿上合适。发的顺风意外。谢谢老板
5;非常好，老公很喜欢，健身就穿它了。
5;一如既往的优秀
5;还不错241665781165|2015-05-16 09:14:32|给同学他爸买的|0||
5;顺风相当给力，速度没的说，非常快！\n衣服上身很舒服，有点紧绷的感觉，要是再稍微宽松一点就更好了，唉，只能怪自己肚子有点大了。总体来说是一次非常满意的购物。
5;非常好，本人173，68KG   L号很合适，客服非常细心，谢谢
5;还行吧，真挺紧的，物流速度绝对快
5;很棒
5;包装齐全又豪华。。东西很棒，码数也准。。棒
5;男朋友说质量一般欸
5;面料很好
5;还挺好的
5;好
5;东西很不错！号码正好！感谢
5;不知道会不会掉色？
5;物流超快，说好三天，最后一天就到了。宝贝不错穿的很合适。
5;物流不给送到学校还让我自己去取 走了好远 衣服不错 出汗后很凉快
2;EMS真坑啊！
5;他很喜欢。满分
5;紧身衣买了大一码～还不错。。穿着刚合适～～不禁不松。。本人175，73公斤。
5;还不错
5;很合身，这已经是买的第二件了。很喜欢，物流业很快，昨天就收到了
5;衣服不错，5分。
5;包装很讲究，很喜欢已经穿上了
5;好快就到，确实紧身
5;送弟弟的，穿上很合适，弟弟身高一米七六，体重118斤，码数刚刚好，赞一个
5;挺合适，男朋友很喜欢！
5;一如既往的好
5;2xl正好
5;很不错，快递很快
5;快递给力！不到两天就到了，东西也很好，全五分！！
5;好
5;质量很好，宝贝也很喜欢，值得拥有！
4;紧度比较合身，L号下面有些长，173CM。76KG。有些地方有线头。快递神速一天就到，三线城市一般三天。
5;正品是无疑的。241655024113|2015-05-14 13:06:51|穿着舒服，弹力十足。|3||
3;顺丰还要两天半，然后下面太长了
5;还不错，180,85kg XL小了
5;包装不错，比阿迪达斯好太多，中午买第二天中午就到了，穿的蛮舒服，准备再买一件
5;物流速度出奇的快，东西很不错很紧身!不错不错。
5;是正品，没问题，，，
5;真实！给力，快递改地址也是第一时间到，好神奇！好运！
5;很满意 就是没想到太紧会露奶个敦 哈哈
5;特别合适特别舒服 透气性伸缩性超棒 出汗还没味道
3;挺好的，就是有点气味
5;质量不错，发的顺丰快递，两天就到了，很给力
5;颜色很风骚很好
5;非常透气，大小也合适，满意
5;一如既往的好！是正品
5;专卖店都在打折
5;不错，谢谢～
5;不错，谢谢～
5;挺好的
5;很满意
5;不错很喜欢！
5;很好很软
5;还附上了发票，质量很好！
5;顺丰太快了，东西很给力。
5;还不错 味道有点大 穿完以后再评价
5;有点小，但是紧身正好
5;买的S号，第一次穿感觉有点紧。质感不错
5;挺好的，很舒服。173  65  M正好
5;感觉还挺好的
5;质量很好正品
5;正
5;赞，顺丰速度超快、
5;发货速度奇快，赞?
5;不错不错
3;颜色怪怪的
5;小了，183，84，xl穿不了
5;卖家发货速度和快递速度真的特快 超给力 衣服也跟之前专卖店一样 很满意
5;刚拿到货试穿很贴身非常完美
5;非常好，很合身
5;超赞，\n贴身很舒服！正品！
5;好
5;好评
5;还是黑色耐脏一些
5;很好。。老公很喜欢
4;是正品，就是腰这里太长了，本人个子175，体重160斤，L号还长，应该买M
5;很好
5;代人买的，店家服务好
5;代人买的，店家服务好
5;代人买的，店家服务好
5;发货快，快递也快一天就到了，挺满意的
5;物流速度很快 ，服务也很到位，\n衣服挺好得
5;质量很好，挺长的
5;177cm,68kg,上身瘦，买的M号，穿上很修身
5;质量不错，包装很好！
5;都满分
2;味道有点大
5;质量很棒的衣服，很透气～
5;180,70kg，M码嘎嘎合适，正正好好的，不松不紧，神速，正常一周到货然后两天就到了，给32个赞
5;绝对值
5;很好，很强大
5;男朋友很喜欢，跟我们在专卖店试的一样的
5;不愧是官方旗舰店！快递也很给力，第二天就到了，包装很贴心，连手提袋收纳袋也有，发票和提货单也放在信封里，很贴心很注意细节，不能更赞，果断全五分！
5;顺风很给力 175 60kg表示衣服很紧 怪自己没问过客服
5;基本不错，运动必备
45;很好 就是價格貴了點
5;241202602467|2015-05-08 22:20:26|长时间没在家，没有及时的确认收货，刚开始拍了个L号的，有点小，换了大一号的正好，穿起来很舒服，全五分好评！|1||
5;还好
5;官方店各方面真没的说，太好了。给大家个参考180cm，142斤。穿L码略紧。
5;好。
5;很好，正品
5;东西不错，穿起来非常合身，运动起来很舒服
5;挺好的
5;很满意，店里服务也好！
5;非常好。质量不错
5;很舒服，就是穿上睡觉会打呼噜，应该是个人问题吧！！！
5;衣服拿来训练很好很不错
5;不错 我183 79kg 就是有点肚子 要不然就很好了 腋下稍有点紧
5;衣服的包装不错，应该是正品，物流也很给力，下次还来
5;有点长，其他还好
1;有色差
5;包装很是正规，看着是正品，孩子身高194.体重170,xxL穿着正好
5;挺好
5;上衣稍微有点紧，衣服质量还是不错的，继续加油！
2;卖家给推荐的s码，结果太小，穿着很紧，吊牌摘了又不能换，郁闷啊。
5;240995697769|2015-05-11 21:05:31|已经穿了，不错哦！|4||
5;非常好，很合身，175cm,75kg,客服推荐的L，比专卖店更好的购物体验，包装快递都很给力，还有发票(????????)哦
5;正品 很好 快递sf 第二天就到了。
5;必须好评！买家很贴心给我换了号码。很满意。
5;不好意思评价晚了，出差去外地，东西不错，弟弟很满意，支持！
5;很好
5;衣服很好看，老公穿上也特别合适。太喜欢这件了
5;买了好几件不同色的了，一直不错
5;很好，就是腋下有点紧
5;衣服很合适 很满意 快递也很快 有机会会再买
5;船上超舒服的，非常棒
5;东西不错
5;速干没有体验到。
2;码数偏小，根本穿不了，懒得换算了。
5;质量不错，正品，很喜欢，就是稍微贵了点。
5;物流特别快。客服很贴心。特别好
5;很棒
5;好东西
5;产品正，规范，物流快
5;还可以，就是左腋窝有点夹
5;太棒了
5;合适
5;很凉快，很贴身，品质一直很好，很满意，发货超快，
5;感谢客服推荐尺码 ，非常好看
5;东西不错，就是感觉这衣服的板型好小
5;非常好的宝贝，质量好，品牌好，总之是不错的选择。
5;很有型，都不好意思穿
5;感觉有点小，不过旗舰店就是靠谱
5;还可以，就是太长啦
5;穿着很合身
5;质量和包装都很好。
5;价格小贵而已，质量还是不错滴，好评
5;衣服很好   很喜欢
5;还是一如既往的精致，发票包，纸袋都有，包装精致，由于之前买过一件黑色的，这次穿起来也还不错，我特意买小一号，显得紧身感十足，点赞！
5;好
5;非常喜欢，弹性很好，和商场的质量一样，满意。
5;衣服没失望 是正品开心啊
5;不错，不愧是官方旗舰店
5;有点薄，挺合身的。
4;买小了，已送人，好评吧
5;衣服非常棒，非常显身材，顺丰快递太快了，老妈帮我收货，说这是我见过服务态度最好的快递小哥
5;宝贝收到了，很喜欢
5;不错
5;挺好的，不错
5;还不错
5;腋窝有一点点紧但长度腰围肩宽都正好   L的小一点点XL的大    有点郁闷    不过衣服还是不错的
5;还不错～
5;不错240884538081|2015-05-06 15:58:47|不错，是正品，穿着很舒服，下次还来|1||
5;收到宝贝的时候是惊喜，太棒了，想买的别犹豫，真的太棒了店家服务更是好
5;衣服质量挺好，下次会再次光顾本店。
5;还不错就是不打折。
5;隔天就到了，速度很快。很舒服，非常适合夏天做内衬
5;物流很给力，包装也很给力，而且还带着发票。240704472499|2015-05-19 09:23:48|效果很好|14||
5;挺不错的，挺喜欢的，就是没有黑色⊙▽⊙
5;不错，穿上它感觉肉好多?
5;很不错！L就是稍微有点长！
5;非常好！！！！下次还来。
5;衣服材料不错 很紧身 穿在身上有一种凉凉的感觉
5;物流很快啊，穿着也很好
5;正品，很不错
5;可以
5;合身
5;合身
5;东西不错，客服推荐的尺码合适
5;好～～
5;不赖，很紧身
5;很赞。不管是物流还是质量
4;有点太长了！其他还好
2;衣服可以，就是我自己胖了，穿得太紧，退了。
5;帅
5;穿着去健身房锻炼很棒
3;跟我在专柜买的不太一样，材料比专柜的松很多，穿的没那么紧，不知道是不是正品
5;不错
2;颜色失真
5;很好
5;顺丰的物流，规范的包装，正规的发票，一切让人觉得舒服
5;材料真心觉得一般般，收身效果还不错，身高175体重85公斤，正好，这衣服有点长
5;性价比高
5;不错
5;东西很不错，服务很满意，物流快速没话说，满分
5;最愉快的一次网购，真的是一分价钱一分货。很棒的衣服。快递也很快。下次还会来的。
5;衣服很好，质量没说的！很合身！物流超级超级快！
5;品牌就是品牌，物流速度很快，衣服是紧身的，确实有点紧，穿来运动不错！颜色比较喜欢！
4;l的稍微长了些
5;好评很喜欢
5;很好
5;正品，赞个
5;好评
5;满意，下次还会来
5;还行
5;紧身的感觉
5;真品，不错，快递也非常给力！
5;挺好
5;图片可以参考
5;!
5;觉得非常不错哈，还是，一分钱一分货，很给力
5;还行 紧身效果没之前ua的紧身效果好 不过这样也好不太紧久穿腋下不会难受 衣服略长
5;很贴身，运动时一点也不热！
5;开始买小了，换的过程很顺利
5;不错，给哥买的，说质量还可以
5;开始买的L的，洗后变大了，转让给同学了，重拍的M，很合适！
5;真棒！
5;质量很好，穿段时间好的话还回来买
5;上海到哈尔滨用不到24小时，真快。就是穿不出图片那效果...
5;henbang ,有一句说一句
5;给别人买的，据说面料手感都不错
5;顺丰很给力，快递小哥人很好，老板也很好，最主要的是衣服质量很好，男票很喜欢。全五分好评
5;质量很好，快递有点叼，搬了没通知而且问他还叼我，快递希望能改进
5;东西很好，物流也相当给力，一天就到了。
5;不错，赞
5;还可以，很正规。
5;不错，穿着健身刚好
5;不错
5;有点长
5;收到总体还不错 就是中途修改地址很麻烦
5;yes。   舒服。    验单为官方正品?哒。      包顺丰的赞一个
5;很好
5;好紧啊，看来要减肥了！太长！
5;挺好
5;是正品，挺好的，喜欢
5;172高，156重L号处了衣摆长，其他都还好
5;质量很好，穿了很舒服，客服和快递服务都特好，非常愉快的一次购物，谢谢谢！
5;不错哦
5;衣服确实不错，快递也很快
5;有点大
5;都买了好几次了
5;确实很紧身，穿起来很舒服，176.  70kg。L码很舒服。
5;帮同事买的，同事很喜欢，大小正合适，上身透气舒服，正品。
5;东西很好隔天就到了，不错。
5;物流速度赞一个，衣服不错。穿着透气
5;不愧是大品牌运动服，穿起来非常舒服，刚穿的时候手臂有些紧，穿过一星期后感觉好多了，整体稍微有些长，紧身效果明显
5;快递很快  两天就到了 好评！等实战后再来追评
5;正品，特别贴身，很舒服，本以为买小了，没想到刚刚好，紧身么不紧就显示不出身材，
5;衣服很好  吸汗性好准备给同学也买
5;正品！做工精致！反面都可以当正面穿！男朋友很喜欢！很man 的衣服！
5;帮弟弟买的，他很中意，质量还可以吧！应该是正品。快递很好，还是顺丰的。赞一个
5;非常好，good！今天神准
5;老公穿着很合适
5;最满意的一次网购！
5;没话说，好评！
3;?
5;太好啦
5;有一点长。
5;穿了一下，还好
5;质量不错 就是小贵了！赞一个
5;东西不错
5;很合身，很满意
5;很好
5;很好
5;还行......就是刚刚吃完饭不适合穿
5;很满意
5;挺好的，旗舰的值得信赖
5;非常喜欢，超极棒！
5;包装什么的比阿迪达斯好了不止一点两点，速度很快，前天买得，今天就到了，顺风就是给力，就是我们这有个不好处，顺风是自提的，衣服不错，很修身，就是腋下的有点紧240338667006|2015-04-30 22:21:52|穿了一天。有点宽松了|2||
5;衣服挺不错的，穿着好不好看关键还是看身材
5;物流超快！
5;官方没的说
4;其他都可以 就是衣服太长
5;老公超喜欢，说很好穿
4;东西不错，就是自己买小了。。
5;穿上简直舒爽，简直好顶赞
5;好东西   很紧身  就是为什么这么长
5;身长有点长
5;速度很快，衣服很棒！
5;还行
5;宝贝很好，绝对正品！赞一个！
5;衣服弹性超好、穿起来很舒服！
5;正品是必须的，发货速度也是可以的，最重要东西很好
5;很好?
5;很好
5;物流快，就是有点大
5;正品啊不错
5;240249224362|2015-04-28 09:24:13|应该是正品|15||
5;不错,送货很及时.货品也很有型.
5;紧身，适合运动
5;穿着有点长了。
5;衣服是正品，很喜欢。
5;衣服很合身 我是62公斤 171身高 穿着刚好
3;一般，有异味。
5;其实我是挺无语的。顺风慢的要死。同时在聚美优品上买了一件蓝色的结果发错货。到货是黑色的。结果两件衣服一模一样。在这买的是199，在聚美优品买的是159还用优惠券了。天猫旗舰店。太坑了。
5;就等暑假去健身房瘦下来穿，必须瘦下来。
5;很棒！客服推荐很准确，物流快，包装好有发票！没的说！
5;好！
5;不错
4;一开始穿有点紧
5;很不错
5;好好好好好好好好好好好好好好好好好好好好好
5;给儿子买的，很喜欢，有需要还会来购。
5;物流太快了衣服背后有白色的\n字母不知道为什么
5;好评。
5;感觉没有老款的好  穿上效果不错
5;果然是没有腱子肉，就别买紧身衣。。。
5;184穿M号的衣服有点小，很紧啊
5;很舒服
5;还不错吧
5;还不错,像是正品
5;快递吊爆了！！
5;挺好的，是正品，但是我好像买小了。
5;衣服很好正品
5;挺好
5;不错，是正品，就是没有优惠，和店里买一个价，五环都88折呢，不合理
5;很好很满意，谢谢！
5;紧身，肚子大的有点儿明显
5;东西很好 很合身
5;物流很给力，衣服买好多次了，依旧很棒
5;给儿子买的，灰色黑色各一件，他喜欢
5;给儿子买的，他很喜欢
5;发的顺丰，太给力了！衣服很好，穿着很有型
5;很好，都很好！很细心，大品牌注重细节！
5;很好！
5;很棒 是真品 穿上打球健身 非常舒服 有力量 看上去很帅
5;是真品，穿上健身打球 感觉很吸汗 舒服
5;很棒，没得挑
5;东西很好
5;买下就是要健身穿，而且打下合适，刚开始有点束缚感，等穿第二次的时候就不会了，争取在今年增肌成功！240092727624|2015-04-25 17:30:13|洗后不会变形，而且面料特变舒服，即使出汗也会速干！|0||
5;服务很好衣服穿上很舒服，第一次买小了，客服细致的服务让人很舒服
5;很好。
5;我买的 S 码的有点小。 但是 质量个个方面都可以， 我又买了大一码的。
5;货真价实
5;物流很给力，质量也不错，客服态度很好，5星好评
5;还行
5;还不错 喜欢
5;衣服不错，是正品
5;快递很快  衣服有点长
5;还好 就是买得太急了 唯品会才153
5;还好吧 专卖店没码子了 所以上天猫买 都怪lg太心急 还没收到就看见唯品会才卖153一件 我还有券呢
5;不愧是旗舰店，质量就是好
5;很修身，老公穿上很好看
5;不错
5;习惯好评
5;本来看数据觉得买m号正好，但是我发现太紧身了...不过面料很舒服很透气，上身感觉很棒，希望下次能买到无袖款的更好
5;物流很给力
5;差评，蓝色好大的色差！
5;衣服还好
5;非常好的衣服，很凉快，喜欢！
5;正品！
5;衣服很好，穿着舒服。
5;真心不错！
5;正品，舒服，物流给力
5;确实是正品，发票随衣服直接发过来了，而且上身比较舒服，面料柔软。好评。
5;老公穿上太肥了  是正品
5;老公穿了很显身材
5;很不错很合身，紧身，速度很快，22号买23号就到了。。
5;不错。同事很满意
5;非常合身，是正品，
5;快递挺快，就是稍微有一点味，其他都不错
5;nice
5;特别好
5;修身，穿上后肚子上的赘肉一览无余，看来不锻炼身体对不住这件衣服。
5;M bucuo
5;175  66.5kg 穿小了。其他都不错。
5;本人173 62kg M号正好。nike官方旗舰店的服务很好 比阿迪达斯好多了
5;应该是正品吧，给个五星
5;还行吧、味道挺重、建议买大一号、太紧了
5;穿着有型，只是现在身材还差点
4;质量还行
3;有点薄，长了一点，没以前的做工好
5;170,62kg，穿m差不多
5;非常舒服，感觉充满力量
5;我应该m，特意买的大一号的l，结果腋下还是紧，透气性很好，别的都很合身，就是这个腋下勒的感觉难受，早知道买再大一号的了
5;有一点点紧
5;不错
5;不错。
5;面料，做工都很好，就是有点色差。
5;果然正品就是不一样啊，之前别的店买的真是不想说了~
5;快递很快衣服质量好
5;帅，有点紧。
5;物流很快，给力
5;东西看着还不错，是挺合身的，给个好评。
5;穿着很好，穿段时间再看。
5;舒适
5;很帅哦
5;大概就是这样，174、70kg、m码
5;快递很快，衣服男朋友穿着很舒服，他很喜欢
5;正品，要练身材
5;非常好，卖家建议的码都特别合适，好评?...
5;号码有点小。建议买大一码的。不错
5;正品，舒服，灰色好看，快递非常快，就是一点不便宜
5;和想象中的一样好，这下有跑步的动力了！
5;不错啊，穿着正好的，跑了好多店也没买到。
5;东西很喜欢，虽然第一次穿这么紧有点不习惯过了一会就好了，很显线条哦！
5;是正品，第一次在网上买衣服，没想到这么合身、以后会再来的，希望下次可以送点小赠品！！！
5;太值得买了，东西很对得起这个价格
5;衣服穿起来很舒服，就是一点，左下角的NIKE LOGO开胶了，心里不太爽
5;酷！！
5;真的很好，物流速度超快，挺好的
5;物流快，东西是帮朋友买的，他也很喜欢，听了买家的，很合身，有需要的话还会来。
5;很修身，材质也很有弹性，买对了
5;182cm 73kg L码 腋下稍劲，弹性很好，不会影响偷懒。穿上真忍不住想爆图。
5;后脖那走线有一点错位 但是正品无疑 现在nike做工肯定不比以前了
5;还可以吧就是还没穿效果不知道好不好
5;是正品，但是比奥特莱斯贵
5;正品，老公收到货很满意。
5;在实体店试过刚好
5;服务很周到，购物袋发票均齐全。衣服质量很好，儿子应该喜欢。
5;官方品质，值得信赖！速度超快，发新疆三天就到了
5;nice
5;衣服还可以，就是有点贵
5;愉快的购物体验。包装相当给力，快递迅速，发票标签齐全。100厘米的胸围，L号正好合适。
5;好   等追加。
5;他说咯吱窝那里比较紧  其他还好
5;哥哥说很不错 赞一个 ?
3;贵就一个字
5;包装的很好 ！物流很给力 隔天就到
5;还不错
5;发货很快。东西很好。
5;衣服很舒服，我很满意
5;不错 很合身
5;孩子非常喜欢，质量很好！客服推荐的尺寸很准确！
5;?
5;好纠结过分
5;不错
5;肩膀宽了真不好买衣服...挺紧的
5;太紧身了，质量倒是不错，只是有点贵，有色差，下身太长了，我的腰杆没那么长
5;真活
5;物流给力，商品合身
5;本人190倒三角，不方便带图，自己脑补吧，货肯定没问题！239614561720|2015-05-02 08:17:43|洗了一次感觉领口宽了，怎么回事儿，倒是不影响运动，就是不美观了|11||
5;这个送朋友的，他个子低穿着不好看，哈哈哈哈哈哈哈哈
5;发货和物流都比较快，质量也尚可，只是稍许有些异味，需要洗干净。总体还可以吧
5;衣服很好，客服推荐的码子很合适，下次还会来
5;衣服差不多，就是太长，还有店家回复太慢。
5;好
5;衣服很好，穿上很舒服，物流太快了，哈哈
5;送货很快，质量很不错。我一米七三，体重57公斤，穿s的略长，非常贴身有些紧。
5;第二次购买，好评
5;不错哦！儿子喜欢
5;客服帮选的大小，合身。速度很快
5;不错，儿子喜欢，穿着很合身
5;吸湿排汗保暖 效果杠杠的
5;物流很快，质量很好
5;衣服很满意，东西很满意
5;物流很快，衣服穿上很舒服，也很显身材，五星赞
5;非常紧身，其它都很好，就是漏点太明显
5;推荐的L号，本人骨架小，选择的M号，很合身。卖家很专业，发票是在信封装好一并邮寄的。应该是正品。唯独就是感觉右边腋窝有点夹，摩擦的不舒服，左边没问题，不知道是什么原因。另外物流简直慢到爆
5;挺好的。
5;很赞
5;挺好的
5;上衣有点长啊，盖着大半臀部，自己也没法改短，好郁闷啊
5;衣服很好，很棒~~
5;孩子穿着挺合适的
5;还行
5;就是味道有点大，别的都挺好
5;帮朋友买的 他很满意啊不错
5;老顾客了，旗舰店没的说
5;一收到就迫不及待的试穿，第一次买耐克的衣服，布料穿起来很舒服，显身材，以后买衣服就选这了，好评！
5;根据客服推荐的很合适，客服态度也很NICE！下午下的单，隔天早上就到了，快递也很NICE！
5;面料很棒。手感很好。包装精美。非\n常满意。下摆略长。可以塞裤子里。175，75kg。L。
5;一开始以为衣服小了，后来发现紧身衣就是这样的，质量很好很有弹性，客服态度很好。好评！
5;不错弟弟说是正品
5;挺不错
5;是正品，不错！
5;宝贝很满意，下午还穿去了健身。下次还会再来
5;太修身，适合肌肉发达的朋友穿。
5;官方店的专业真正没话说，说句实在话像贴身穿的pro真的要到官方店买，才有保障，现在高仿的实在太多，常看到天猫有些店卖的有人评论味道比较大，试问正品哪会来那些莫名其妙的味道～
5;还可以
5;真快，，，，
5;挺不错的，
5;衣服相当0k，穿着贴身舒服，绝对正品。用的还是顺丰快递，1天就收货了。?店家如果下次有活动优惠就更好了。
5;很不错的衣服，很满意哦，以后还会在你家买的，希望以后快递能快点，其他没有什么！
5;东西到了，感觉物流真快，衣服也不错，唯一遗憾的就是衣服有些长，其他都不错，可以，好。
5;正品无疑，就是太长了！
5;质量不错。第二次买了
5;很好，就是有点味道，总体满分
4;客服推荐的尺码正合适，不过比实体店贵了一点
5;就不上图了，衣服很不错，下摆确实有些长，但是没影响，就是这样的设计，有发票。是正品，包装好，没有因为就是一件衣服而简陋包装。发票还是特意一个拉袋子。还有一个耐克兜。不错的。
5;NICE啊!
5;不错，稍微有点紧，不过穿穿应该就可以了
5;手感不错，弹性也可以，看起来是正品
5;很好啊，和店里一模一样的，很合体，塑性效果不错
5;挺不错的，包装很正规看着，衣服也不错，184  76kg穿xl合适，顺风快递很快
5;很合身，适合健身
5;质量不错
5;质量很不错
5;喜欢好评
5;很好！穿上特别舒服！下摆也没有担心的那么长
5;绝对正品。。手感很好，顺丰又给力。还有发票也寄过来。下次还来。不多说上图
5;绝对百分百正品，质感，带的发票，真的很棒，很愉快的购物，客服都超级细心
5;挺好的，满分，就是自己身材不太好
5;正品，
5;很好看
5;发票什么的齐全 是正品没错 但是这色差 唉 凑合这穿，穿着有型布料舒服
5;好，穿了两天吸水能力好强
5;舒服，推荐买小姨妈
5;穿着锻炼中，感觉不错
5;不错
5;不错 特意试穿了 好
5;快递很给力，第2天就到货了，衣服穿起来也很舒服，发票包装也很正规，很喜欢，
5;很满意，正品
5;本地没有XXL号的，只有XL号的。特意在这里买的XXL号，很好。\n就是腰部松了点，肩膀胸背紧绷度很合适\n快递也快！当天中午拍下，第二天中午就到货了！
5;zhiliangbucuo
5;非常棒！！！good~
3;还不错，就是不知道是不正品？
5;紧身。。好
5;衣服很好，大小合适，很凸显身材。本人身高181，体重67kg，穿L正好，给大家做参考。顺丰速度很快，两天就到了。
5;很酷很舒服，顺丰太给力了，昨天下单，今天就到货，太强了。
5;挺合身，透气性也不错，就是腋下设计的紧
5;挺好，习惯性好评
5;挺好，习惯性好评
5;不错
5;质量好 快递给力 客服的推荐尺码非常合适 过几天还会再买来换洗
5;很好
5;买到现在都很好
5;180 70kg 合身
5;不错哒
5;包装很到位，快递很到位，品质很到位。
5;不错
5;东西是正品，很不错172  73kg  胸围96  L号有点紧，衣服下摆比一般的衣服长，盖臀部了。就是没有折扣，希望官网也能打点折扣。
5;衣服面料摸起来不错，M号感觉小了点，最近健身肚子还没完全减掉，M号穿起来太紧身了点，再瘦一点应该ok。
5;整体感觉还好 不太懂这类衣服 男朋友说还好 就好评吧
5;不错
5;体验很好。
5;衣服很合适。舒服。快递给力
5;相当的棒！物流很给力，客服很用心，就是希望可以有折扣！
5;超喜欢，物超所值
5;旗舰店各方面都很正规，衣服不错，物流也很快
5;好评
5;衣服弹性大 衣服长度感觉有点长 很贴身 像我这么瘦的人都很贴
5;太棒啦衣服面料很好发票也齐全就是要能便宜点就好啦
5;确实不错239068537504|2015-04-18 07:43:11|非常不错|2||
5;太贴心的包装了，东西也很好。
5;好，合身也挺紧身，物流顺丰很快，上海到太原只用一天就到，好评！
5;东西不错！
5;好
5;挺好的,有点长,180的怎么紧身的,
5;正品，大小刚合适，很好
5;买给男票的，182，65kg，买的xl码，他说刚好，但我觉得还是稍微大了点点，喜欢紧身的可以再小一个号。。。不过他很喜欢，打篮球时候穿在里面，吸汗效果极佳，很舒服呐。。。好评，而且发货速度很快，感觉还是官网靠谱。。。
5;包装挺好，衣服也还满意，不错
5;值得信赖，买好几次了！
5;好！物流很快！
5;241054400403|2015-05-06 16:01:18|穿着还舒服吧|36||
5;不错 很合身！
5;可以可以 吊吊吊
5;其实还是灰的漂亮，比实体店还贵点五环周末打八折，主要是不想跑了。。包装很精美
5;客服没人理，无奈了，小了一码
5;不错~~~轻便~~~~~~~
5;不错正品，有发票，包装很好。
5;很好，很快。。
5;衣服相当不错。正品。绝对支持。下次继续来这里购物
5;颜色好看。
2;你好，我的东西没收到，怎么办
5;大小合适，质量很好，很开心一次购物。下次再光顾。
5;应该还不错~
5;这个颜色真心的太风骚了，正品，没有好身材是穿不出效果的，买了就是激励自己，运动时穿非常棒。
5;下摆太长太长太长太长，男票穿着很好看，料子很好很舒服，物流给力。
5;确实不错
5;还不错
4;衣服还不错。就是袖子有点短。
5;不错
5;还行
5;弹性很好很显身材
5;和专柜一样 快递简直神速  不到24h就收到了 大赞?
5;还可以，客服态度很好本来买M的后来换了L的但是感觉还是有点紧?
5;非常棒，快递的小速度也是嗷嗷的，
5;176身高 70kg  买L刚刚好。
5;很好，物流很快，质量和专柜一样
5;快递一流！昨天拍的，今天到了   衣服没得说239100442756|2015-04-21 14:44:29|感觉很棒 哦也！|7||
5;快递给力，看着是正品，穿上很舒适，很不错，就是自己的油肚必须再减点。
5;个人感觉可以，质量没问题，穿着挺舒服的，不错的选择
5;衣服不错！上身的感觉很好！！！
5;很不错，现在运动都穿他！
5;给男朋友买的，平时他穿M，这次M有点紧了，他是属于有点肌肉的类型，后来换的L号，穿上很好看
5;很棒，很愉快的一次购物
5;旗舰店的服务包装就是好，下次再买一件
5;不错
5;超级棒 顺丰一天就到了  哈哈哈 好开心
5;就是有点小其他还好吧
5;绝对正品
5;衣服很不错 练出型来包裹性会很好 很速干
5;不管是东西，还是服务，物流都是真心好.好评，好评！！
5;很紧身
5;不错，大小合适，正品
5;偏小，其他不错～
5;不错，物流很快
5;短裤买小了，衣服很合适
5;非常愉快的一次购物体验，发票齐全，相信是正品！顺丰简直是神速 第二天就到了！
5;很喜欢
5;衣服很合身
5;东西不错，态度不错，物流也不错。总体来说这点钱花的还算舒心。
5;挺好的 穿着挺舒服
5;很好
5;穿着舒适，发现也正好，很贴身透气
5;非常好
5;很好
5;很好
5;就是长了点啊、挺好
5;物流快，衣服也不错
5;好
5;物流很快给个好评吧
5;180cm,140，很合身
5;特喜欢，夏天穿起来很不错
5;可以
5;老公说是正品，穿着还不错，以后有需要还会来的
5;是正品，很舒服，物流也很快
5;衣服很好，发票也有。旗舰店的东西就是好。5星
5;非常舒服哦，正品万岁
5;合适快
5;合适，快
5;应该是正品
5;ing好的
5;还真不错 面料很舒服
5;还行 紧身的喔！
5;好
5;好！
5;正品没的说，就是跟专卖店相比，不打折
5;肩够了，腰部大了...
5;不愧是官方的，必须正品，无可挑剔，绝对好评！发货都比别的快，下次一定来！
5;很漂亮的衣服，之前买了一件S码的，太紧了些，就退货了，现在再来买了M码的，合身，锻炼时穿非常给力，让人有想健身的冲动，不错，NIKE加油。238998707403|2015-05-11 09:24:34|跟实体店一样，很不错。很好。|30||
5;东西不错，很舒服，175.64公斤L号，合身
5;东西看起来还不错，就是下水清洗的时候，感觉水有点浑。要清洗好几次，才能出清水。奇怪。包装很规范。
5;包装很规范，东西看起来还是可以。就是下水后，感觉衣服有点脏。要清洗好几次，才能出清水。
5;保真，快，真不错
5;物流很快，衣服很好
5;没话说非常好，以后还回来再买
5;发货速度很快，货品质量很好~
5;不错啊，很好很紧身，爽，快递快
5;null
5;蛮好的
5;合适，就是有点长
1;为什么衣服的条形码扫不出来东西 票据什么的还挺全不知道是不是正   衣服还行吧  。。
5;还没穿过这么紧的衣服，过段时间再看吧
5;很满意！速度快！帅。
5;穿起来帅到爆
5;衣服很不错，但我173身高，130斤，感觉m码有点紧，但长度是够的，怕买L码太长了。
5;不错的购物 我挺喜欢
5;很好的衣服
5;很好，就是不打折啊...唉
5;衣服很好必须五颗星
5;服务真的很到位，发票，传统耐克赠送袋子的习惯，什么的一应具有，衣服质量肯定过关，果断收藏官方旗舰店，毕竟我也是Nike忠实老顾客
5;穿起来感觉不错，弹性挺大
5;尺码卖小了，不过还好能穿。\n正品
5;很合适 穿上很有型 好评
5;有点小
5;男朋友很喜欢，穿上很舒服
5;快递很给力，从下单到收货只用了两天时间。包装很精美，有专卖店的购物袋和正规机打发票，绝对是正品。从衣服的手感和质量来看也可以确定。大小也正好。就是好像衣长都有点偏长
5;买了两件 官网发了两个快递 就是有钱 就是任性
5;官网就是给力，爽！显肌肉神器！?
5;真品牌，穿着舒服
5;238935284994|2015-04-12 11:10:53|很好！|17||
5;很好。很合身。棒棒哒
5;不错，很紧身，好好好
5;物流挺快的 不错
5;非常喜欢哦 准备练肌肉~~非常舒服 不起静电 ，
5;不错 有些长
5;非常好，试穿很舒服，不愧是官方产品
5;不错正品
5;正
5;好！
5;两天就收到了，不愧是旗舰店！还用的顺丰！下摆有点长！建议其他亲们买的时候注意！
5;还是挺不错的，就是衣服码子偏小！
5;很棒。朋友穿着挺好看的。
5;第二次购买了，一直都很好！?！
5;是正品，看起来很好！就是质感也就那个价！不过能行的。
5;挺不错的 不知道为什么都对旗舰店评价不高 我觉得旗舰店很靠谱
5;不錯
5;帮老公买的，是正品，穿的很舒服，码子大小合适，料子蛮好的，透气，赞一个！
5;很好，不合穿又换了一件
5;好
5;物流特快，绝对正品。
5;东西不错！
5;男友很喜欢 赞
5;一样的好 继续支持
5;超级棒。物有所值，货真价实
5;衣服买小了，客服很贴心，说换就换，这家店买了好多运动品了
5;173、63、M号合适
5;hao
5;很好，很喜欢！卖家服务态度好！物流超快！以后还买！全5分好评！
3;质量好，可惜我选的尺寸太小，同时我较喜欢有衣领的，需换货
5;服务好，东西也不错，物流给力，第一次在网上见到这么包装好的衣服238674903455|2015-04-19 12:17:06|假货，穿了两天起毛球，真是气愤|10||
5;大小刚好，老公很喜欢，到时候可以一起去运动啦238466982276|2015-04-24 10:18:08|老公穿上很合身,可以一起快乐的去运动啦|15||
5;儿子穿着很合适。
5;根据大家的评价，都说这款有点小，所以买了M，还是挺不错的。布料比较舒适，待穿上后看看透气排汗效果如何。官方的质量确认不错，发票包装也很正规。
5;正品
5;还不错哦
5;很好！！！很舒服
5;挺好的。就是有点拍小了。
5;一如既往的好
5;很nice
5;挺好的、支持
5;很棒，帮我爸买的很合身
5;好
5;衣服很好，穿起来很身材，这个价格也差不多，是正品，下次需要还会在来
5;东西还可以，就是感觉客服给我推荐的码有点小，腋窝处略紧，不太舒服。
5;好
5;不错
5;好
5;第二次买 一黑一灰 很好 很透气
5;正品
5;确实够紧身
1;只能说东西不是正品，很失败的一次购物，跟在实体店试的布料和号码都有差别，以后不会光顾这家店了～～～
5;衣服很正，物流很给力
5;很不错，已经开始锻炼了
5;质量不错，和专柜一样！
5;非常好！号码也合适！
5;238586880967|2015-04-24 13:43:36|穿起来很舒服，还会再买一件备用。|23||
5;身材不好,但是衣服没任何问题，
5;很不错哦
5;和裤子一起买的 可以的~
5;棒
5;发货速度意想不到！到新疆两天！东西非常给力！
5;很好
5;物流真的是让我吃惊，买下第三天上午就收到货，东西也不错，我183，85kg穿xl正好
5;太棒了
5;没的说，速度很快，等了好久才等到黑色有L码，很合身！
5;不错。
5;骗子
5;很不错的衣服！正品！
5;衣服不错 值得购买的，
5;挺喜欢
5;东西确实是好东西 物流业很快 一分钱一分货
5;小了！好紧
5;还不错，大一点
5;超级好
5;满意很合身正品
5;第一次收到包装那么严谨的东西，而且东西本身也很OK，五星好评
5;不错。正品行货
5;貌似小了点，够长。如果换大一码上身合适但就更长了，算了，紧身的感觉也不错。
2;238317439520|2015-04-06 13:23:26|太小了，标牌撕掉就不给换了，说好的30天无理由退货，简直就是霸王条款，实体店撕掉标牌都可以退换！|0||
5;超帅，很有型，穿着也舒服。果断好评！\n美中不足的是太长了，哎！可能是我身材不标准的缘故吧！
5;非常好，正品
5;衣服还不错，穿上也比较帅气
5;顺丰快递的速度真是神速 第一天拍第二天到 衣服质量还i不错 有点紧 穿穿看吧！
5;好
5;啥都不说了，第二次买，超级棒
5;很好，满意！
5;好评！
5;这个和裤子一样 都有点开线 不过穿的打球蛮舒服的
5;是正品，挺好的， 穿上打蓝球挺干爽的，儿子喜欢
5;质量好大小合适物流快。
5;不错，速度非常快、176 130斤 m号正好
5;好几年了，踢球还是健身一直穿这个，从老款到新款，越来越到位！就一个字，棒！
5;有点长
5;刚好合适
5;旗舰店就是快...这物流速度...
5;很好的一件，手感不错，喜欢
5;挺好的，还没穿过，旗舰店带发票很正规
5;还不错，有一点点肩宽大了
5;超快物流第二天就到了，好宝贝
5;还可以，就是感觉价格有点高，不怎么值
5;一天就到很快，正品比高仿紧
5;衣服确实不错，很有型
5;很喜欢
5;很不错，好紧身。可怜自己没身材
5;棒棒嗒～男朋友喜欢～
5;东西不错 177穿M码很塑身很显形 如果胖一点的建议还是买L码的 要不小肚子会很难看 快递好快 2天就到了
5;正品万岁
5;非常合适
5;虽然有色差，跟图片不一样，不过颜色更好看，很喜欢！
5;不错 紧身的 本人肩膀比较宽 穿上后偏小~238399238850|2015-05-19 10:32:41|太紧了~~还是买大号的好点~~|44||
3;图片与实物颜色不一样，质量当然不错！手机照出来就不是本来的颜色了！
5;衣服很修身很舒服很显身材
5;正品。
5;发货速度快，正品，有发票！顺丰超快！
5;穿着很舒服~
5;很舒服。尺码正好。服务态度也好
5;东西很好很满意
5;帮同事买的，非常不错，很满意！是正品～
5;好
5;太快了，，都不习惯，，昨天下午订的，今早就到了，，。。！！
5;货真价实
5;好 穿上舒服 已经买了很多件了
5;还可以吧。 穿上蛮帅的
5;感觉穿着胳肢窝有点勒，是不是买小了   176-71.5kg，买的L
5;质量不错 正品
5;很好哦 到货也快
5;很好   衣服正好合适  运动后也吸汗  是正品
5;不错的衣服，正品。
5;衣服没啥说的这才是nike的服务么什么发票啊包邮啊 这才是旗舰店 好评!!!!!
5;东西是正品
5;不错，穿上很有型
5;物流很给力，2天就到了，正品，穿者很和身，面料很舒服
5;宝贝很好，刚买了小了，又换成大一码的，客服很贴心，而且第二次还是发的顺风，对了我180，xl码刚好
5;179  63kg穿m号合适
5;很好，正品无疑
5;很好，正品，物流也快！
5;正品好货
5;衣服真的很不错，物美价廉，顺丰快递就是快，很好。穿上这衣服跑步就像风一样。有史以来，买的最好的一样商品。
5;不错，就是貌似买小了。很透气。
5;就是有点偏长 整体不错
5;本人体胖，买来就是为了平时和打球时吸汗，紧身吸汗效果更好。提醒不好，图就不上了。身高182，体重204
5;棒棒哒
5;非常好是正品，试穿一段在追评吧~
5;衣服很好看，喜欢，质量好
5;买大了，还是紧紧的穿起来好看，顺丰良心，发票齐全
5;物流很快，衣服还行，款式原因太长了，胸部爆绷，腰上倒是很松，是我倒三角太明显了嘛 ???
5;感觉有点紧，大一码更理想
5;宝贝收到了，质量不错。
5;还行，挺好 官旗还是让人放心的 顺丰很快
5;好东西 颜色骚 绝对是一道风景线
5;给儿子买的，儿子很满意。
5;感觉还行
5;大爱
5;赞就一个字
5;衣服很好，穿着舒服又凉快，紧身效果也很不错，准备在买一件
5;超快
5;可以
5;nice！ 快 好 赞
5;穿着很舒服
5;东西色差就不说了。买的有点偏大就客服换。一万个苛刻的要求。呵呵、确实旗舰店，店大欺客。我也无话可说。当初奔着耐克和官方来，现在这么点问题真是让人觉得没意思。确实没意思、
5;帅
5;第二件 依然不错
5;还没穿，有点紧
5;很舒服，吸汗性很强。237963445799|2015-04-17 20:47:25|很紧身，但是不难受，包裹的很舒服，吸汗和速干效果很好|16||
5;超棒！ 穿上后跑步直接破纪录
5;尺寸大小卖家建议 挺不错的 感觉质感没那么好 但也挺不错的 我还购买了一条裤子 好评 下次还会来的
5;挺合身的...给减肥添了不少动力
5;165我穿挺好
5;不错，第二次购买了。
5;包装完美，衣服很合身，物流快，好评！
5;衣服大小正合适，穿着也很舒服
5;一如既往的好，顺丰很快！
5;好好  绝对好
5;很快 很好！下次继续帮衬！
5;正品！质量很好。商家还附带发票。特别赞！
5;收获速度很快，顺丰就是顺丰啊！寄来有点味道，觉得跟我在实体店买的面料不太一样，这个发涩，实体店的料很滑，还是我吹毛求疵了，不过整体还是很好的
5;质量非常好，快递给力\n173，70,L正好
5;质量很好～穿着很舒服～
5;很快，就是有点长，其他都挺好，客服很好。
5;非常好！
5;买来打球穿的，半年没有运动，肚子大了不少，夏天出出汗，减减肥，打一场球再追加吸汗能力的评价，
5;正品，快递也很给力
5;穿上很紧身 就是衣长有点长 确实是正品 很显身材 非常满意
5;帮朋友买的，发货速度很快
5;挺好，不错。
5;轻便贴身...弹性很好
5;衣服穿着很显身材，夏天锻炼用。不错
5;发货的时候有点臭
5;174，65kg选m东西很正
5;很好
5;很好衣服，合身。物流也快，满意好评
5;第一件小了，又换一件，多出了运费，顺风很贵，服务一般，包装发货很快。
5;快递很给力，昨天下单，今天就收到了，宝贝很好，绝对好评
5;很喜欢
5;不错的宝贝，收到后，就穿了很舒服
5;很好
5;240186442352|2015-04-26 13:26:57|衣服穿着很舒服 洗了之后没有什么变化 好评！|41||
5;很舒服，透气性好，穿着也有型，哈哈。
5;很舒服
5;挺好的
5;耐克衣服跟安德玛还是比不了的
5;衣服不错，健身的时候穿着感觉很好，下次还在这儿购买！！
5;孩子很喜欢，好评！
5;略大
5;衣服有点长，不过旗舰店的东西让人放心，快递用的顺风，很好
5;还是要买旗舰店的，贵是贵点，质量摆在那呢
5;官网值得信赖，看了下标，这是15年的新品，确实是惊喜
5;非常好，大小也合适喜欢。
5;没什么多说的，好评
5;好
5;还不错，175cm，69kg，M有点紧
5;重新换的L码很好，快递很快！
5;挺紧身的，正品，快递真快。
5;质量很好，180cm 130斤 xl码正好
5;很不错哦，送给男朋友的，穿着蛮有型的
5;不错，是正品，包装正规，好评！！
5;好
5;正品
5;237784008271|2015-03-29 17:11:42|东西是正品跟实体店买的一样样的，价格还实惠！更夸张的是快递超给力，从上海到云南丽江第二天就到了，主要是卖家还包邮，真的是意想不到的惊吓|0||
5;服务态度还是很不错的
5;不错237782673673|2015-04-15 14:21:59|好穿|16||
5;好的
5;还行，可惜颜色选错
5;不错，很合身！身高173， 体重123，S码，供其他人参考一下
5;买了一套，是正品无话可说
5;超级棒，穿在身上特别舒服
5;很棒！
5;好评
5;??????
5;正品，可以放心购买。
5;快递神速，弟弟很满意
5;还可以。质量不错。正品
5;不错
5;东西不错    正品没得说
5;挺好吧，挺紧身的，本来以为上身瘦，穿上会宽，没想到挺紧的，有一点小瑕疵，后背有一道白，不过无伤大雅，客服态度也挺好！
5;不错不错
5;正品，真心不错
5;东西真不多！！！！
5;物流很快，隔天就到^_^
5;正品,不错,M号正好,质量不错,穿着很舒服237705582968|2015-04-21 06:36:18|穿着很舒服,值得购买|23||
5;发货快！物流快！
5;180cm身高，75Kg体重，99胸围，XL正好，不错
5;180cm身高，75Kg体重，99胸围，XL正好，不错
5;正品 物流超级快
5;衣服质量很好，就是有点长
5;正品，不错...
5;正品，
4;很紧 但是略长
4;尺寸买小了，其他还好
5;超快，东西绝对没的说超级棒
5;顺丰，没得说！170cm63kg买的m感觉有点长，下次试试s
5;不错不错
5;很好就是有点长
5;穿着很舒服，有种紧绷绷的感觉，很适合运动健身穿，物流也很快
5;正品没话说，很舒适和之前买的一样。
5;不错不错，洛阳世纪英豪健身俱乐部双溪布洛店专用衣服！！
5;237575371970|2015-03-27 16:38:20|第二次来了，包装精美，发货迅速，顺丰给力，第二天就到了！\n客服太忙了，得有耐心等！|0||
5;很好
5;胖子真的是不能穿这种衣服
5;237711843932|2015-03-27 11:11:02|正品|0||
5;不错，老公穿正好
5;还可以。只是尺码选小了。身高175体重78最后买了一件L的
5;正品，很合适，很舒服～
5;物流太快！一天就到了赞！衣服正品质量很好175 60kg 中码合适！
5;不错，大小合适
5;质量很好，就是价格有点高！
5;好了
5;穿着合体舒适，凸显了我曼妙的身姿，哈哈
5;很好，就是很紧
2;去年也买了一件，这是第二件，但是事隔一年，后面的这件衣服明显没有第一件质量好，第二件薄得多
5;很好，喜欢，就是自己肚子上还有些肥肉，要努力减掉。
5;正品！晚上健身房穿去试试
5;跑步骑车健身必备，很棒，有弹性，推荐的码数也很合适
5;货很好要是多搞些活动就好了
5;物流太快了～包装好，小票齐全，是正品～非常不错～不愧是官方店～
5;颜色很正，做工很好，穿上效果非常棒！全五分！
5;质量很好，是正品
5;比想象的要很多 附带发票 很正规 宝贝绝对正品 一定还会继续购买237457737201|2015-04-30 18:57:06|穿过才知道不是一般的好！|35||
5;衣服应该是正品，但实际排汗效果不太好，衣服贴身上冰冰凉。包装发票外观都还是很不错看得出卖家的细心。好评！
5;0
5;很舒适！！两天收货！！
5;快递比较给力 两天就到 衣服比较合身 不错
5;衣服偏长
5;满意
5;衣服不错，和室友那个假的根本不在一个档次，是正品，服务态度很好，快递很给力，衣服蛮舒服的，就是腋窝处有一点紧。
5;老公还蛮喜欢的，质量不错
5;快递没说的2天到了，衣服还行，正品
5;正品就是正品，快递就是快递！才30小时就到了
5;有点小了，别的还好。发货神速！
5;条形码怎么刷不出来？
5;很快，昨天下午下单，今早就到了，衣服不错，就是我有点瘦，穿不出那种效果，要加紧锻炼了，过段时间再评
5;不错，合适。
5;很喜欢  还会来购买
5;全五星    发货快   物流快   衣服质量好   真心不错    不愧是旗舰店
5;很不错，第二次在这买了，第一次买的pro裤子,两次物流都很快，很棒
5;手感很好，还没有穿，应该效果很好！
5;旗舰店，没问题
5;旗舰店，没问题
5;很合身，没色差，穿上去健身房感觉很棒
5;整体还可以，稍微有点大。
5;衣服略满意吧！男票180，145左右！买的xl的穿着略大...而且超级长...应该买175的估计穿着更合身一些！！
5;质量很好
5;非常不错，下次一定会再来的
5;还可以吧，不换了，做工不太细致，背后有线头
5;衣服稍微有点紧，不过还不错。好衣服。
5;好评
5;和专柜卖的一样，很喜欢，好评。
5;穿着很舒服，包装完美，票据齐全。号码是客服推荐的，很合身，差点就买大了。
5;很不错！包装好！正品！！！物流真的没得说！很喜欢顺丰！
5;不错，穿起来很贴身，舒服。
5;不错
5;不错237511463996|2015-03-26 18:51:28|很好的 舒服|1||
5;东西不错，就是有点长，我承认我短......
5;给男朋友买的，衣服很好呢。特别是物流，真的是惊到我了，从南京到新乡，下单第二天就收到了。这件还特别好。以后会经常来的～哈哈
5;质量很不错，吸汗效果好
5;177，62，M码刚好。
5;挺好的 很舒服
5;很好，正品！
5;质量很好，号码很合适，穿起来很舒服，关键是快递好快啊，哈哈
5;很满意
5;货到了不通知我让我给快递打电话，什么鬼？？？不过是真的发票很好
5;很合身
5;非常棒
5;好用~
5;弹力大，贴身好。
5;发票好帅啊
5;买了三套
5;运动穿舒服
5;非常好
5;发的顺丰，很快，挺好
5;还可以。第二次在这里买东西了。
5;发货很快，衣服和专卖店一样，很好，5星
5;挺好的
5;不错还会来
5;我
5;身高175体重68公斤M号
5;一如既往的好，希望店家多搞些打折活动
5;超级满意，身高175、体重69，买L！卖家服务超好、发货超快！赞赞赞
5;质量好！
5;一直在这帮同学买，质量很好。跟了我三年一点事也没有。大赞！
5;很好的一次购物   物流给力  服务态度一流。
5;发的顺丰，第二天就到了，包装很好，衣服质量也不错，有紧身效果，穿着舒适，很满意的一次购物！！
5;都不错。感觉很薄。不知道耐不耐穿。稍后来追评
5;242392988871|2015-05-22 10:25:07|好穿，有型|73||
5;挺好，就是衣服有点长
5;还可以
5;很紧贴身 赞一个
5;很专业的店
5;不错，就是贵，原谅我不是土豪，
5;173 67公斤 s号稍微有点小.
5;等了好久终于补了黑色的货。简直爽。
5;衣服很好
5;Nike旗舰店就是给力，结实的包装+顺丰+发票 都是那么完美，衣服也合适
5;好！
5;很好看  非常喜欢
5;衣服非常不错，旗舰店的服务也非常周到专业，好评！
5;弟弟很喜欢～
5;真心不错，物有所值
5;衣服已经收到，发货快，质量好，绝对好评，店家服务态度也很好，一次愉快的购物。
5;不错穿上很舒服 感觉充满了力量 是正品
5;32赞
5;我176，体重160穿XL的很合适
5;只能说，平时穿多大码就买多大码。
5;正品，有发票，包装很仔细！
5;帮朋友买的，说还不错
5;正品！质量挺好的！
5;东西很轻薄，感觉不错，肩宽大小都合适，就是比较长，可能是太矮了，165的，70kg，买的M号，不过看店铺图片，感觉也是偏长的。希望物有所值
5;中间换了尺码，客服很热情，nike也只需要寄回去的邮费自理。衣服也很满意
5;不错，满意
5;manshufu
5;不错的东西 穿着还是很舒服
5;满意，舒服，好评！
5;首先，顺丰简直太快了，第二天就到了，哈哈，太赞了，给男友买的，所以没晒图，不过很好，穿上很舒服，不错
5;不错
5;很好不错
5;穿上感觉不错，就是太长了
5;发的顺丰第二天就到了，衣服很好很舒服！健身穿，有紧身效果，很显身材很有型！挺满意的！！
5;官网的东西确实没问题哈。正品，好看~173.68，L号很合适！
5;物流真的超快    有点薄    天冷不适合  不过透气性不错
5;跑步的时候穿着感觉很好
5;衣服很好，很保暖，吸汗效果也很棒，就是买后去商场实体店看有打折，买贵了
5;衣服很不错，非常舒服，快递也很快
5;还不错
4;买大了，怨自己，想换货了，不过还能穿，凑合吧，质量上乘，正品保障，各方面都很优秀，值得购买
5;不错
5;非常好，绝对的正品，儿子很喜欢，以后会一直关注的。
5;简直nice
5;有点紧身，比尺码表偏小
5;紧绷肌肉，效果很好。
5;237138582131|2015-03-25 23:13:13|我儿子特别喜欢！他说是真品，穿的舒服！|15||
5;快递很快，手续很专业，东西也很正宗，要是有点折扣就更完美了
5;真的
5;很好啊，不错，快递也很快
5;不错
5;不错，175 65kg M就够了
5;不错，喜欢！
5;爽到爆了。是正品，没有问题。尺码大小正好。。导购不错。推荐得。很满意，下次绝对还来买。
5;质量不错快递不错，正品，有些许色差，包装很好，效果不错
4;有点长，略小，材质有弹性，能接受
5;1米66,70kg，L号很合适，买家们作个参考
5;好
5;不错，但是好像买小了
5;很不错   衣服很好正品
5;很好
5;非常好
5;还行，买过好几次了
5;东西还比较精致，但是建议选黑色，灰色出汗颜色上会很现，物流超级给力
5;很好很强大...
5;看过了，是正品，衣料收缩弹力不错，包装很好，物流很快．．．．５星
5;不错的衣服，灰黑各买了一件，不过到手后发现灰色的面料明显比黑色的要厚些
5;不错的衣服，灰黑各买了一件，不过到手后发现灰色的面料明显比黑色的要厚些
5;不错，透气性很好，很舒服
5;物有所值、衣服质量超好、穿着舒服
5;顺风一天就到了，网购最快的一次了，没sei了。
5;物流超快，衣服质量很好
5;物流真是快啊 昨天下单的 今天到了 衣服还是不错的 全五星
5;穿着舒服
5;不错！
5;很好
5;非常不错
5;好！真的
5;非常好，买了两件，给件同学
5;好看，紧身，满意
5;不错，物流快
5;很好，很合身
5;正品。老款
5;很薄，挺保暖，弹性很好，很显身材，应该是正品
5;不错，正品，好穿，跟商厦里买的一模一样。
5;东西很不错！谢谢卖家！
5;好
5;忘记了，满意
5;东西真心不错，淘宝也不全是假货，价钱不便宜.
5;不错  我很喜欢
5;不错  我很喜欢    挺酷的
5;旗舰店没得说，物流快，东西好
5;一天就到了 正品 特别好
5;绝对好货，正品...下次还会再来...顺丰快递超给力
5;色差色差色差，懒得退了
5;快递很给力，衣服不错
5;满意
5;很紧身！
5;果然手感更好一点
5;正品，真不错
5;旗舰店的品质确实不一样啊，包装也很精美，老公很喜欢，穿着也合身，赞一个～
5;大小正合适，很好
5;很满意，快递真快   而且服务态度非常好！！！
5;挺好
5;快递确实很快，衣服很好，感觉比在店里试的还要舒服，唯一不爽的就是长胖了，穿上，肚子够肥肉，还会在来买其他东西的，包装袋等等都很好。
5;不错
5;是正品，大小也合适，以前没穿过这种衣服，擦，穿上后连我自己都吓一跳。
5;东西很不错，客服建议的号码也很准。178cm，74kg，L码正好（不过版式确实有点长，不影响）。还有卖家发顺丰，给力
5;很好！
5;很好，孩子喜欢，好
5;不错！
5;二次购。都挺满意的。本来要买黑色没有了只能要灰色得了，没有黑色好看
5;很好！！！值得推荐~~~|效果其实还看身材|0
5;有点长
5;180，67kg穿着很舒服
5;卖家做事很细致，衣服很不错，穿上去合身，nike在产品细节上处理一直都这样好，178cm 70kg
5;很好，颜色比图片鲜艳
5;穿上很合身，正品
5;很不错啊   很显身材
5;正合适，好东西！
5;不错
5;不错，衣服弹性很好，穿起来很有型
5;很满意 需要会再来
5;很好，连续两件
5;电话不打，扔到单位保安门口就走了。
5;正品，穿着很舒服
5;很好
5;还不错，穿起来可以，就是腋窝部分有点硌。穿几天再评价
5;地址点错邮回老家了，才拿到手里，面料舒服，即使过年胖了不知道多少斤穿上依然很有弹性，实战是暖暖的很舒服
5;很不错！穿起来很爽！
5;穿着简直不要太舒服了！客服推荐的号码太准了！今天跑步穿着又透气又贴身！好评好评！
5;穿着简直不要太舒服了！客服推荐的号码太准了！今天跑步穿着又透气又贴身！好评好评！
5;孩子说挺好，是正品，好，下次还会光顾的，五分
5;不愧是官网，就是硬
5;很舒服，感觉还行，透气性蛮好的
5;货品  不错  舒服  很喜欢  正品  赞  过几天  再买件  长袖
5;没说的。炒鸡帮！
5;发货速度超快，昨晚下订单，今天下午就拿到了。试了一下衣服，质量还行，衣服下面长了点
5;东西很好
5;真棒，还是买小一码比较适合我，\n买回来蛮有档次的样子，非常开心，下次就认定这家了
5;好，妥妥的
5;非常棒
5;帅
5;衣服和实体店的一样出色
5;不错，是正品，不过包装有点太简单了
5;不错
5;很满意 修身
5;帮同学买的 176 69 L码偏大 大家做个参考吧
5;蛮好的，就是长了点
5;绝对的五分好评！除了有些贵哈哈
5;真心不错，快递也快
5;第一次拍错了！不过退款！询问都特别热情！购物很愉快！穿上肌肉挺显的！看吸汗如何！值得期待！五星
5;侄儿很喜欢，东西不错
5;感觉还行，挺紧身的，看来要减点才行=_=
5;非常不好，他们应该都是刷的，
5;东西不错 到货很快
5;质感非常好！正品。
5;挺好，应该是正品，发的顺丰，到的很快
5;挺好，就是没优
5;五分好评
5;五分好评
5;很不错，是正品
5;好
5;回头客，老公给他战友买的
1;有极大色差，实物是玫瑰红。老公不拘小节穿着还挺高兴。。
5;很好236874899436|2015-05-25 15:47:27|非常好|72||
5;很不错哦
5;不错  特别轻薄  很舒服
5;弟弟说略小 但是没关系 好评
5;爽！
5;第一次购买耐克，质量不错，服务态度好，发货快，物流快。
5;非常喜欢。排汗功能出色，性价比很高。
5;还好
5;很好很快 必须全5
5;好
5;236849584257|2015-03-16 08:54:08|超棒|2||
5;穿了2次，有点点掉色，其他还可以。236688363201|2015-04-10 23:03:13|谁说无色差，自己好好看看，照片猪肝红，收到衣服几乎粉红，还好本人长得可以吼得
5;完美完美，没有什么好说的了
5;穿着很舒服！！
5;赞！
5;老公健身穿的，很有型
5;很喜欢，就是有些长，本人身高177,体重150，L的为大家购买提供一下参考
5;要训练啦！好货！
5;速度非常快，衣服也很好。
5;是正品，很满意！而且快递真是神速，第二天早上就送到了，全5分！
5;可以
5;颜色有点艳，总体不错，五分好评
5;好不错
5;好喜欢
5;官方旗舰店有什么不放心的呢
5;一分钱一分货，凉嗖嗖的
5;质地很好，我身高187，体重83KG，其实XL会更显身材一点236527004319|2015-04-04 16:14:04|用了快一个月，健身感觉一流！|23||
5;快递快的吓人！！！衣服不错就是有一点点小。。。可能是我太高的原因。。。
5;习惯好评 看着没问题
5;颜色很好，质量穿起来相当舒服
5;非常好！
5;官方店嘛，没什么多说的！哈哈
5;不错，183，85kg，穿XL。
5;第二次买了，非常不错，物流太效率了，给力
5;正品
5;衣服还好，快递顺丰很给力。等上身一段时间看看质量吧
5;我188cm 83kg 穿xxl的有点长 应该xl更合身
5;不错很...紧...嗯...是的...摸...上去...也不错...很...凉快...
5;非常好
5;是正品，衣服非常好！
5;非常棒，很喜欢，一天就送到了，很快，赞一个！
5;?
5;东西不错，速度很快
2;颜色有点色差
5;挺好的
5;发货很快，衣服质量也很好，穿着锻炼很舒服
5;货到了第一时间穿了去健身房，运动了2个小时，总体感觉不错，面料穿起来很舒服，透气排汗，紧身效果也还不错，下次再试试长款的
5;男友拿到衣服，我没看到实物，据说颜色不是很亮，大小合适但是穿着不是很舒服。质量很好物流很快，整体好评
5;正货 180 穿XL 83KG
5;合身 赞！快递速度 赞！
5;不错
5;衣服颜色很正，质量很好！
5;紧紧的 锻炼时 力量都出来了
4;一点色差，接受，如果大一号更好
5;帮同事买的，他说很不错。
4;尺码偏小 有点勒
5;衣服版型非常好，上身很舒服，就是略贵 哈哈\n顺丰超快啊，上海到山西只需要一天！！！反正我是惊呆了，最快的一次，没有之一
5;快递速度快
5;挺不错的
5;很好，很紧身
5;快递很快，东西也不错
5;不错。还行吧
5;很不错 穿上很显身材
5;没什么优惠，没什么活动，客服服务有待提高
5;正品，第三次购买了，打篮球或者运动都可以穿，很透气舒适，又吸汗，五星好评
5;还行
5;非常好，是真货，物流也很快。很合身就是长了点不过不碍事。
5;品质依然如故的好，满分。款式望进些美国的版
5;好的
5;正品
3;色差还是有点，不过在意料之中，可以接受！上身跑了5公里，感觉蛮舒服，透气吸汗效果不错，客服推荐的码比较合适，稍微再小点可能紧身效果会更好！
5;很好
5;稍有点长， 其他都很好
5;确实很不错~
5;不错～
5;不错不错不错不错不错不错不错
5;颜色有点偏红色，穿上很舒服
5;官网的衣服就是不一样
5;还不错，就是长度有点长。。
5;希望能多点其他颜色的货。衣服看起来还不错 穿几次在来评价
5;服务周到！
5;穿起就变肌肉男了，嘻嘻
5;顺丰现在慢了，衣服还挺好
5;发货速度  很快  衣服质量 也很不错  赞
5;先生很喜欢。
5;不错，穿了两天感觉很好
5;感觉还行、
5;236464822331|2015-03-11 22:10:22|衣服不错，物流不是一般的快～～～|18||
5;帮朋友买的，还可以吧
5;很好，一直在这家店买东西，以后还会常光顾
5;很喜欢的衣服，穿着很舒服，是正品，穿上它就会爱上健身的，发货也快，下次还会来买。236441792944|2015-03-11 11:22:40|越穿越喜欢，真心赞啊！|2||
5;一直很喜欢耐克紧身！
5;不错 合身
5;很喜欢，质量很好
5;颜色比图片要浅，是天蓝色的。
5;卖家这个东西，应该是真货，穿着腋下部分有些难受
5;好评！
5;官网的品质，还不错，跟实体店一样
5;快递神速！衣服也满意！
5;感觉不错，有点紧
5;衣服不错，大小合适，质量不错，正品，好评！
5;行，挺好的，就是弟弟有点瘦，撑不起来
5;态度很好，品质和态度一样，物流和品质一样
5;已经是第二次买了，儿子很喜欢。
5;老公很满意
5;一如既往的好！！！还会再来的！！236223305308|2015-03-07 10:21:21|如果买耐克，就来这儿。|0||
5;绝对，身高180  体重160刚好
5;很好，就是不知道为什么这个款瘦可这么长，穿着还是挺舒服的，我觉得买小了一号，孩子觉得正好。
5;衣服上身效果超赞！很好！
5;质量不错，颜色色差太大了。。。基本是桃红。。。
5;衣服很好，发票什么的都齐全，还有快递真心给力！
5;衣服不错有弹性，自身问题没有体验得到这衣服的功能！发货速度，2天时间衣服就到了，忘点收货了。
5;老公穿起来很合适哦！哈哈
5;再大一号就好了0.0物流相当给力
5;第二天就收到货了，太给力了，宝贝正品，老公很喜欢！还会再来的。
5;不错
5;很好。。。。
5;穿起不错 很紧身 阔以
5;物流当然是超快的 旗舰店一向棒棒的 不知道效果穿上如何嘛 店主一种高冷的感觉
5;238600682188|2015-04-07 08:12:47|好|47||
5;还不错
5;好
2;色差太明顯
5;衣服非常好～很喜欢
5;有点大了，建议买小两号的
5;偏
5;东西非常好，快递速度也特别快
5;按着之前穿的码子买的，还没拆开。卖家包装的很好，发票专门用个票夹装着，很不错的服务。
5;舒服，贴身
5;服务很好
5;下摆太长啊，还可以
5;官方店的东西就是不一样，绝对正品啊，包装高大上啊！
5;货挺好，就是号不合适
5;不错
5;不错，是正品，包装很满意，质量更不用说，够紧身，弹力很好，物流顺丰也很快
5;一如既往的好！
5;还不错
5;服务好 发货快 票据齐全 170 62KG M码适合 就是衣服下摆真的太长 衣服很紧身 速干 舒服
5;不错，东西满意
5;很不错，很紧身，是正品  还会再来
5;很好 和同学实体店买的一样 物流速度很快
5;衣服相当好！质量，触摸质感都不错！1米76，65公斤选M号！有点长！不过耐克这训练服就这尿性！其他地方都很紧身！唯独腰身部分有些宽松！可能是因为自己腰太细。。。没法！非常满意的一次网购！
5;有点长
5;快递态度很好。因为个人原因然后快递送了好几次，一点怨言没有。衣服穿着很合适，面料摸起来也很舒服。应该是真的。
5;不错，快递也快，衣服不错，附带发票
5;试穿了一下衣服有些长，质量还不错
5;今天刚刚试穿了下，本人净身高177，体重146斤，刚刚合适不是很紧也不松，穿起来很舒服就是好冷，不过下摆对于我来说太长了都可以包到我的臀部下面去了，腿长的建议选小一码，我懒得换了，上身长的穿应该就刚刚合适！
5;很好，就是长了点
5;好棒好棒
5;顺丰快递，赞！ 我172cm 60公斤 买的M号 挺合适的面料也很舒服。
5;非常的好，绝对下次还要来买长袖的！
5;在
5;170,65kg穿着挺合适，黑色很酷；肩膀处稍微有点紧，不过胳膊伸开运动时不会感觉到紧。
5;还行，不太紧身，有点大
5;第二次在这里买了，发货速度一流东西绝对正品！
5;东西很好。
5;不错，买来送人的～
5;以前买过一件类似的，也不知道是自己身材好了，还是号小了，总之有些挤了，看看洗洗能洗大点不，卖家的快递给发的是顺丰真心快。
5;非常舒服
5;非常舒服
1;鉴定完毕 确认假货 超级垃圾 大家千万不要上当受骗
5;很满意的一次购物
5;好，包装精致。
5;有发票值得信赖
5;东西收到了。超赞，不错。物流太快了。体重79高179穿xl正好
5;很不错
5;很好
5;非常不错
5;质量不错，快递很快
5;没话说。赞。
5;蛮好的，就是有点长了
5;棒棒哒，顺丰逆天了，衣服也赞
5;非常快，还有发票，很正规！衣服质量很好！值得信赖！
5;很好
5;非常棒
5;总体上很满意，5星，材料很舒服\n本人190，买的180号 偏小
5;很好
5;东西不错，是正品穿着超显身材。8快全部暴露出来了。。赞+1 但是不知道会不会穿久了变形！
5;紧身衣太长，腋下太紧而且网状导致运动起来有摩擦很不舒服
5;不错
5;东西很好，是正品！发票齐全很满意！
5;老公说很好，不愧是旗舰店。下次还会购买，么么哒（*＾3＾）
5;相当巴适
5;物流很快。质量不错，穿着舒适。五星！
5;和描述的一样，很喜欢，质量也不错，
5;非常喜欢
1;色差太大了！
5;质量不错
5;非常好，顺丰真快，衣服非常贴身，很舒服。?
5;送人的，很满意
5;235975893389|2015-04-06 14:37:27|还可以吧|36||
5;穿着挺舒服的 但这色差
5;不好意思确认晚了。质量不错，穿着舒适。包装很好。
5;什么都不说质量。发货速度，快的很。没问题！
5;我188，87kg结果上衣有点大了？...
5;还不错，待追加
5;质量没的说 以后还会再卖的
5;东西棒棒哒，下次再买
5;宝贝收到了  还行哈  待追加
5;非常好
5;舒服  s码适合177 61kg偏单薄的人
5;质量很好，我178的选了M码的挺不错。快递也很好
5;品质依旧
5;稳当
5;不错，挺舒服的
5;很舒服，穿上刚好。188/80穿XL正好。
5;穿着还是OK的就是马上不好选 买过来太长了
5;东西真的很好
5;“
5;衣服很棒！很喜欢
5;还可以
5;蛮好的
5;很好哦~
4;还好，就是扫不出二维码，不知道真假
5;235857160622|2015-02-26 10:30:37|180以上穿M还是蛮紧的，建议买L或XL的|0||
5;衣服很棒超赞！根据多年网购经验，那些同款130的基本上80%都是假货，我想说大家别贪便宜。199也不贵。最主要放心！衣服就不拍了，拍张随衣服来的购物袋密封袋和发票。
5;很好！
5;有点长
5;235787605931|2015-03-09 19:43:25|正品，不错|12||
5;好
5;很不错
5;做工不能说完美，不过对得起这个价格，服务到位，快递很快，过年还有这么快的速度，没得说。170，60kg，M码不会很紧身，供淘友参考
5;很不错，东西很好发货速度也很快
5;是正品，和实体店的一样，强烈推荐。
5;穿着很有型，好评，尺码正好
5;五星好评。衣服质量没话说 合身好看。等打球实战再说。另外快递非常赞 包邮顺丰 下次还来
5;还行
5;236221682620|2015-03-07 13:54:44|东西很好 客服人员很好|30||
5;物流好快，衣服是买给当兵的男朋友，实物应该不错哦，要不然像他那种高要求的人早电话飞过来发飙了哈哈。谢谢～
5;正品
5;正
5;买大了 衣服质量我觉得不是太好 没有UA得质量好
5;衣服不错，发货快
5;发货快，顺丰也快.衣服领子后面针线地方有点瑕疵，不知道是不是都这样，总的来说还可以。全5.
5;尺码对照表与衣服有点出入！衣服物流都很好！
5;很好
5;很赞，很贴身，物流顺丰走了一周啊
5;正品，贴身，松紧刚刚好，172cm，75kg|36||
5;推荐的尺寸特别合适
5;官方就是好
5;好
5;???
5;质量很好 我172 65按照客服推荐选M码很合适。快递很快，服务也好。五星好评！
5;好
5;衣服送人的，没看到，应该不错，好评
5;穿上挺舒服的，不赖，酒红色挺骚的～
5;挺好的...
5;满意
5;感觉买小了...不过料子不错，跑起来也很透气，全好评
5;正品 包装不错 包裹性很好
5;对身材要求高，有赘肉立显，舒适透气
5;材质舒适 设计很赞 穿着很能体现身材
5;第二次了
5;身高186  体重140  xl的正好
5;还行吧
5;质量好，正品弹性特别好
5;170,136斤L号的正好穿上有型，顺丰就是快，就是价格贵了！
5;e
4;可以
5;我身高180体重187穿这件正好！
5;还没穿，看起来不错。
5;挺好
5;非常好，发货速度快，还有发票
5;东西不错。
5;还行！
5;东西不错，绝对正品，和我在实体店里买的一样，还便宜一些
5;很不错！
5;非常赞，推荐给大家
5;发货速度没话说，当天发货第二天到，刚好赶上要用。衣服绝对正品，穿的很舒服，还提供正规发票，确实是家好店，推荐给大家
5;不错，儿子喜欢就好，快递也很快
5;衣服是正品～很合身运动穿很舒服
5;非常不错，百分百正品。穿着超级舒服！nice！
5;很不错
5;非常好，非常快
5;非常好非常快
5;东西不错，建议把图片的色差调一下，图片颜色太深235319533481|2015-04-06 21:50:37|东西不错|56||
5;好！
5;好
5;不错，很正.
5;以前买过一件丢了不过不是在官方旗舰店买的，150多，但是质量比这个差的多，一分钱一分货，满分
5;按照说明，应该选M号，看了评论后，果断选择了XL，事实证明，这样的选择太明智了。
5;nice
5;比想象的鲜艳一点，235302451224|2015-03-16 21:37:37|就是 那么 清凉|36||
5;很不错，但是很长
5;很好，弟弟很喜欢
5;不错很喜欢
5;非常好，穿着打篮球非常透气吸汗！
3;?
5;好
5;好   不错
5;好
5;非常满意，顺丰很快，东西很好，穿在身上动力十足！171，体重117，M刚好喔、|真心不错
5;布料很舒服，穿着很透气！
5;正品店就是不一样，包装、物流等都没话说，好评！
5;236729993670|2015-03-12 06:14:22|质量很好，送货非常快，穿着舒服。|48||
5;还不错，选的l号，感觉有点小
5;衣服是正品，开始买的l号，感觉有点小，客服很热心的帮忙更换了xl号，除了稍微长一点，腰部也没l号那么紧贴，但是总体来说，伸缩性还是很贴身的，满意！本人179，78kg，就是穿来健身和打篮球的。
5;真不错的衣服
5;第二件，就等天暖和打球穿了。
5;不错，买了两件
5;不错哦，舒服，显身材
5;挺好的
5;顺丰很快，穿着很舒服
5;好爱，好顺利，
5;不错。
5;不错
5;好
5;感觉还是挺舒服的面料 就是小了点
5;穿着很舒服
5;长了，薄了，没有长袖的厚
5;儿子很满意！值得购买！
5;非常好看，漂亮
5;略长，其他都很好
5;虽然摸着有点薄，但是不动的时候感觉保暖效果还是有的！跑步散热散水气还是不错的！快递特别快！按客服拿的尺码刚刚好！
5;习惯好评
5;精品舒服修身不错,穿的人也多,健身房有4个撞衫了,
5;好
5;好
5;啥也不说了，，不能再满意了，没有一点瑕疵，真心棒
5;干脆利落的过程，很不错的衣服。
5;很不错！
5;质量真的不错，是正品，值得推荐，5分
5;快点发货。一看这货就是正品，值得信赖。
5;很好老公喜欢
5;第二次来了，东西依旧那么好！
5;东西很舒服，174，60公斤，穿M刚好
5;小贵，不过买个放心
5;好东西就是好东西。在这家买了好多东西了，真心都不错。
5;好评，就价位有点偏差
5;确实是正品
5;买小了。哎175体重65Kg     M穿不起来。。。。露点
5;收到了，挺好的
5;官旗就是不一样 包装好发货快 客服态度也超好 好评！
5;是正品，很喜欢
5;不错不错
5;正品，不错
5;老公说非常好，锻炼很显身材，哈哈哈~~~不错的~~特意选的小一点的，有弹性，穿上正好~~
5;快，一天就到了，穿着舒服，好
5;dsadasd
5;非常满意，旗舰店的质量就是不一样，是正品，穿着非常舒适，包装也很正规，快递更是给力，不是一般的快啊！
5;正品，很舒服
5;很好
5;全五星，买回来试了一下，挺舒服的。穿穿再回来评价
5;不错咯~发货很快！昨天订今天到！
5;非常好 绝对正品
5;好评
5;好
5;还不错
5;速度很快，正品质量就是好！
5;perfect
5;看着不错，实战之后才知道
5;穿上了，不错
5;太好了肯定正品大小正好
5;不错
5;衣服太赞了
5;真心不错 很紧致哟
5;蓝色比黑的好看
5;很好 很舒适 大赞！
5;快，东西太好了，官网就是不一样
5;穿着还不错
5;衣服非常棒 狠舒服 透气
5;衣服穿着舒服
5;蛮好的，不过正品还是小贵
5;很棒，质量很好。运动穿感觉特别好
5;东西不错，不过偏小，我179.148
5;很不错，跟实体店试的一样，包装也很到位，没想到EMS的速度也这么给力，第二天就从上海跑到广州了
5;正品
5;衣服很帅
5;很好
5;东西还是非常好，在店主的建议下，尺寸很合适
5;不错
5;腋下有点紧总的来说很棒
5;不错～
5;挺不错的
5;正品，感觉不错，只是稍微买小了一号，有点紧，不过正好可以督促减肥~
5;宝贝很不错，是正品，很喜欢，面料摸着也很舒服，下次肯定还会来，物流超给力！32个赞！
5;东西刚入手，一打开就感觉是正品，第一次买东西这么齐全，必须给一个好评
5;衣服穿上很舒服。是正品
5;确实不错，以后还来
5;还行
3;色差
5;很好
5;还不错...
5;衣服不错，穿起来很舒服
5;好
5;客服建议选L码，我怕不紧身就买了M码。穿上确实蛮紧的，但凸显身材，穿习惯了就自然了，穿久了也会松
5;比较长，紧身效果不错，颜色不太好看。
5;非常满意的一次网购，感觉比实体店我买的质量还好一点，强烈支持顺丰速递，太给力了，超赞，同时我也强烈批评EMS，真是太烂了，赶紧黄了吧。234015191990|2015-01-23 14:27:48|有色差，不过还可以接受|0||
5;帮朋友买的，应该不错吧！
5;图片和实物有色差是，不过也不难看，还好吧
5;客服非常好
5;非常满意，衣服儿子很喜欢，包装精良，快递给力！
5;不错，包装很好，是正品，发货速度快。
5;不错不错
5;老公收到非常高兴，赶在生日前一天收到礼物，发货快物流快！衣服非常合适，下次还光顾！
5;很好！很强大！服务态度很棒！快递极速！配我的HD2014简直要骚翻了
5;233947828745|2015-02-23 18:54:12|很贴身 买之前以为是无缝的|32||
5;暖，弹性不错。
1;很差，颜色根本不一样，差别太大，物流太慢！
5;还不错 应该是正品 快递太快了 赞
5;大小合适 发货快 非常好
5;物流快，穿上效果好，非常满意
5;好
5;正品！穿上很修身，很舒服！
5;东西很棒，只是蓝色有色差，不是这种深蓝。
5;好！
5;第2天就到 神速
5;衣服很好，出汗的话很快就排出去了，料子好就是不一样，以后会支持耐克的。
5;满意
3;大小倒还合身，就是穿上不怎么舒服，虽然是滑料，但总有几个缝接处触得痒痒，而且衣服总是皱在一起。第一次穿紧身衫，没有想象中那么好。
5;穿着很显身材，物流也很快
5;老公很喜欢，版型好，颜色正，健身穿正好，
5;233912010497|2015-01-22 22:35:06|打了一次球！感觉太棒了！冬天穿在衣服里打照样舒服！我175，60kgL|2||
5;很好
5;大小合适
5;东西挺好，速度也很快，就是不习惯穿，......
5;还不错
5;买小了...但因为试穿的时候不知道怎么回事吊牌自己掉了，于是就不给换了...唉...
5;东西很好，穿着合身，物流超快，五星不犹豫。
5;东西很好，穿着合身，物流超快，五星不犹豫。
5;非常满意，谢谢
5;正品！态度好，还会来
5;颜色和图片色差很大
5;绝对真品正品。质量很好穿着很舒服！！
5;物流真心快，两天就到了，票据都和齐全，很正规，衣服上身舒服，和实体店没差，准备洗一次看看，会追加评论！真心可以全五！
5;有点大 不过很喜欢
5;完美
5;完美
5;good~
5;是不是正品不知道，但是感觉不错！
5;无论布料还是透气性非常棒
5;NIKE旗舰店，其他就不多说了。
5;还不错，175、70号正好
5;说是有点色差，可能是屏幕问题吧
5;衣服很好，也很合身，就是穿着长了些。但影响不是太大吧。有图有真相。
5;老公说质量不怎么样
5;大小刚好，不大不小, 就是长了点；我现在一件UA 一件NIKE， 对比看来，五官是舒适度，剪裁和内部的线头处理，UA还是略胜一筹，以及版型上来讲，UA的也特别塑形.. 可以替换着穿啦
5;单位特殊，物流很给力，货很好，在单位会帮着宣传的。
4;偏长
5;给我弟弟买的，174com72kg  XL号合适！大品牌，不错。顺风的快递大哥非常不错！负责，有耐心！
5;很棒
5;很好呢~
5;正品，小贵，和商场一个价
5;好，正品
5;233475985199|2015-02-06 17:21:26|很不舒服，排汗功能=0。这衣服非但不排汗，感觉还有点锁水功能。略微出汗的时候感觉全身湿乎乎凉飕飕的，不适合运动用。选择这款运动衣得慎重|21||
5;面料不错 不知道吸汗怎么样
5;儿子很满意，一次很开心的网购，发货速度很快，服务也好，还会再来的。
5;物流没问题 就冲着速度全五分
5;是正品，就是价位不便宜，但客服快递各方面都不错
5;满意！
5;挺好，就是我穿上不好看
5;很不错 穿着合适 就是颜色有点淡啊
1;有点紧，色差太大...
5;果断好
5;不错
5;棒，态度好，发货快，质量好！五星
5;175,75，L正好。
5;很满意，也快
5;穿着舒服
5;下单后马上就给安排发货了，顺丰快递还是很给力的
5;棒！
5;很好
5;233224146930|2015-01-31 23:20:34|衣服穿起来很酷，展示出来良好的线条，透气效果相当好。|17||
5;非常好、客服物流、正品
5;非常好
5;儿子喜欢
5;衣服质感很好，很爽滑，修身，而且很透气。很不错。
5;不错
5;大小合适特别舒服～隔天就到了\n本人181cm 95kg XL正合适
5;故意买小一号，本人身材偏瘦\n等穿着锻炼一段时间看看会不会撑变形了再来追评
5;henhao
5;合身
5;颜色好艳啊，穿上不错。
5;null
5;一分钱一分货
5;还不错。物流也快
5;五星好评，耐克很专业233142136880|2015-01-17 16:54:52|非常不错哦|4||
5;赞一个
5;物流快，居然还有发票。还没穿，看起来不错！好评
5;稍微有点磨腋窝
5;衣服真心不错，当天下单第二天就到了，还送了我个公文袋，大赞
5;舒服，质量也好。
5;衣服很棒，没理由不是正品，哈哈，帅死了，就等打球了。
5;你值得拥有
5;东西不错，就是实际看起来比网上图片要薄很多。我是177身高，L号很紧身，应该是衣服效果。
5;不错 穿起来很有型
5;发货速度极快，就是有点小。
5;质量很好，实物比图片上颜色好看
5;一如既往的好！劝大家买正品，确实是一分钱一分货！
5;一如既往的好，但红色这件色差有点大，不是深红，有点梅红色。
5;衣服很好，用的顺丰，很快。包装也很用心。
5;很合身 178 78KG 穿着正好 不错
2;色差严重，实物是艳粉色233083528673|2015-03-26 08:05:49|色差太重|78||
5;可以233083528672|2015-03-26 08:05:49|很好|78||
5;实物和官网上上色色差有点大啊 显麻烦不退换了
5;很好
5;宝贝非常一次愉快的购物！！
5;质量一般，太贵了
5;good
5;大小合适，很修身
5;好评。。。。。。。。。。。。
5;超爱~
2;有色差
2;S肩膀胸略小一点点胸围86，如果喜欢穿的紧的那这个正好。
5;挺好的，也舒服，170，55kg.S码，合身，推荐，再买一件！
5;！AAAAAAAAA
5;质量好，没得商量
5;有点紧，，
5;身高176,体重60买m的稍微小点，穿着感觉太紧了
5;穿上很舒服 物流给力 很不错 下次继续来买
5;是正品，合身就是红了点
5;穿着舒适，排汗性号，不沾身，这个价位很值
5;很好
5;正品质量很棒 L号刚刚好！
5;穿起来有点小，腋下比较紧。
5;很好很强大
5;衣服已收到，现在已经是第二次购买了，快递哥也也很给力，第二天就到货了，谢谢了
5;穿着很舒服.很棒！下次还有需要还会来的。
5;好我喜欢，第一映像不错，看以后怎么样
5;非常棒，冬天只穿它跑步，虽然薄，但是保暖，汗一会就干了，非常棒的体验
5;一流棒
5;衣服很漂亮，就是颜色不太一致！客服态度很好！下次还会来的。耐克比阿迪达斯厚道多了！还有正规发票。还算满意！
5;一直很好！
5;东西好，快递快！
5;很好 不错
5;材料很舒服，就是袖子缝合的线很不舒服。
5;颜色跟本不对
5;应该是正品
5;180，70kg刚刚好
5;很好，很舒服，也很紧身，打球还是挺舒服的
5;很好
5;宝贝不错，选了一件小了，又换了件大点的，客服也特别好，物流也特给力，不错的一次购物
5;一如既往的好
3;勉强
5;各方面非常满意的一次网购，还会在来的！还开了发票。
5;是正品，老公穿着很合身，非常喜欢，赞一个
5;退换成功，服务态度没问题。
5;很满意
5;很不错。健身穿的
5;衣服，包装，物流神马的都很好，就是衣服很是偏瘦，幸好我儿子也瘦，全5分，232735226624|2015-01-28 22:24:51|很好|23||
5;很不错的衣服
5;刚穿起来略紧，穿久了，感觉挺不错，意外收获保暖性能
5;有点太红了 哈哈 很好正品 发货也快
5;衣服不错，就是有点紧送人了。送的人评价很好。
5;好快
5;一如既往的好。
5;朋友很喜欢
5;发货超快的！绝对正品！超值！
5;好、快
5;很好穿
5;给儿子买的，他说挺好，大小合适快递给力5分
5;还不错
5;好?
5;正品
5;正品还是正品啊
5;感觉不错，相信是正品
5;既然有线头
5;老公穿上了就脱不下来
5;男朋友喜欢
4;个人感觉价格贵了，我和43块紧身衣对比了一下，料子一样就是耐克的稍微紧点难拉开，43的比较松，不过元旦还上班工作人员辛苦了。。
5;不错，正品，尺寸合适，很愉快的一次网购[偷笑,偷笑,偷笑]
5;好
5;不错
5;很不错 还会购买
5;完全按测量的数值买的，可是衣服实在是太紧了。紧身衣非得这么紧吗？
5;233971103479|2015-01-24 13:29:44|穿起来好性感啊~|38||
5;一如既往的好，这件是帮朋友买的，我之前就在Nike官网买了一件了，非常的好，一看就是正品！！232226879159|2014-12-31 22:54:08|刚好今天去健身，货到了，朋友直接穿上了，感觉还是相当的棒的，有一种利利索索的感觉，然后再推几组杠铃，瞬间感觉自己强壮了！！|0||
5;店家用顺风送的 非常快 一天就到了 东西非常好 包装也好 正品妥妥的
5;质量很好快递超快，包装正规并且有发票，老公穿着也很合适
5;挺合适的，就是价格一点儿也不优惠。。。
5;很好
5;不错  正
5;有点小了。。。不过质量不错
5;质量不用说，快递速度！绝对好评，有折扣就更好了
5;买小了 质量很好的
5;不错
5;衣服不错.绝对正品 好评买了M号小了点
3;客服不认真把电话号码写错了
5;衣服很好！下次会光顾的。
5;都很好，朋友说就是有点长，估计是他个子低的原因吧
5;东西好，发货快。
5;非常棒，很喜欢...物流超快
5;非常棒，很喜欢...物流超快
5;正品，就是有点小了，一定要买自己的码，本身就是紧身的
5;ookk。有点长。不错！
5;很好的衣服，没问题。
5;不错做工和质量都挺好，版型也好，喜欢
5;不错
5;包装精美，东西不错
5;摸起来料子是不错的
5;还可以，跟想象中一样！
5;宝贝已收到，很好，是正品和我实体店买的是一样的。
5;衣服有好多好多线头！而且一扯就开线的那种！虽然说是正品，可是应该是二等品吧。。。郁闷
5;不错！
5;买了又买 停不下来 很满意
5;第三件了，很好
5;东西很棒
5;第二次购买了，很好的是正品，小儿很喜欢，他的同学们都要来买啦。发货速度超快。
5;穿起太贴身了，身材一下就显出来了。
5;很满意！！。。。。。。。。棒棒哒。。。
5;正品，给力，得多锻炼了
5;很不错
5;不错
5;没问题。正品，发票也是国家正规机打的，穿着贴身而且舒服
5;Nice
5;速度快，态度好。衣服没打开看，是常客，凭以前的经验，应当没问题。
5;天暖和了再穿 先屯着
5;舒服，身高175，体重165，L正好，好
5;好长好长～～
5;物流又快 东西又好 澎湃健身动力 穿身上很带感
5;不错。
5;质量刚刚的没的说，好
5;正品，物流快，包装也好，没什么可挑剔的。
5;非常好！
5;GOOD
5;不错。
5;非常好。衣服舒适。包装精美。赞
5;速度超快
4;卖家人很好,快递也很给力,衣衣也不错,就是扫二维码没有查到产品,不知道是不是真的
5;不错
5;good
5;good
5;衣服一如既往的好，之前已经买过几件了。但是这次觉得这件麻灰的比黑色的要厚实一些，不知道是不是错觉。
5;东西不错，是正品，从包装就能看出来
5;穿上效果还不错
5;东西还不错，很喜欢
5;超好评！
5;给老公锻炼买的，他比较喜欢，跟正品一样，发票也很正规，值得表扬的是现在的网店也很正规了
5;是正品，发货及时，质量好
5;很好。
5;很喜欢 穿起来很舒服
5;衣服比较紧，但愿不会影响运动，小肚子太突出了。
5;衣服比较紧，但愿不影响运动。
5;ok
5;嗯，嗯...外贸
5;好
5;衣服很好。 不错。太棒了。
5;穿着打球很舒服，很透气，很满意的一次购物，绝对正品
5;质量很好，速度很快，很喜欢
5;非常好！
5;正品，挺不错的
5;一如既往的好，这是第二件了
5;胳膊那稍微有点紧，别的都很好
5;好！男朋友满意 物流巨快
5;衣服非常合身，官方的店就是好！
5;买了很多次 好
5;宝贝超好，穿着舒服，面料做工一流！必须点赞！
5;儿子说好，试穿舒适、显身型
5;m号超级紧
5;null
5;服务真心好，不知道是不是双十一被伤到了，所以难得有个稍微好点的，我就觉得好的不得了，发票也一起快递过来了，真是好。另外，那个快递也好，竟然是顺丰，我好久不写评价了\n难得给一次全五分，给你们了
5;好
5;一般
5;正品！老公说不错，物流超快，超好，下次还会来。
5;衣服真的特别大，比平常大了一个号的。质量也就一般，不值这个价钱
5;一买完居然降价，并且我是换货，第一次差评！
5;料子不错，但是码子起码偏大两个码！瘦小的人可以参考下！
5;很好！
5;很好合适
5;衣服质量一般，没有以前的质量好，还有点小贵呀，衣服超大，小了1个号还大。
5;不错
5;衣服是正品，质量很好，布料舒服
5;材质偏薄哦！但是还可以吧！
5;东西不错 有点大 建议要买时 要小一号
5;宝贝不错，喜欢彪马，因为码偏大，我是个胖子所以懂得
5;这次买的码稍微大了点
5;质量好
5;还好，不错，但愿还能多搞活动
5;衣服不错
5;幸好听了客服的话选择了M码，平常老公穿XL号，穿这款正好！
5;真货
5;质量很好，尺码偏大，买小一号刚好，肥度也还好。
5;感觉不是正品，不过一百多，不用退了
5;与图片一样，满意。
5;确认晚了,衣服绝对真品
5;null
5;送给老爸的 很合身 就是衣服有点长了 不透 还算满意
5;质量很好，只是码数偏大了
5;挺好
5;就是太大了，衣服还可以。
5;挺好的，料子挺好
5;东西不错，一分价钱，一分货。
5;还好吧，东西应该是正品，物流从上海运到南京，足足花了6天时间，25号拍的，今天才到，无力吐槽。
5;不错哦
5;发货慢，其余还好
5;稍微有点长了，自己拿去截了一节
5;很不错的衣服，是正品，快递很快，总之全五分。
5;好评。。。。。。
5;买大一码可惜了
5;穿一天变形很严重，不管是不是正品这种质量就是砸彪马的牌子。不推荐购买。
5;东西不错，好评！
5;感觉有种地摊货的问道衣服，不知道是不是正品，快递没短信电话
5;穿着舒服！
5;穿着效果很不错材料摸上去也可以啊，以后T恤就认准puma了
5;产品大了，听说换货麻烦，要出来回运费。喜欢这款式。
5;领口有点小
5;好
5;感觉还行吧
5;值得信赖，快递给力
5;好
3;一般般
5;质量不错
5;质量很好
5;不错，穿在身上很舒服！就是有点肥大了些！
5;衣服收到了，很合身的，不错，好评
5;喜欢
5;质量不错 就是太大了 怪自己没看准尺码 懒得换了
5;质量不错 就是太大了 怪自己没看准尺码 懒得换了
5;好评，衣服不错，穿着舒服。
5;尺寸刚好，质量真品
5;好评
5;衣服是正品，质得购买
5;很好
5;正品好货满分
4;质感差了点。
5;衣服偏大！是正品！大了一码不高兴退了！
5;很好，很合身
5;一般，太薄
5;给男票买的，质量挺好的，穿着很帅气。赞\(≧▽≦)/
5;不是很满意其实
5;还行吧，老公说穿着挺舒服的
5;喜欢
5;质量不错，希望以后打折促销活动多多。
5;不错。穿上正好。非常喜欢
5;买大了！可以的好评。
5;挺好的
5;不错
5;超级满意
5;不错
5;还行，就是不见生产日期的标签。
5;质量不错，就是太大了。好评吧
5;质量超好
5;一如既往的好
5;很好。
5;衣服质量很好，老板推荐的尺码刚好，下次还会光顾的，好评好评好评
5;物流真是超给力哦，衣服质量不错，穿着很舒服，是正品，加油
5;洗后领口有些变形，码子大
5;挺好的。
5;衣服有点大，比平时穿的码子大一号的感觉
5;质量还可以，穿上略大了点，发货和物流很快。
5;买了两款小码的，一件刚好，一件有点大，不过质量不错！很好
5;性价比不太高啊，就是个黑色纯棉背心，没什么型
5;给老爸买的衣服有点小胖，又懒得换，回头找地方修一下，衣服质量一如既往的好！
5;我本人一直很喜欢彪马这个品牌！但是每次都是在实体店买的.这是第一次在网上买我喜欢的产品！因为实在是没有时间去实体店看衣服！对这次网购很满意！码数合适！物流业也很快！服务态度好！
5;质量一般，不值这个钱，不是正品。偏小一号买的，合身。真是一般
5;衣服很好，就是有点偏大了！
5;尺寸很合适，穿着很舒适，不愧是旗舰店的货，聚划算买的，性价比很高。
5;非常满意，会再来的，支持！！！
5;好！
5;好！
5;还好
5;衣服收到了，质量很好，和合身。做工精细。颜色很正。
5;好
5;242671755865|2015-05-28 22:45:20|发的XL有点大|0||
5;喜欢，大小也正合适
5;物流很快，衣服不错
5;挺好，就是稍微大了点，算了就这样穿穿吧
5;很好！满意
5;很棒！物流快质量好！赞！
5;衣服挺好，就是偏大了
5;我爸很喜欢 适合中年穿 哈哈
5;身高1米83，体重63公斤，M码正好！这种款型不修身。但是面料舒服，无瑕疵，挺满意的！  客服真让人无语。。零交流！
5;很好，是正品，大小合适，非常满意
5;发货速度挺快的！穿着效果也还不错，唯一值得改进的 就是包装不怎么太上档次！上身效果很不错！ 值得购买!
5;码偏大，听了客服的建议，买了小一码，合适
5;衣服质量不错，就是客服有些冷淡，无论旺旺还是电话客服对待客户都有些爱理不理的态度。不过习惯了好评，加上收到衣服心情好，就还是全五分。
5;啊啊啊啊啊哈哈哈哈哈好好好好好啦啦啦啦啦！！！
5;衣服满意度70做工和实体店有点偏差一分钱一分货 质量过得去 有点挂羊头卖狗肉的感觉 服务态度很好  。
5;不错，蛮舒服
5;很好
5;不错，穿着很舒服！
5;老公说不错
5;有白色的毛毛不知是什么
5;可以可以！
5;很好，快递也快！
5;码数偏大
5;比想象中的薄，还以为背后的那logo是针缝上去的，结果是粘上去的！
5;发货速度很快，衣服质量也很好～
5;完全就是假货，评价都是刷的吧，衣服太假了。129？29还差不多，衣服太假太假了。完全就是骗人。
5;衣服不错，就是我选错号了，来回折腾麻烦，就这样了。
5;衣服很合身质量挺好的   好评
5;顺丰太快了！质量不错，就是号码偏大
5;物流太快了！第二天就到！质量也不错，就是号码偏大，男朋友很喜欢，好
5;不错，很合身
3;刚刚收到货、我想说对快递小哥说一声辛苦了。衣服比之前买的还要偏大、真心的觉得不值。
5;大小合适，尺码还是挺标准的，老公平时就穿175的，面料是纯棉的薄的，手感不错，很满意，发的顺丰第二天就收到了，很快，很满意
5;非常舒服！！！
5;穿着舒适！
5;好。
2;差评。物流差评。在郑州停了三天、打了客服电话才给我派送的。
5;还好，女生穿有点透。快递一天就到了。
5;好评
5;好评
5;好评
5;好东西
5;挺好的 尺寸也正常 平时都175 这个M号也正好
5;还行吧，穿着舒适，就是不太修身
5;还行吧，穿着舒适，就是不太修身
5;卖家很好很好,遇到问题耐心解决.
5;尺寸太大，看评价说号码大很多，买小了一号还是大，换货麻烦将就着穿吧，衣服质量不错
5;物流快！衣服质量好！很有范！
4;比啊迪的大件，手感也不错，老公很满意，就是买了三件居然都没包邮
5;非常不错衣服是正品，感觉比耐克的质量好。号码标准。本人一米七二。体重，七十三公斤。m码正好。就是买了之后第二天就降了十块钱。以后继续买彪马的衣服。给满分。还有就是客服服务态度非常好。
5;太容易坏了|
5;马马虎虎，感觉是库存仓底的货
5;还不错 就是还是大
5;买这类正规品牌就比较放心尺码，而且还偏大，就是有点贵。不过还是支持了，好评！
5;不错
5;宝贝很好，老公穿上正合适
5;十分不错
5;衣服还可以就是不知道是不是正品还有那个条形码扫不出来
5;老公穿上还不错，这里有图片v812339320
5;衣服不错,大小合适。
5;非常满意。 穿起来很舒适。
5;不错，就是买大了
5;很好，号码稍大
5;不错\n不错
5;彪马的号怎么这么大，xxl简直大几个号，还花了我20改衣服。
5;不错，好评。
5;受到货了 真的很满意
5;质量不错～
1;在网上买这么多次东西，从来没有像这次这样，差的一塌糊涂，实在太失望，要求退货居然打电话都找不到人，反正绝对不会再买了
5;包装不错，到石家庄就2天多，很快，就是客服回复慢，估计有点忙。满意！
5;很满意
5;很好，卖家服务好，发货超级快。5分好评
5;很好
5;质量一般
5;平时都是XL码，今天收到衣服一打开 就觉得衣服这么大，回家一比，一个尺码偏大这么多，要求换货，客服还要我出来回运费，不合理。下面有图 尺寸差的太多。 卖家没有标示衣服偏大。差评差评差评
4;太容易粘毛毛了
5;老公穿了很帅
5;衣服质量挺好的 款式是我喜欢的那种简单 大方 个人很喜欢
3;码子太大！！200斤的人穿xl。。。
5;码偏大，版型不错价格划算
5;衣服不错,点个赞
5;有点偏大，不知道会不会褪色
5;衣服质量挺好，服务态度非常好5分，下应该换个颜色��
5;好，正品！
5;不好意思。确认收货迟了。宝贝很棒?是我想要的尺码。客服棒棒棒?绝对信任。物流是我信任的。全部5分
5;质量不错
5;还不错
5;衣服很好，快递很快，客服态度很好，不错
5;不错的T恤，尺码正好，偏瘦的人应该小一码，整体不错
4;还行吧。。。轻飘飘的感觉，就是这个价格的商品再收取快递费挺让人郁闷。。。
4;号码绝对偏大
5;东西还不错
5;非常好，强烈推荐大家购买！！！
5;质量很好，面料很软，手敢不错，就是穿着有点偏大，物流很给力，
5;服务态度很好 物流很快 五星
5;质量真差，不值这个钱，号码偏大不是正品
5;这么多年没买到这么合适的T恤了，比三叶草的上身舒服，而且穿着大小正好，好评！
4;码太大
3;居然还收邮费，呵呵
5;先前买大了，马上给更换了一件，客服服务好，相当满意的一次网购
5;衣服是短胖型的，老公183身高，195斤，客服说xxL号能穿，穿上又短又胖，280斤以上都能穿的胖衣，退换货那费劲，只好花钱拿去修修，非常生气
5;很好， 好评， 卖家推荐的尺码很合适， 就是邮费有点贵
5;老公穿着挺帅气的，很合身，质量不错，是正品
5;还可以，跟专卖店一样，价格也差不多
5;帮别人买的
5;太大了 。我这样的身材穿着 居然还大不少 其他还好
5;衣服很好 喜欢
5;质量很好，手感不错，款式很好
5;还好
5;尺码有点大其他多还可以
1;超失望。。感觉垃圾做的衣服。起毛是通病。。掉毛就是问题。。掉拉一身毛。只能说国产货真没什么好东西。淘宝更是假货市场。。无语啊。洗拉水退不了。。不想老板找我麻烦给个中评吧！！！！！！！241946050199|2015-06-02 18:35:39|穿左半个月。感觉就是垃圾做的衣服。变型。掉毛！如果他说是正品那就是国产货的问题 反正这家店就是山寨货的店。。大家不要给好评论骗拉
5;情侣装 超级赞 我俩穿的都很合适~我平常穿L这次xl刚合适 他平常xxl这次xl刚好 供参考~
5;不错的衣服，很宽松，适合运动。
5;衣服很宽松，适合运动穿，老爷子很喜欢！
5;挺舒服
5;五星的店铺。五星的服务，五星的态度。，下次还来。生意兴隆。。。好评，，五星。。，
5;五星的店铺。五星的服务，五星的态度。，下次还来。生意兴隆。。。好评，，五星。。，
5;衣服不错，码子大了一点
5;同事的儿子很喜欢，小一个号正合适。质量也不错，穿上很大气。
5;快递非常块，东西也不错
2;太肥了，不是一般的肥！
5;态度好 质量杠杠
5;不错，穿着挺舒服的
5;全棉，柔软，很好
5;不错，满意。
5;正品！物美价廉！
5;尺码相差太大，洗完严重缩水！
5;质量很好物流挺快是真货
5;很好的衣服，稍瘦但也不错，物流飞快很满意。
5;很不错的，很喜欢，穿上很好看
5;太大
5;好好好
1;防的，和专卖店有差别....
3;号大了点，但可以穿。
5;不错，正品彪马，很适合我
5;一般
2;商家说168，100斤的女生穿l号就可以，结果买来呢，呵呵。
5;官方旗舰店的东西还用质疑吗？发货很快哦！
5;拿回来。真心太大了。就给退了。客服超赞。快速的帮我处理。
5;衣服不错，穿起来很帅
5;挺好的
5;挺好
5;还不错
5;haihao
5;看着不错，希望不要掉色
1;垃圾，物流慢，条码不符
5;有点大(>﹏<)180的男生穿
5;241567775670|2015-05-20 22:53:43|是真的 不错|5||
5;虽然有插曲，还是比较满意的
5;还好，就是码号不正确，偏大，
5;是正品   很好看下次再来
5;质量可以。大小合身！241570562691|2015-05-15 17:30:55|今天刚到，不错
5;还可以，有点胖。关键是还不包邮
5;宝贝很好，是正品！快递神速！
5;质量不错，码稍微大了点。。。
5;不错正合适
5;很好
5;东西不错，就是大了，正在连系客服准备换，现在客服还没回复，其它都不错。
5;很好看，我老婆也经常穿。哈哈，很帅的
5;应该是正品吧。
5;大了一码， 之前联系客服，回复我的是让我十点后找客服，我哪有时间去聊天。  习惯好评。也不换了 再买一件吧。
5;很舒服，穿着很大气
5;是正品，棉质很好，很舒服
5;真可谓一波三折，换了两次，尺码特大。质量马马虎虎。建议偏小2个号购买。
3;包装有点烂。。。。。。东西还好。
5;客服说版型大 就买了s 结果175身高的瘦子 还是略紧身 给大家参考下
5;一般情况吧，穿着舒服，就是稍微有点起毛
5;物流蛮快的
5;这次买的大小正好，物流蛮快的 
5;我自己买大了一点。
5;尺码偏大，质量不错，款式不错。没有合适的尺码了，卖家很爽快的退货。
5;不错
5;刚好合适 试穿了很舒服
5;好评，不错。
5;很不错
1;短袖有点宽，不修身，面料摸着还可以，洗了之后才发现衣服有点次，掉色不说还掉毛毛，洗了好几遍水里还是有毛毛还一直掉色，最后挂衣服的时候手上沾的都是黑色的毛毛，已经洗了也退不了，还不如几十块的质量，真怀疑衣服面料的成分，我实话实说，
5;衣服好胖。。。质量还可以
5;规矩挺多的    本来一次性能解决的托了好几天
5;还好吧 就是偏大了
5;尺码有点大，241573836837|2015-05-30 10:00:45|质量有点差，但是是正品，标志洗后有点不明显了
5;很好
5;衣服质量很好，爸爸很喜欢。以后还会光顾的，加油哦。
5;衣服是正品，棉料也很好，身高176，体重160斤，穿XL码刚刚好，我一直在这家官方店买衣服的，下次还会再来。
5;衣服挺好的，感觉是稍微偏宽的，快递以及客服都很好
5;帮同事买的，170的身高还略大，做工好，质量还可以，整体满意。
5;边我想象中大了很多
5;不错，好评。
5;好评，继续。
3;Bushitaihaokan
5;感觉还可以
5;挺好的
5;一般一般
5;料子不错 穿的舒服 满意
5;彪马一直很不错啦，等了五天，快递终于到了！衣服一如既往的选择彪马！女友也有一件，可以情侣装，本人身高180，体重65kg。仅供参考！最后说一句，圆通，我丢你螺母！上海到南京要四五天！我丢你螺母
5;棒棒哒
5;没有穿，看上去还行。
5;真肥、买偏小两个号正好
5;挺好看的
5;241215912207|2015-05-16 08:53:41|非常好，虽然我也不是很喜欢RB，但他们的东西真心不错，比国内某些大牌有良心|6||
5;很合适。。。
5;衣服质量挺好的！就是物流太慢了！还顺丰的了？还不如其它快递呢！
4;就是东西太大了，可能版型不对
4;过得去
5;非常好
5;很好，和想象中一样，价格有点高。
5;很好
5;衣服很好 绝对正品
5;不错
4;有点大了
5;顺丰快递
5;尺码太大，买小一号还大
5;不错 很舒服 大小也正好！
5;不错
5;还可以 偏大了
5;不错的
3;说实话东西不怎么样。。还沾毛。。反正和外面的差很多
5;衣服不错、官网值得信赖、物流很快、两天就到了、要是包邮就更好了。。。
5;女朋友给买的，很好！
5;挺喜欢的
5;衣服挺不错的 穿着好 本来想着退因为有点大最后想了还是算了
5;挺好的，241091096435|2015-05-13 11:16:14|衣服真心不错，好评|4||
5;好
5;货真价实！
5;衣服质量和其他市面上大体的这类几十元衣服实际差不多。这么会也是顶着这个牌子吧，都是在中国制衣厂生产的。该厂应该也代工其他牌子或有名或没名声的。就衣服本身来说这个价超出很多了
5;不错
3;S号肩小，身体正好，M号肩正好，身体又超级肥，无奈了，想换还没有合适的，我这体型实在是坑爹，只求这衣服多洗几次缩缩水吧
5;质量不错 但是是假的 袖子那里没有品牌logo
2;不像正品！
5;面料摸起来不错。。。。。。。。。。。。。。。。。。。。。。。。。
5;满意！
4;唉。回来的号有点大，想还小号吧，没货了。还不包邮。唉
5;还不错
5;还好 不过快递真心慢
5;衣服不错 很好喜欢
5;宝贝很好看，物流非常快！赞！！！！
1;客服差评，说话没人理，东西拖了一天才发货～同样号码的东西，网店比实体店的大，买上就洗了，不知道会不会好点～总体感觉就那样吧
5;还不错吧，不过彪马的标，能否整的小一点，我是一个内敛的人，这么大的标，看起来还是有点傻
5;挺好的
5;不错
5;收到了，很帅气 就是码偏大
5;不错
5;合体吧
5;衣服不错，舒服！
5;衣服刚收到，没想到那么快就收到了。物流OK！我还担心质量的问题，看了衣衣，放心了。因为我是送朋友的。还好没让我失望。质量及面料都不错。就感觉有点小贵了。
1;241074451621|2015-05-16 21:11:25|衣服买来没几天，穿第二次的时候发现破了个洞。|14||
5;还行 不错
5;不错
5;还不错就是价格贵了点
5;有点大其余都好
1;不好 不是正品
5;衣服收到了质量很好
5;还不错，就是稍大，穿着舒服
5;质量好 正品，有合适的在来
5;身高170体重150     m号非常合适
5;质量不错，还会来的
5;还可以！
5;还可以
5;是正品，儿子很喜欢。穿着帅气值得入手
5;宝贝不错，穿上很有型
5;快递速度真给力 两天到货 服务很好 衣服质量也不错 跟专柜的一样 价格能再优惠一点就更好了 全部五颗星
5;物品很满意，送货相当快
5;说实话，东西收到，做工超级棒！\n但尺码偏小！
5;物流好快
5;衣服质量很好  刚刚好的
5;不错
5;好看，纯棉的穿着很舒服。
5;165斤1.75身高m码正好 不知道那位130斤1.70身高穿XL码的仁兄正合适的怎么穿的 好神奇
5;衣服尺码偏大
5;不错啊
5;挺好的谢谢卖家
5;衣服已收到，质量很好，物流也很快，只是服务不是很到位，我发信息改一码数发了几条信息卖家也没有回复，服务态度希望卖家改善一下。
5;衣服不错
5;包装跟其他专柜都不一样，非常不满意，号非常大
5;衣服比想象的薄一点,不太修身比较宽松.总体还是不错.
5;还可以
5;衣服很好就是没有纸袋
4;穿上有一点点大，建议选择小一号的，懒得换了
5;卖家服务超级好
5;不错的一次购物
5;穿着挺舒服，大小也合适，就是为啥不包邮呢
5;大小合适，正品，很喜欢。
5;还行，很合适的，穿着比较帅气，真心喜欢
5;衣服面料很舒服，建议买小两号。
1;还行吧。。。。。。薄，240905171893|2015-05-17 09:59:43|质量太次了，同事都问我是不是淘宝买的仿货。|12||
2;感觉质量一般，没有耐克家的体恤质量好，码数偏大。总体价钱来说还行吧，240905171892|2015-05-17 09:59:43|质量真的一般，完全图样式好看。和店里买的比不得
5;好看
5;是正品
5;很不错，很喜欢
3;顺风速递所以物流速度快，但是客服好像无人在嘛！！
5;很舒服哦
5;衣服收到了，只不过有点偏大，也不想换了，就这样穿吧，下次还从这个店买
5;实在太大 应该买小一个码
5;棒棒哒
5;好好好！舒心的一次购物
5;有点大，建议买小一号！
5;挺合身
5;满意
4;LOGO比看的小一点啊
4;衣服的领子老是往里面折，让颈子有点不舒服。质量还可以，就是不包邮。
5;还行
5;穿上挺好。240712881741|2015-05-08 09:23:25|穿上不错。
5;穿上挺好的。240712881740|2015-05-08 09:22:50|穿上效果挺好。|4||
4;还行，就是灰色布配黑色字有点别扭
5;不错
5;130斤，170  XL码刚刚好
5;很好 便宜又好穿
5;很好 便宜又好穿
5;还不错，穿起来挺凉快的
5;东西不错，物流也不错，下次还会光顾！
5;快递好可笑，没有送到之前说一直联系不到买家，让我找他们联系，爱理不理的，太可笑了！！！电话没打怎么联系不上买家？？？？
5;很好
5;我喜欢稍宽松一点的，身高178，体重175，选XL穿起来很舒适，感觉小一码应该会显得修身些。幸好没听接待我的工作人员的建议，他竟然建议我买XXL的，后来又有其他客服向我解释刚才那个人不负责客服这边工作，如果需要咨询可以与他联系。反正，工作人员给我的感觉真是太不专业了！！！
5;衣服相当不错。老公非常喜欢。是正品。下次还会来的。
5;不错，没看清楚对应码，买大了
5;挺好的
5;衣服不错，按照客服的推荐买的尺寸。大小刚合适，穿上以后酷帅的一逼。
5;质量.服务.物流都很好.可惜拍大了码数.客服说可以退货.算了.
4;速度快质量好 就是偏大
5;帮朋友买的 他很喜欢
2;今天收到以为搞错了，一看大吃一惊，国际品牌原来是这样的包装，天猫网没什么好东西的，有种是地摊货的感觉，自己出了15元快递费，不想退了，只能自认倒霉，希望大家谨慎购买，不值|
5;太大了！我还得去洗衣店剪去，，，，换货太麻烦，拉倒，，，，，不说了...............
5;衣服很赞，顺丰很速度
5;买大一个号 懒得换了 物流速度很快
5;一天空运快递，物流速度超赞。衣服不修身，较肥240662189297|2015-05-01 21:12:41|建议买黑色的吧|0||
5;衣服正合适，是正品。
5;不值，有点像假的。和去年买的质量有很大差别
5;一直给老公买的这个牌子，款式还不错，穿着也舒适，好评～
5;衣服有点大
5;衣服质量很好 大小刚好合适 穿着很舒服  正品
5;帅得很么，精神。
5;好
5;好
5;很好我喜欢
5;衣服到了试穿了一下大小可以！衣服稍稍有点偏肥不是很修身！其他还好！
5;好
5;好
5;不错，正品！
5;非常满意 谢谢！
5;穿着正好，不大也不小，很舒服
5;就是喜欢puma
5;顺丰简直神速阿,昨天拍今天就到,果断好评,挺喜欢这衣服的,唯一缺点就是不包邮....
5;号码准
5;衣服质感不错，有点大，总体不错
5;不好，服务不好，给人感觉不热情，店大。。。。。。的感觉。衣服不值这个价，型号比以前的衣服号大，换退相当麻烦，差评
5;很不错，挺喜欢
5;很合身 上身效果 很sao！！
5;很好
5;第一次拍错尺码买家很耐心，虽然还没有退第一次拍货的款，不过衣服还不错。卖家态度很好
5;应该不是中国的号码，买时问客服，衣服很舒服，赞赞赞
4;物流到时快，一天，就是还是稍微大了，170，118，s号，可能我习惯穿稍微小点的，习惯好评，应该不值这个价80 90块最合适了
5;不错
5;稍大点了，习惯好评
5;给朋友买的 朋友说看着挺好 还没穿 穿了再说
5;卖家态度非常好，衣服也很棒选错号了给退了，又买了一件款式一样的合适的号。
5;不错
5;全面的，很舒服。
5;嗯，非常不错。大小合适，穿着也还可以
5;挺不错
5;好看
5;除了尺寸有点大，其他都还好。
5;老顾客，挺好的
5;好
5;赞个
5;力挺彪马
5;还可以 比较薄
5;很合适
4;还可以吧
5;很喜欢，很喜欢，很喜欢，很喜欢，很喜欢，很喜欢，很喜欢。
5;穿起来还行吧 就是有点透 感觉不像正品
5;还可以 不错
5;很棒 客服很热情 料子也很舒服 物流非常快 满意的一次网购?
5;衣服很好
5;已经买了两件，很好！
5;简直超级赞，以后就多去这个店买衣服，目前没碰见过假货，版型好
5;还行吧，符合预期，但是质感相对差些！
5;大小正好
5;好东西，正品，第一次买的大了这回刚好
5;店家推荐的尺码有点大了刚好，
5;质量不错，与实体店一样
4;大了
