appendComment,pics,Sterne,rateContent,rateDate,reply,serviceRateContent,userInfo
,,5,衣服真的特别大，比平常大了一个号的。质量也就一般，不值这个价钱,2015-06-02 17:07:53,,,
,,5,一买完居然降价，并且我是换货，第一次差评！,2015-06-02 16:58:32,,,
,,5,料子不错，但是码子起码偏大两个码！瘦小的人可以参考下！,2015-06-02 14:42:18,,,
,,5,很好！,2015-06-02 12:10:11,,,
,,5,很好合适,2015-06-02 10:10:42,,,
,,5,衣服质量一般，没有以前的质量好，还有点小贵呀，衣服超大，小了1个号还大。,2015-06-02 09:42:12,,,
,,5,不错,2015-06-02 09:25:23,,,
,,5,衣服是正品，质量很好，布料舒服,2015-06-02 00:38:53,,,
,,5,材质偏薄哦！但是还可以吧！,2015-06-02 00:26:54,,,
,,5,东西不错 有点大 建议要买时 要小一号,2015-06-01 22:36:57,,,
,,5,宝贝不错，喜欢彪马，因为码偏大，我是个胖子所以懂得,2015-06-01 22:20:02,,,
,,5,这次买的码稍微大了点,2015-06-01 21:11:27,,,
,,5,质量好,2015-06-01 21:06:41,,,
,,5,还好，不错，但愿还能多搞活动,2015-06-01 20:09:12,,,
,,5,衣服不错,2015-06-01 19:35:04,,,
,,5,幸好听了客服的话选择了M码，平常老公穿XL号，穿这款正好！,2015-06-01 17:58:52,,,
,,5,真货,2015-06-01 16:29:44,,,
,,5,质量很好，尺码偏大，买小一号刚好，肥度也还好。,2015-06-01 14:52:31,,,
,,5,感觉不是正品，不过一百多，不用退了,2015-06-01 11:45:34,,,
,,5,与图片一样，满意。,2015-06-01 10:17:27,,,
,,5,"确认晚了,衣服绝对真品",2015-06-01 09:54:02,,,
,,5,null,2015-06-01 07:25:59,,,
,,5,送给老爸的 很合身 就是衣服有点长了 不透 还算满意,2015-05-31 22:55:47,,,
,,5,质量很好，只是码数偏大了,2015-05-31 22:50:20,,,
,,5,挺好,2015-05-31 22:37:00,,,
,,5,就是太大了，衣服还可以。,2015-05-31 19:40:42,,,
,,5,挺好的，料子挺好,2015-05-31 18:20:59,,,
,,5,东西不错，一分价钱，一分货。,2015-05-31 17:12:37,,,
,"//img.alicdn.com/bao/uploaded/i1/154870102002712950/TB24YHncVXXXXaqXXXXXXXXXXXX_!!1032335487-0-rate.jpg,//img.alicdn.com/bao/uploaded/i1/154870102002728254/TB2v6jmcVXXXXaVXXXXXXXXXXXX_!!1032335487-0-rate.jpg",5,还好吧，东西应该是正品，物流从上海运到南京，足足花了6天时间，25号拍的，今天才到，无力吐槽。,2015-05-31 16:26:57,您好，感谢您对PUMA商品的支持！针对您反馈物流问题我们也十分的重视，我们会定期和物流公司沟通配送等相关的问题，由于您的订单是在5月25日的订单，5月25日完成发货，5月31日签收商品，因恰逢我们的活动周期，所以再不同程度订单量较大，圆通物流配送力度也会受到一定的影响。给您带来不便非常抱歉！如果您在之后的活动中有任何的问题都可以及时和我们联系呦！感谢您的理解及支持！,,
,,5,不错哦,2015-05-31 13:01:11,,,
,,5,发货慢，其余还好,2015-05-31 09:42:00,您好，感谢您对PUMA商品的支持！针对您反馈物流问题我们也十分的重视，我们会定期和物流公司沟通配送等相关的问题，由于您的订单是在5月25日的订单，5月27日完成发货，5月30日签收商品，因恰逢我们的活动周期，所以再不同程度订单量较大，圆通物流配送力度也会受到一定的影响。给您带来不便非常抱歉！如果您在之后的活动中有任何的问题都可以及时和我们联系呦！感谢您的理解及支持！,,
,,5,稍微有点长了，自己拿去截了一节,2015-05-30 23:49:58,,,
,,5,很不错的衣服，是正品，快递很快，总之全五分。,2015-05-30 22:38:15,,,
,,5,好评。。。。。。,2015-05-30 21:57:21,,,
,,5,买大一码可惜了,2015-05-30 21:25:30,,,
,,5,穿一天变形很严重，不管是不是正品这种质量就是砸彪马的牌子。不推荐购买。,2015-05-30 21:07:23,,,
,,5,东西不错，好评！,2015-05-30 20:32:07,,,
,,5,感觉有种地摊货的问道衣服，不知道是不是正品，快递没短信电话,2015-05-30 20:11:09,,,
,,5,穿着舒服！,2015-05-30 18:09:35,,,
,,5,穿着效果很不错材料摸上去也可以啊，以后T恤就认准puma了,2015-05-30 14:25:56,,,
,,5,产品大了，听说换货麻烦，要出来回运费。喜欢这款式。,2015-05-30 13:23:44,亲，您好，针对您表述的问题需要和您解释一下，是否存在一些误解在其中，我们店铺的确是不优先推荐换货流程，因为换货周期偏长、换货库存不确定的因素，故我们一般都是推荐客人退货重拍，又能及时退货退款又能第一时间收到合适的商品哦，如果还有任何问题可以及时和我们沟通哦，感谢您对PUMA的支持！,,
,,5,领口有点小,2015-05-30 12:52:05,,,
,,5,好,2015-05-30 11:57:58,,,
,,5,感觉还行吧,2015-05-30 11:31:20,,,
,,5,值得信赖，快递给力,2015-05-30 10:39:00,,,
,,5,好,2015-05-30 10:38:09,,,
,,3,一般般,2015-05-30 09:55:15,,,
,,5,质量不错,2015-05-30 09:49:25,,,
,,5,质量很好,2015-05-30 09:49:07,,,
,,5,不错，穿在身上很舒服！就是有点肥大了些！,2015-05-30 08:49:39,,,
,,5,衣服收到了，很合身的，不错，好评,2015-05-30 05:56:35,,,
,,5,喜欢,2015-05-30 05:07:36,,,
,,5,质量不错 就是太大了 怪自己没看准尺码 懒得换了,2015-05-30 01:14:49,,,
,,5,质量不错 就是太大了 怪自己没看准尺码 懒得换了,2015-05-30 01:14:49,,,
,,5,好评，衣服不错，穿着舒服。,2015-05-29 23:16:00,,,
,,5,尺寸刚好，质量真品,2015-05-29 22:17:57,,,
,,5,好评,2015-05-29 22:11:02,,,
,,5,衣服是正品，质得购买,2015-05-29 21:57:41,,,
,,5,很好,2015-05-29 21:00:10,,,
,,5,正品好货满分,2015-05-29 20:57:29,,,
,,4,质感差了点。,2015-05-29 20:30:40,,,
,,5,衣服偏大！是正品！大了一码不高兴退了！,2015-05-29 19:56:45,,,
,,5,很好，很合身,2015-05-29 19:56:24,,,
,,5,一般，太薄,2015-05-29 19:52:12,,,
,,5,给男票买的，质量挺好的，穿着很帅气。赞\(≧▽≦)/,2015-05-29 19:04:23,,,
,,5,不是很满意其实,2015-05-29 15:32:09,,,
,,5,还行吧，老公说穿着挺舒服的,2015-05-29 15:19:51,,,
,,5,喜欢,2015-05-29 15:09:37,,,
,,5,质量不错，希望以后打折促销活动多多。,2015-05-29 15:01:05,,,
,,5,不错。穿上正好。非常喜欢,2015-05-29 14:53:18,,,
,,5,买大了！可以的好评。,2015-05-29 13:49:00,,,
,,5,挺好的,2015-05-29 13:04:16,,,
,,5,不错,2015-05-29 12:23:13,,,
,,5,超级满意,2015-05-29 12:18:35,,,
,,5,不错,2015-05-29 11:50:05,,,
,//img.alicdn.com/bao/uploaded/i1/107070101624153008/TB21MKHcVXXXXaVXXXXXXXXXXXX_!!2230650707-0-rate.jpg,5,还行，就是不见生产日期的标签。,2015-05-29 11:11:26,,,
,,5,质量不错，就是太大了。好评吧,2015-05-29 09:15:45,,,
,,5,质量超好,2015-05-29 08:57:13,,,
,,5,一如既往的好,2015-05-29 08:40:52,,,
,,5,很好。,2015-05-29 08:13:21,,,
,,5,衣服质量很好，老板推荐的尺码刚好，下次还会光顾的，好评好评好评,2015-05-29 05:37:07,,,
,,5,物流真是超给力哦，衣服质量不错，穿着很舒服，是正品，加油,2015-05-28 23:56:56,,,
,,5,洗后领口有些变形，码子大,2015-05-28 22:57:37,,,
,,5,挺好的。,2015-05-28 22:08:04,,,
,,5,衣服有点大，比平时穿的码子大一号的感觉,2015-05-28 22:08:00,,,
,,5,质量还可以，穿上略大了点，发货和物流很快。,2015-05-28 21:46:49,,,
,,5,买了两款小码的，一件刚好，一件有点大，不过质量不错！很好,2015-05-28 21:28:02,,,
,,5,性价比不太高啊，就是个黑色纯棉背心，没什么型,2015-05-28 21:25:52,,,
,,5,给老爸买的衣服有点小胖，又懒得换，回头找地方修一下，衣服质量一如既往的好！,2015-05-28 20:23:32,,,
,,5,我本人一直很喜欢彪马这个品牌！但是每次都是在实体店买的.这是第一次在网上买我喜欢的产品！因为实在是没有时间去实体店看衣服！对这次网购很满意！码数合适！物流业也很快！服务态度好！,2015-05-28 17:50:08,,,
242717157344|2015-05-28 16:45:14|真是一般|0||您好，首先给您带来不便非常抱歉，针对您的反馈意见我们也十分的重视，但是需要和您进行下解释，我们PUMA官方店是天猫平台唯一一家旗舰店，也是唯一一家店铺直营店，针对商品是否是正品的问题上您绝对可以放心！如果您在购物中发现商品存在瑕疵或质量问题时，您可以直接联系我们在线工作人员！我们会第一时间予以沟通及反馈！我们十分乐意帮您处理！,,5,质量一般，不值这个钱，不是正品。偏小一号买的，合身。,2015-05-28 16:41:19,,物流快,
,,5,衣服很好，就是有点偏大了！,2015-05-28 16:25:06,,,
,,5,尺寸很合适，穿着很舒适，不愧是旗舰店的货，聚划算买的，性价比很高。,2015-05-28 15:32:50,,,
,,5,非常满意，会再来的，支持！！！,2015-05-28 15:25:22,,,
,,5,好！,2015-05-28 15:22:25,,,
,,5,好！,2015-05-28 15:22:25,,,
,,5,还好,2015-05-28 14:54:36,,,
,,5,衣服收到了，质量很好，和合身。做工精细。颜色很正。,2015-05-28 14:13:53,,,
,,5,好,2015-05-28 13:59:37,,,
242671755865|2015-05-28 22:45:20|发的XL有点大|0||,,5,,2015-05-28 13:37:45,,,
,,5,喜欢，大小也正合适,2015-05-28 12:26:51,,,
,,5,物流很快，衣服不错,2015-05-28 12:23:29,,,
,,5,挺好，就是稍微大了点，算了就这样穿穿吧,2015-05-28 11:47:10,,,
,,5,很好！满意,2015-05-28 11:40:09,,,
,,5,很棒！物流快质量好！赞！,2015-05-28 10:54:23,,,
,,5,衣服挺好，就是偏大了,2015-05-28 08:23:05,,,
,,5,我爸很喜欢 适合中年穿 哈哈,2015-05-28 07:56:50,,,
,,5,身高1米83，体重63公斤，M码正好！这种款型不修身。但是面料舒服，无瑕疵，挺满意的！  客服真让人无语。。零交流！,2015-05-27 22:48:45,您好，给您带来诸多不便非常抱歉，针对您反馈的问题我们也做了一个核实，当时的您在5月26日09：44分咨询我们相关的问题，由于当时处于非工作时间段内，所以没有及时回应您的问题，到了中午的时候由于活动咨询期间咨询量十分集中，加上中午就餐时间故延误到了您的回复时间，给您带来不便非常抱歉！,,
,,5,很好，是正品，大小合适，非常满意,2015-05-27 20:47:48,,,
,,5,发货速度挺快的！穿着效果也还不错，唯一值得改进的 就是包装不怎么太上档次！上身效果很不错！ 值得购买!,2015-05-27 20:41:16,,,
,,5,码偏大，听了客服的建议，买了小一码，合适,2015-05-27 20:38:49,,,
,,5,衣服质量不错，就是客服有些冷淡，无论旺旺还是电话客服对待客户都有些爱理不理的态度。不过习惯了好评，加上收到衣服心情好，就还是全五分。,2015-05-27 19:47:19,您好，看到您的评价我们很伤心呦，当然我们也十分的重视，查看了当时的聊天记录，主要集中是在2个问题，一点是您在5月25日前10点前咨询的问题没有人回复，因为当时不在我们的运营时间内；其次，您咨询想在已付款的订单中再增加一件商品想法，工作人员并非不为您服务哦，的确无法操作而已，我们也会不断提升我们的服务质量，努力让您更为的满意的哈，感谢您对PUMA的支持及关注！,,
,,5,啊啊啊啊啊哈哈哈哈哈好好好好好啦啦啦啦啦！！！,2015-05-27 19:39:26,,,
,"//img.alicdn.com/bao/uploaded/i3/162610101381518753/TB2WKl_cVXXXXXMXXXXXXXXXXXX_!!1134136261-0-rate.jpg,//img.alicdn.com/bao/uploaded/i2/162610101381523177/TB2ezBIcVXXXXbYXpXXXXXXXXXX_!!1134136261-0-rate.jpg,//img.alicdn.com/bao/uploaded/i1/162610101381530112/TB2dF0ScVXXXXawXpXXXXXXXXXX_!!1134136261-0-rate.jpg,//img.alicdn.com/bao/uploaded/i3/162610101381539074/TB2cXxKcVXXXXciXpXXXXXXXXXX_!!1134136261-0-rate.jpg",5,衣服满意度70做工和实体店有点偏差一分钱一分货 质量过得去 有点挂羊头卖狗肉的感觉 服务态度很好  。,2015-05-27 19:31:47,,,
,,5,不错，蛮舒服,2015-05-27 18:55:10,,,
,,5,很好,2015-05-27 18:43:39,,,
,,5,不错，穿着很舒服！,2015-05-27 17:10:49,,,
,,5,老公说不错,2015-05-27 16:00:19,,,
,//img.alicdn.com/bao/uploaded/i2/196380101338452996/TB2sW0NcVXXXXXQXpXXXXXXXXXX_!!899089638-0-rate.jpg,5,有白色的毛毛不知是什么,2015-05-27 14:23:48,,,
,,5,可以可以！,2015-05-27 13:22:52,,,
,,5,很好，快递也快！,2015-05-27 13:21:53,,,
,,5,码数偏大,2015-05-27 12:57:26,,,
,,5,比想象中的薄，还以为背后的那logo是针缝上去的，结果是粘上去的！,2015-05-27 12:57:10,,,
,,5,发货速度很快，衣服质量也很好～,2015-05-27 12:48:21,,,
,,5,完全就是假货，评价都是刷的吧，衣服太假了。129？29还差不多，衣服太假太假了。完全就是骗人。,2015-05-27 12:20:34,,,
,,5,衣服不错，就是我选错号了，来回折腾麻烦，就这样了。,2015-05-27 11:38:56,,,
,,5,衣服很合身质量挺好的   好评,2015-05-27 11:09:15,,,
,,5,顺丰太快了！质量不错，就是号码偏大,2015-05-27 10:54:16,,,
,,5,物流太快了！第二天就到！质量也不错，就是号码偏大，男朋友很喜欢，好,2015-05-27 10:53:38,,,
,,5,不错，很合身,2015-05-27 09:09:48,,,
,,3,刚刚收到货、我想说对快递小哥说一声辛苦了。衣服比之前买的还要偏大、真心的觉得不值。,2015-05-26 20:56:12,,,
,,5,大小合适，尺码还是挺标准的，老公平时就穿175的，面料是纯棉的薄的，手感不错，很满意，发的顺丰第二天就收到了，很快，很满意,2015-05-26 20:45:16,,,
,,5,非常舒服！！！,2015-05-26 19:10:08,,,
,,5,穿着舒适！,2015-05-26 18:34:37,,,
,,5,好。,2015-05-26 18:14:34,,,
,//img.alicdn.com/bao/uploaded/i1/189490101251163985/TB2pcFgcVXXXXb9XpXXXXXXXXXX_!!793968949-0-rate.jpg,2,差评。物流差评。在郑州停了三天、打了客服电话才给我派送的。,2015-05-26 17:51:05,您好，给您带来不便非常抱歉，针对您反馈的问题我们会及时的和物流公司进行核实，的确您的订单在配送时出现了异常情况，您在5月20日进行了下单，5月21日完成发货，5月22日后郑州市区域网上更新就停滞了，直到5月25日才进行更新，真的非常抱歉，我们会和物流公司尽快做内部的核实，感谢您对PUMA的支持及关注！,,
,,5,还好，女生穿有点透。快递一天就到了。,2015-05-26 17:32:53,,,
,,5,好评,2015-05-26 17:31:09,,,
,,5,好评,2015-05-26 17:31:09,,,
,,5,好评,2015-05-26 17:01:31,,,
,,5,好东西,2015-05-26 13:29:51,,,
,,5,挺好的 尺寸也正常 平时都175 这个M号也正好,2015-05-26 13:11:17,,,
,,5,还行吧，穿着舒适，就是不太修身,2015-05-26 10:41:13,,,
,,5,还行吧，穿着舒适，就是不太修身,2015-05-26 10:41:13,,,
,,5,"卖家很好很好,遇到问题耐心解决.",2015-05-25 22:07:52,,,
,,5,尺寸太大，看评价说号码大很多，买小了一号还是大，换货麻烦将就着穿吧，衣服质量不错,2015-05-25 21:44:47,,,
,,5,物流快！衣服质量好！很有范！,2015-05-25 21:36:17,,,
,,4,比啊迪的大件，手感也不错，老公很满意，就是买了三件居然都没包邮,2015-05-25 21:19:47,亲，您好，感谢您对PUMA的支持及关注！针对您的问题需要和您“解释”一下呦，店铺活动会不定期的推出，包邮活动非常规活动，一般我们会在月中或每逢活动期间会有一些包邮活动哦，在线客服人员的确无法擅自违背店铺规则帮您免邮哦，您的心情我们都十分理解的，我们会把您的建议反馈给公司哦~建议您收藏一下我们的店铺，随时关注店铺动态了哦~,,
,"//img.alicdn.com/bao/uploaded/i3/17299081943744584/TB2cVXgcVXXXXXiXpXXXXXXXXXX_!!1638257299-0-rate.jpg,//img.alicdn.com/bao/uploaded/i4/17299096456264045/TB2xVVvcVXXXXXzXXXXXXXXXXXX_!!1638257299-0-rate.jpg",5,非常不错衣服是正品，感觉比耐克的质量好。号码标准。本人一米七二。体重，七十三公斤。m码正好。就是买了之后第二天就降了十块钱。以后继续买彪马的衣服。给满分。还有就是客服服务态度非常好。,2015-05-25 21:16:24,,,
243010547875|2015-05-30 11:01:55|太容易坏了|19|//img.alicdn.com/bao/uploaded/i3/168350101797672191/TB2wlqScVXXXXauXpXXXXXXXXXX_!!2048876835-0-rate.jpg|,,5,,2015-05-25 17:49:16,,,
,,5,马马虎虎，感觉是库存仓底的货,2015-05-25 16:43:14,,,
,,5,还不错 就是还是大,2015-05-25 16:13:23,,,
,,5,买这类正规品牌就比较放心尺码，而且还偏大，就是有点贵。不过还是支持了，好评！,2015-05-25 13:04:01,,,
,,5,不错,2015-05-25 08:47:30,,,
,,5,宝贝很好，老公穿上正合适,2015-05-24 21:09:49,,,
,,5,十分不错,2015-05-24 18:30:09,,,
,,5,衣服还可以就是不知道是不是正品还有那个条形码扫不出来,2015-05-24 14:50:00,,,
,,5,老公穿上还不错，这里有图片v812339320,2015-05-24 13:07:20,,,
,,5,"衣服不错,大小合适。",2015-05-24 12:48:10,,,
,,5,非常满意。 穿起来很舒适。,2015-05-24 12:16:43,,,
,,5,不错，就是买大了,2015-05-24 11:54:20,,,
,,5,很好，号码稍大,2015-05-24 09:46:01,,,
,,5,不错\n不错,2015-05-24 05:33:47,,,
,,5,彪马的号怎么这么大，xxl简直大几个号，还花了我20改衣服。,2015-05-23 18:14:14,,,
,,5,不错，好评。,2015-05-23 17:17:13,,,
,//img.alicdn.com/bao/uploaded/i4/140340100965736228/TB2yAsDcFXXXXbNXXXXXXXXXXXX_!!2235554034-0-rate.jpg,5,受到货了 真的很满意,2015-05-23 15:09:36,,,
,,5,质量不错～,2015-05-23 13:47:37,,,
,,1,在网上买这么多次东西，从来没有像这次这样，差的一塌糊涂，实在太失望，要求退货居然打电话都找不到人，反正绝对不会再买了,2015-05-23 13:12:23,,,
,,5,包装不错，到石家庄就2天多，很快，就是客服回复慢，估计有点忙。满意！,2015-05-23 10:33:28,,,
,,5,很满意,2015-05-23 10:26:27,,,
,,5,很好，卖家服务好，发货超级快。5分好评,2015-05-23 09:36:38,,,
,,5,很好,2015-05-22 20:18:24,,,
,,5,质量一般,2015-05-22 20:14:46,,,
242174216719|2015-05-22 18:25:29|差评差评差评|0||您好，关于您反馈的情况，我们进行了核实。您由于尺码问题申请退换货，根据店铺规则您寄回的运费我们是无法承担的，不过店铺有赠送运费险，退款成功后，保险公司会赔付一部分，其实你个人承担的部分很少。对于你说的商品尺码问题，每个品牌的尺码都是会不同的， 我们店铺的商品根据设计不同，剪裁也会不同，为了区分不同店铺会在网页上标识“国际码”和“亚洲码”哦！期待下次带给您更好的购物体验，非常感谢您对于我们的支持！,"//img.alicdn.com/bao/uploaded/i3/139260100896867674/TB2kGswcFXXXXXUXXXXXXXXXXXX_!!747193926-0-rate.jpg,//img.alicdn.com/bao/uploaded/i1/139260100896899120/TB2lKZmcFXXXXcXXXXXXXXXXXXX_!!747193926-0-rate.jpg,//img.alicdn.com/bao/uploaded/i3/139260100896932505/TB2MMsacFXXXXbsXpXXXXXXXXXX_!!747193926-0-rate.jpg",5,平时都是XL码，今天收到衣服一打开 就觉得衣服这么大，回家一比，一个尺码偏大这么多，要求换货，客服还要我出来回运费，不合理。下面有图 尺寸差的太多。 卖家没有标示衣服偏大。,2015-05-22 18:22:56,,不好,
,,4,太容易粘毛毛了,2015-05-22 17:29:43,,,
,,5,老公穿了很帅,2015-05-22 15:56:50,,,
,,5,衣服质量挺好的 款式是我喜欢的那种简单 大方 个人很喜欢,2015-05-22 07:35:53,,,
,,3,码子太大！！200斤的人穿xl。。。,2015-05-21 22:32:44,,,
,,5,码偏大，版型不错价格划算,2015-05-21 22:21:37,,,
,,5,"衣服不错,点个赞",2015-05-21 21:21:11,,,
,,5,有点偏大，不知道会不会褪色,2015-05-21 20:50:00,,,
,,5,衣服质量挺好，服务态度非常好5分，下应该换个颜色��,2015-05-21 19:12:03,,,
,,5,好，正品！,2015-05-21 19:11:41,,,
,,5,不好意思。确认收货迟了。宝贝很棒?是我想要的尺码。客服棒棒棒?绝对信任。物流是我信任的。全部5分,2015-05-21 17:54:41,,,
,,5,质量不错,2015-05-21 16:55:38,,,
,,5,还不错,2015-05-21 14:51:28,,,
,,5,衣服很好，快递很快，客服态度很好，不错,2015-05-21 12:56:51,,,
,,5,不错的T恤，尺码正好，偏瘦的人应该小一码，整体不错,2015-05-21 12:00:30,,,
,,4,还行吧。。。轻飘飘的感觉，就是这个价格的商品再收取快递费挺让人郁闷。。。,2015-05-21 11:11:05,您好，感谢您对于PUMA的支持，店铺的运费是PUMA和快递公司合作签署决定的，并不是我们私自订的价格，所以非常抱歉不能随意修改，您的意见对于我们很重要，我们会反馈给相关部门，以便做到更好，我们会竭诚为您服务，祝您生活愉快，谢谢！,,
,,4,号码绝对偏大,2015-05-21 08:28:06,,,
,,5,东西还不错,2015-05-20 23:03:58,,好,
,,5,非常好，强烈推荐大家购买！！！,2015-05-20 21:56:46,,,
,,5,质量很好，面料很软，手敢不错，就是穿着有点偏大，物流很给力，,2015-05-20 21:13:18,,,
,,5,服务态度很好 物流很快 五星,2015-05-20 21:03:21,,,
,,5,质量真差，不值这个钱，号码偏大不是正品,2015-05-20 20:44:56,您好，首先给您带来不便非常抱歉，针对您的反馈意见我们也十分的重视，但是需要和您进行下解释，我们PUMA官方店是天猫平台唯一一家旗舰店，也是唯一一家店铺直营店，针对商品是否是正品的问题上您绝对可以放心！我们店铺承诺7天无理由退货，如对于产品有任何问题您可以随时联系旺旺在线客服哦，我们也会不断改进我们的商品质量以及服务，期待下次带给您更好的购物体验，非常感谢您对于我们的支持OO,,
,,5,这么多年没买到这么合适的T恤了，比三叶草的上身舒服，而且穿着大小正好，好评！,2015-05-20 20:28:32,,,
,,4,码太大,2015-05-20 19:42:39,,,
,,3,居然还收邮费，呵呵,2015-05-20 16:13:13,,,
,,5,先前买大了，马上给更换了一件，客服服务好，相当满意的一次网购,2015-05-20 14:10:02,,,
,,5,衣服是短胖型的，老公183身高，195斤，客服说xxL号能穿，穿上又短又胖，280斤以上都能穿的胖衣，退换货那费劲，只好花钱拿去修修，非常生气,2015-05-20 13:58:42,,,
,//img.alicdn.com/bao/uploaded/i2/143210100699521060/TB2aGKTcVXXXXa1XXXXXXXXXXXX_!!1112224321-0-rate.jpg,5,很好， 好评， 卖家推荐的尺码很合适， 就是邮费有点贵,2015-05-20 10:35:31,,,
,,5,老公穿着挺帅气的，很合身，质量不错，是正品,2015-05-19 21:22:08,,,
,,5,还可以，跟专卖店一样，价格也差不多,2015-05-19 20:48:59,,,
,,5,帮别人买的,2015-05-19 20:24:03,,,
,,5,太大了 。我这样的身材穿着 居然还大不少 其他还好,2015-05-19 16:45:35,,,
,,5,衣服很好 喜欢,2015-05-19 16:29:29,,,
,,5,质量很好，手感不错，款式很好,2015-05-19 13:45:52,,卖家快递服务都很好,
,,5,还好,2015-05-19 12:50:04,,还好 习惯好评,
,,5,尺码有点大其他多还可以,2015-05-19 11:45:49,,,
241946050199|2015-06-02 18:35:39|穿左半个月。感觉就是垃圾做的衣服。变型。掉毛！如果他说是正品那就是国产货的问题 反正这家店就是山寨货的店。。大家不要给好评论骗拉。|14||,//img.alicdn.com/bao/uploaded/i4/15137081283646303/TB2ZyStcVXXXXcAXXXXXXXXXXXX_!!132855137-0-rate.jpg,1,超失望。。感觉垃圾做的衣服。起毛是通病。。掉毛就是问题。。掉拉一身毛。只能说国产货真没什么好东西。淘宝更是假货市场。。无语啊。洗拉水退不了。。不想老板找我麻烦给个中评吧！！！！！！！,2015-05-19 11:36:49,,,
,,5,情侣装 超级赞 我俩穿的都很合适~我平常穿L这次xl刚合适 他平常xxl这次xl刚好 供参考~,2015-05-19 10:56:09,,,
,,5,不错的衣服，很宽松，适合运动。,2015-05-19 10:52:51,,,
,,5,衣服很宽松，适合运动穿，老爷子很喜欢！,2015-05-19 10:52:51,,快递是第二天发出来的，还算及时！,
,,5,挺舒服,2015-05-19 10:10:32,,,
,,5,五星的店铺。五星的服务，五星的态度。，下次还来。生意兴隆。。。好评，，五星。。，,2015-05-19 10:10:31,,,
,,5,五星的店铺。五星的服务，五星的态度。，下次还来。生意兴隆。。。好评，，五星。。，,2015-05-19 10:10:31,,,
,,5,衣服不错，码子大了一点,2015-05-19 08:36:27,,,
,,5,同事的儿子很喜欢，小一个号正合适。质量也不错，穿上很大气。,2015-05-19 08:12:40,,,
,,5,快递非常块，东西也不错,2015-05-19 07:55:48,,,
,,2,太肥了，不是一般的肥！,2015-05-19 06:21:52,,,
,,5,态度好 质量杠杠,2015-05-18 20:22:34,,,
,,5,不错，穿着挺舒服的,2015-05-18 19:59:47,,,
,,5,全棉，柔软，很好,2015-05-18 19:18:57,,,
,,5,不错，满意。,2015-05-18 19:03:29,,,
,,5,正品！物美价廉！,2015-05-18 16:13:24,,,
,,5,尺码相差太大，洗完严重缩水！,2015-05-18 15:55:19,,,
,,5,质量很好物流挺快是真货,2015-05-18 15:38:20,,,
,,5,很好的衣服，稍瘦但也不错，物流飞快很满意。,2015-05-18 15:36:55,,,
,,5,很不错的，很喜欢，穿上很好看,2015-05-18 13:26:48,,,
,,5,太大,2015-05-18 00:34:16,,,
,,5,好好好,2015-05-17 21:41:58,,,
,,1,防的，和专卖店有差别....,2015-05-17 21:41:26,,,
,,3,号大了点，但可以穿。,2015-05-17 18:00:12,,,
,,5,不错，正品彪马，很适合我,2015-05-17 15:09:11,,,
,,5,一般,2015-05-17 11:14:54,,,
,,2,商家说168，100斤的女生穿l号就可以，结果买来呢，呵呵。,2015-05-17 10:10:54,,,
,,5,官方旗舰店的东西还用质疑吗？发货很快哦！,2015-05-17 08:41:43,,,
,,5,拿回来。真心太大了。就给退了。客服超赞。快速的帮我处理。,2015-05-16 19:45:03,,,
,,5,衣服不错，穿起来很帅,2015-05-16 18:42:46,,,
,,5,挺好的,2015-05-16 17:05:52,,,
,,5,挺好,2015-05-16 13:47:27,,,
,,5,还不错,2015-05-16 12:48:49,,,
,,5,haihao,2015-05-16 10:35:06,,,
,,5,看着不错，希望不要掉色,2015-05-16 02:12:52,,物流很快,
,,1,垃圾，物流慢，条码不符,2015-05-15 23:40:42,您好，感谢您对于PUMA的支持！关于您反馈的物流问题，我们进行了了解。您5/11晚上下单，5/12仓库发货，5/15网页显示签收。一般发货后得3-5天可以到达，您在发货后的3天后受到商品，属于正常配送的时间内哦。另外条形码问题，目前扫码工具都是手机自带的，不是PUMA研发的，所以，有些是无法扫出的。而且扫码一般是零售商对于商品的一个监管，我们的商品由于是从PUMA仓库直接发货的，所以，少了很多环节,,
,,5,有点大(>﹏<)180的男生穿,2015-05-15 23:18:59,,,
241567775670|2015-05-20 22:53:43|是真的 不错|5||,,5,,2015-05-15 22:43:10,,,
,,5,虽然有插曲，还是比较满意的,2015-05-15 20:38:41,,,
,,5,还好，就是码号不正确，偏大，,2015-05-15 20:24:55,,,
,,5,是正品   很好看下次再来,2015-05-15 19:43:39,,,
241570562691|2015-05-15 17:30:55|今天刚到，不错。|0|//img.alicdn.com/bao/uploaded/i3/189120100513323242/TB22vlecVXXXXacXpXXXXXXXXXX_!!926058912-0-rate.jpg|,,5,质量可以。大小合身！,2015-05-15 17:22:36,,,
,,5,还可以，有点胖。关键是还不包邮,2015-05-15 15:17:25,您好，感谢您对于PUMA的支持，店铺的运费是PUMA和快递公司合作签署决定的，并不是我们私自订的价格，所以非常抱歉不能随意修改，您的意见对于我们很重要，我们会反馈给相关部门，以便做到更好，我们会竭诚为您服务，祝您生活愉快，谢谢！,,
,,5,宝贝很好，是正品！快递神速！,2015-05-15 13:15:08,,卖家人很好,
,,5,质量不错，码稍微大了点。。。,2015-05-15 13:01:02,,,
,,5,不错正合适,2015-05-15 12:18:46,,,
,,5,很好,2015-05-15 11:54:53,,,
,,5,东西不错，就是大了，正在连系客服准备换，现在客服还没回复，其它都不错。,2015-05-15 10:58:07,,,
,,5,很好看，我老婆也经常穿。哈哈，很帅的,2015-05-14 22:33:50,,,
,,5,应该是正品吧。,2015-05-14 22:30:18,,,
,,5,大了一码， 之前联系客服，回复我的是让我十点后找客服，我哪有时间去聊天。  习惯好评。也不换了 再买一件吧。,2015-05-14 21:06:18,,,
,,5,很舒服，穿着很大气,2015-05-14 19:43:58,,,
,,5,是正品，棉质很好，很舒服,2015-05-14 18:59:40,,,
,,5,真可谓一波三折，换了两次，尺码特大。质量马马虎虎。建议偏小2个号购买。,2015-05-14 16:17:06,,,身高:178cm
,,3,包装有点烂。。。。。。东西还好。,2015-05-14 15:45:11,您好，感谢您对PUMA的支持及关注！我们已将您的反馈意见反馈到了相关部门，我们也会定期推出各类的促销活动，欢迎您再来选购，可以给我们提出更多的宝贵意见，谢谢！,,
,,5,客服说版型大 就买了s 结果175身高的瘦子 还是略紧身 给大家参考下,2015-05-14 12:45:17,,,
,,5,一般情况吧，穿着舒服，就是稍微有点起毛,2015-05-14 11:23:46,,,
,,5,物流蛮快的,2015-05-13 18:28:11,,,
,,5,这次买的大小正好,2015-05-13 18:28:11,,物流蛮快的,
241585773678|2015-05-13 13:52:20|我自己买大了一点。|0||,,5,,2015-05-13 12:33:32,,,
,,5,尺码偏大，质量不错，款式不错。没有合适的尺码了，卖家很爽快的退货。,2015-05-13 12:30:20,,,
,,5,不错,2015-05-13 12:28:53,,,
,,5,刚好合适 试穿了很舒服,2015-05-13 12:14:47,,,
,,5,好评，不错。,2015-05-13 08:41:39,,,
,,5,很不错,2015-05-13 01:48:16,,,
,,1,短袖有点宽，不修身，面料摸着还可以，洗了之后才发现衣服有点次，掉色不说还掉毛毛，洗了好几遍水里还是有毛毛还一直掉色，最后挂衣服的时候手上沾的都是黑色的毛毛，已经洗了也退不了，还不如几十块的质量，真怀疑衣服面料的成分，我实话实说，,2015-05-12 23:34:06,,,
,,5,衣服好胖。。。质量还可以,2015-05-12 20:38:27,,,
,,5,规矩挺多的    本来一次性能解决的托了好几天,2015-05-12 19:33:26,,,
,,5,还好吧 就是偏大了,2015-05-12 16:04:49,,,
241573836837|2015-05-30 10:00:45|质量有点差，但是是正品，标志洗后有点不明显了！|17||,,5,尺码有点大,2015-05-12 13:03:18,,,
,,5,很好,2015-05-11 22:47:48,,,身高:170cm
,,5,衣服质量很好，爸爸很喜欢。以后还会光顾的，加油哦。,2015-05-11 21:17:24,,,
,,5,衣服是正品，棉料也很好，身高176，体重160斤，穿XL码刚刚好，我一直在这家官方店买衣服的，下次还会再来。,2015-05-11 21:10:18,,,
,,5,衣服挺好的，感觉是稍微偏宽的，快递以及客服都很好,2015-05-11 20:51:37,,,
,,5,帮同事买的，170的身高还略大，做工好，质量还可以，整体满意。,2015-05-11 18:09:34,,,身高:170cm
,,5,边我想象中大了很多,2015-05-11 17:59:06,,,
241452967091|2015-05-12 11:23:47|好评！|2||,,5,不错，好评。,2015-05-11 14:50:01,,,
,,5,好评，继续。,2015-05-11 14:49:30,,,
,,3,Bushitaihaokan,2015-05-11 14:41:36,,,
,,5,感觉还可以,2015-05-11 11:27:55,,,身高:180cm
,,5,挺好的,2015-05-11 10:53:08,,,
,,5,一般一般,2015-05-11 09:05:41,,,
,,5,料子不错 穿的舒服 满意,2015-05-11 06:41:50,,,
,,5,彪马一直很不错啦，等了五天，快递终于到了！衣服一如既往的选择彪马！女友也有一件，可以情侣装，本人身高180，体重65kg。仅供参考！最后说一句，圆通，我丢你螺母！上海到南京要四五天！我丢你螺母,2015-05-10 19:46:40,,,
,,5,棒棒哒,2015-05-10 19:16:01,,,
,,5,没有穿，看上去还行。,2015-05-10 18:12:28,,,身高:168cm
,,5,真肥、买偏小两个号正好,2015-05-10 15:29:08,,,
,,5,挺好看的,2015-05-10 14:27:05,,,
241215912207|2015-05-16 08:53:41|非常好，虽然我也不是很喜欢RB，但他们的东西真心不错，比国内某些大牌有良心|6||,,5,null,2015-05-10 14:17:41,,,
,,5,很合适。。。,2015-05-10 14:02:58,,,
,,5,衣服质量挺好的！就是物流太慢了！还顺丰的了？还不如其它快递呢！,2015-05-10 12:48:00,您好，感谢您对于对于PUMA的支持！关于您反馈的问题，我们进行了了解，您5/7订单，5/7发货，5/10快递显示签收。其实顺丰到达您的省份还是挺快的快的，由于城市间还是有些距离的，到达后还需要转寄，所以，路上也会有所耽搁，请见谅了！期待下次带给您更好的购物体验，非常感谢您对于我们的支持！,,
,,4,就是东西太大了，可能版型不对,2015-05-10 11:47:29,,,
,,4,过得去,2015-05-10 10:34:20,,,
,,5,非常好,2015-05-10 08:30:17,,,
,,5,很好，和想象中一样，价格有点高。,2015-05-10 08:05:02,您好，感谢您对PUMA的支持及关注！我们已将您的反馈意见反馈到了相关部门，我们也会定期推出各类的促销活动，欢迎您再来选购，可以给我们提出更多的宝贵意见，谢谢！,,
,,5,很好,2015-05-10 07:46:19,,,
,,5,衣服很好 绝对正品,2015-05-10 07:46:19,,,
,,5,不错,2015-05-09 22:14:25,,,
,,4,有点大了,2015-05-09 21:04:45,,,
,,5,顺丰快递,2015-05-09 20:21:40,,,
,,5,尺码太大，买小一号还大,2015-05-09 16:39:00,,,
,,5,不错 很舒服 大小也正好！,2015-05-09 14:37:00,,,
,,5,不错,2015-05-09 14:04:48,,,
,,5,还可以 偏大了,2015-05-09 13:42:07,,,
,,5,不错的,2015-05-09 10:45:02,,,
,,3,说实话东西不怎么样。。还沾毛。。反正和外面的差很多,2015-05-09 10:37:39,,,身高:163cm
,,5,衣服不错、官网值得信赖、物流很快、两天就到了、要是包邮就更好了。。。,2015-05-09 01:16:50,,,
,,5,女朋友给买的，很好！,2015-05-08 23:20:29,,,
,,5,挺喜欢的,2015-05-08 21:44:01,,,
,,5,衣服挺不错的 穿着好 本来想着退因为有点大最后想了还是算了,2015-05-08 21:31:07,,,
241091096435|2015-05-13 11:16:14|衣服真心不错，好评|4||,,5,挺好的，,2015-05-08 21:28:11,,,
,,5,好,2015-05-08 19:02:15,,,
,,5,货真价实！,2015-05-08 17:56:58,,,身高:175cm
,,5,衣服质量和其他市面上大体的这类几十元衣服实际差不多。这么会也是顶着这个牌子吧，都是在中国制衣厂生产的。该厂应该也代工其他牌子或有名或没名声的。就衣服本身来说这个价超出很多了,2015-05-08 15:56:51,,,
,,5,不错,2015-05-08 15:23:12,,,
,,3,S号肩小，身体正好，M号肩正好，身体又超级肥，无奈了，想换还没有合适的，我这体型实在是坑爹，只求这衣服多洗几次缩缩水吧,2015-05-08 14:11:49,,,
,,5,质量不错 但是是假的 袖子那里没有品牌logo,2015-05-08 14:04:16,,,
,,2,不像正品！,2015-05-08 13:57:03,,,
,//img.alicdn.com/bao/uploaded/i3/18397079319053644/TB2hL5VcFXXXXXyXpXXXXXXXXXX_!!2253048397-0-rate.jpg,5,面料摸起来不错。。。。。。。。。。。。。。。。。。。。。。。。。,2015-05-08 12:08:23,,,
,,5,满意！,2015-05-08 11:48:12,,,
,,4,唉。回来的号有点大，想还小号吧，没货了。还不包邮。唉,2015-05-07 23:00:19,您好，感谢您对于PUMA的支持，店铺的运费是PUMA和快递公司合作签署决定的，并不是我们私自订的价格，所以非常抱歉不能随意修改，您的意见对于我们很重要，我们会反馈给相关部门，以便做到更好，我们会竭诚为您服务，祝您生活愉快，谢谢！,,
,,5,还不错,2015-05-07 22:52:02,,,
,,5,还好 不过快递真心慢,2015-05-07 22:15:18,您好，感谢您对PUMA的支持！关于您反馈的问题，我们进行了了解。您5/3订单，5/3当天发货，5/7快递显示签收。我们已将您的反馈意见反馈到了相关部门，期待下次带给您更好的购物体验，非常感谢您对于我们的支持！,,
,,5,衣服不错 很好喜欢,2015-05-07 19:38:38,,,
,,5,宝贝很好看，物流非常快！赞！！！！,2015-05-07 19:38:01,,,
,,1,客服差评，说话没人理，东西拖了一天才发货～同样号码的东西，网店比实体店的大，买上就洗了，不知道会不会好点～总体感觉就那样吧,2015-05-07 13:24:56,您好，感谢您对于PUMA的支持！关于您反馈的客服问题，我们进行了了解。店铺10开线，您是在5/5早上9点多进入店铺咨询，当时无人应答，请见谅!关于您说的发货慢的情况，我们也进行了核实，您5/5凌晨3点订的单，当天下午发货，5/6网页就显示快递被签收了，并没有您所说的发货延后哦。期待下次带给您更好的购物体验，非常感谢您对于我们的支持！,,
,,5,还不错吧，不过彪马的标，能否整的小一点，我是一个内敛的人，这么大的标，看起来还是有点傻,2015-05-07 12:20:58,,,身高:175cm
,,5,挺好的,2015-05-07 10:49:30,,,身高:170cm
,,5,不错,2015-05-07 05:43:29,,,
,,5,收到了，很帅气 就是码偏大,2015-05-06 22:52:29,,,
,,5,不错,2015-05-06 22:22:12,,,
,,5,合体吧,2015-05-06 21:30:06,,,
,,5,衣服不错，舒服！,2015-05-06 20:43:11,,,
,,5,衣服刚收到，没想到那么快就收到了。物流OK！我还担心质量的问题，看了衣衣，放心了。因为我是送朋友的。还好没让我失望。质量及面料都不错。就感觉有点小贵了。,2015-05-06 20:05:27,,,身高:175cm
241074451621|2015-05-16 21:11:25|衣服买来没几天，穿第二次的时候发现破了个洞。|14||,,1,,2015-05-06 19:59:25,,,
,,5,还行 不错,2015-05-06 19:30:31,,,
,,5,不错,2015-05-06 19:01:44,,,
,,5,还不错就是价格贵了点,2015-05-06 18:41:14,您好，感谢您对PUMA的支持及关注！我们已将您的反馈意见反馈到了相关部门，我们也会定期推出各类的促销活动，欢迎您再来选购，可以给我们提出更多的宝贵意见，谢谢！,,
,,5,有点大其余都好,2015-05-06 17:55:42,,,
,,1,不好 不是正品,2015-05-06 16:57:34,,,
,,5,衣服收到了质量很好,2015-05-06 16:34:47,,,身高:184cm
,,5,还不错，就是稍大，穿着舒服,2015-05-06 14:23:04,,,
,,5,质量好 正品，有合适的在来,2015-05-06 14:05:49,,,
,//img.alicdn.com/bao/uploaded/i4/196030100336633467/TB2XVmJcFXXXXXIXXXXXXXXXXXX_!!1124449603-0-rate.jpg,5,身高170体重150     m号非常合适,2015-05-06 13:34:21,,,
,,5,质量不错，还会来的,2015-05-06 11:52:14,,,
,,5,还可以！,2015-05-06 10:09:01,,,
,,5,还可以,2015-05-06 08:56:29,,,
,,5,是正品，儿子很喜欢。穿着帅气值得入手,2015-05-06 07:55:15,,,
,,5,宝贝不错，穿上很有型,2015-05-06 07:27:27,,,
,,5,快递速度真给力 两天到货 服务很好 衣服质量也不错 跟专柜的一样 价格能再优惠一点就更好了 全部五颗星,2015-05-06 06:20:07,,,
,,5,物品很满意，送货相当快,2015-05-06 00:58:23,,,
,,5,说实话，东西收到，做工超级棒！\n但尺码偏小！,2015-05-05 23:43:49,,,
,,5,物流好快,2015-05-05 23:08:07,,,
,,5,衣服质量很好  刚刚好的,2015-05-05 23:00:35,,,
,,5,不错,2015-05-05 22:45:06,,,
,,5,好看，纯棉的穿着很舒服。,2015-05-05 20:02:31,,,
,,5,165斤1.75身高m码正好 不知道那位130斤1.70身高穿XL码的仁兄正合适的怎么穿的 好神奇,2015-05-05 19:31:32,,,
,,5,衣服尺码偏大,2015-05-05 18:54:03,,,
,,5,不错啊,2015-05-05 18:39:09,,,
,,5,挺好的谢谢卖家,2015-05-05 17:32:54,,,
,,5,衣服已收到，质量很好，物流也很快，只是服务不是很到位，我发信息改一码数发了几条信息卖家也没有回复，服务态度希望卖家改善一下。,2015-05-05 15:51:17,您好，针对您的问题我们十分的重视，对此也需要和您解释一下，经过聊天记录的核实，您是在5月3日上午08：59分首次联系我们，9点05分二次联系，9点58分三次联系，我们并非恶意的不予回复您的信息，而且当时处于我们非在线的运营时间，因为我们的店铺运营时间为10：00-22：00期间，所以给您带来不便，非常抱歉了！我们也会不断提升我们的服务质量，您的满意是我们最大的动力,,
,,5,衣服不错,2015-05-05 15:21:58,,,
,,5,包装跟其他专柜都不一样，非常不满意，号非常大,2015-05-05 14:46:29,您好，感谢您对PUMA的支持及关注！针对包装意见的反馈我们会反馈到相关的部门，给您带来不便烦请理解，我们的包装可能的确会和专柜有所不同，因为我们的网上商城，所以包装商品为了便于运输，可能会略微的简易了，未来我们会提升我们的包装方案，感谢您的宝贵意见！您的心声对我们来说非常重要！,,
,,5,"衣服比想象的薄一点,不太修身比较宽松.总体还是不错.",2015-05-05 13:38:02,,,身高:182cm
,,5,还可以,2015-05-05 13:35:11,,,
,,5,衣服很好就是没有纸袋,2015-05-05 13:05:22,,,
,,4,穿上有一点点大，建议选择小一号的，懒得换了,2015-05-05 12:20:55,,,身高:172cm
,,5,卖家服务超级好,2015-05-05 12:03:03,,,
,,5,不错的一次购物,2015-05-05 11:37:13,,很好,
,,5,穿着挺舒服，大小也合适，就是为啥不包邮呢,2015-05-05 11:24:27,亲，您好，感谢您对PUMA的支持及关注！针对您的问题需要和您“解释”一下呦，店铺活动会不定期的推出，包邮活动非常规活动，一般我们会在月中或每逢活动期间会有一些包邮活动哦，在5月11日我们就会有类似的活动了哦，建议您收藏一下我们的店铺，随时关注店铺动态了哦~,五一没有客服,身高:177cm
,,5,大小合适，正品，很喜欢。,2015-05-05 08:13:43,,满意,身高:172cm
,,5,还行，很合适的，穿着比较帅气，真心喜欢,2015-05-05 01:30:52,,谢谢客服推荐的尺码，很准确,身高:175cm
,,5,衣服面料很舒服，建议买小两号。,2015-05-04 22:55:24,,,
240905171893|2015-05-17 09:59:43|质量太次了，同事都问我是不是淘宝买的仿货。|12||,,1,还行吧。。。。。。薄,2015-05-04 22:26:00,,,
240905171892|2015-05-17 09:59:43|质量真的一般，完全图样式好看。和店里买的比不得。|12||您好，感谢您对于PUMA的支持！我们店铺承诺7天无理由退货，如对于产品有任何问题您可以随时联系旺旺在线客服哦，我们也会不断改进我们的商品质量以及服务，期待下次带给您更好的购物体验，非常感谢您对于我们的支持O(∩_∩)O,,2,感觉质量一般，没有耐克家的体恤质量好，码数偏大。总体价钱来说还行吧,2015-05-04 22:26:00,,,
,,5,好看,2015-05-04 21:53:59,,,
,,5,是正品,2015-05-04 21:21:22,,,
,,5,很不错，很喜欢,2015-05-04 21:00:50,,,
,,3,顺风速递所以物流速度快，但是客服好像无人在嘛！！,2015-05-04 20:30:18,,,
,,5,很舒服哦,2015-05-04 19:56:45,,,
,,5,衣服收到了，只不过有点偏大，也不想换了，就这样穿吧，下次还从这个店买,2015-05-04 18:41:14,,,
,,5,实在太大 应该买小一个码,2015-05-04 17:38:20,,,
,,5,棒棒哒,2015-05-04 16:04:13,,,
,,5,好好好！舒心的一次购物,2015-05-04 14:53:46,,,
,,5,有点大，建议买小一号！,2015-05-04 12:35:14,,,
,,5,挺合身,2015-05-04 12:03:54,,,
,,5,满意,2015-05-04 11:47:19,,,身高:173cm
,,4,LOGO比看的小一点啊,2015-05-04 11:01:49,,,
,,4,衣服的领子老是往里面折，让颈子有点不舒服。质量还可以，就是不包邮。,2015-05-04 10:07:01,亲，您好，感谢您对PUMA的支持及关注！针对您的问题需要和您“解释”一下呦，店铺活动会不定期的推出，包邮活动非常规活动，一般我们会在月中或每逢活动期间会有一些包邮活动哦，在5月11日我们就会有类似的活动了哦，建议您收藏一下我们的店铺，随时关注店铺动态了哦~,,
,,5,还行,2015-05-04 10:02:54,,不错,身高:173cm
240712881741|2015-05-08 09:23:25|穿上不错。|4||,,5,穿上挺好。,2015-05-04 09:18:36,,,
240712881740|2015-05-08 09:22:50|穿上效果挺好。|4||,,5,穿上挺好的。,2015-05-04 09:18:36,,,
,,4,还行，就是灰色布配黑色字有点别扭,2015-05-04 08:39:52,,,
,,5,不错,2015-05-03 22:21:34,,,
,,5,130斤，170  XL码刚刚好,2015-05-03 21:46:58,,,
,,5,很好 便宜又好穿,2015-05-03 20:25:02,,,
,,5,很好 便宜又好穿,2015-05-03 20:25:02,,,
,,5,还不错，穿起来挺凉快的,2015-05-03 18:53:54,,,
,,5,东西不错，物流也不错，下次还会光顾！,2015-05-03 15:40:29,,,
,,5,快递好可笑，没有送到之前说一直联系不到买家，让我找他们联系，爱理不理的，太可笑了！！！电话没打怎么联系不上买家？？？？,2015-05-03 09:56:13,您好，感谢您对于PUMA的支持！很抱歉，给您带来了一次不好的购物感受！您的意见对于我们来说很重要，我们已将您的反馈意见反馈到了相关部门，期待下次带给您更好的购物体验，非常感谢您对于我们的支持O(∩_∩)O,,身高:179cm
,,5,很好,2015-05-03 08:19:44,,,
,,5,我喜欢稍宽松一点的，身高178，体重175，选XL穿起来很舒适，感觉小一码应该会显得修身些。幸好没听接待我的工作人员的建议，他竟然建议我买XXL的，后来又有其他客服向我解释刚才那个人不负责客服这边工作，如果需要咨询可以与他联系。反正，工作人员给我的感觉真是太不专业了！！！,2015-05-02 23:00:40,您好，感谢您对于PUMA的支持！很抱歉，给您带来了一次不好的购物感受！您的意见对于我们来说很重要，我们也会不断改进我们的商品质量以及服务，期待下次带给您更好的购物体验，非常感谢您对于我们的支持O(∩_∩)O,,身高:180cm
,,5,衣服相当不错。老公非常喜欢。是正品。下次还会来的。,2015-05-02 22:38:43,,,
,,5,不错，没看清楚对应码，买大了,2015-05-02 18:39:35,,,
,,5,挺好的,2015-05-02 18:23:13,,,
,//img.alicdn.com/bao/uploaded/i3/16068078814530084/TB21Wx9cFXXXXaUXXXXXXXXXXXX_!!748936068-0-rate.jpg,5,衣服不错，按照客服的推荐买的尺寸。大小刚合适，穿上以后酷帅的一逼。,2015-05-02 18:09:50,,,
,,5,质量.服务.物流都很好.可惜拍大了码数.客服说可以退货.算了.,2015-05-02 15:01:21,,,
,,4,速度快质量好 就是偏大,2015-05-02 12:18:12,,,
,,5,帮朋友买的 他很喜欢,2015-05-02 09:42:29,,,
240524779733|2015-05-02 09:14:07|希望大家谨慎购买，不值|0||您好，感谢您对PUMA的支持及关注！我们已将您的反馈意见反馈到了相关部门，我们也会定期推出各类的促销活动，欢迎您再来选购，可以给我们提出更多的宝贵意见，谢谢！,,2,今天收到以为搞错了，一看大吃一惊，国际品牌原来是这样的包装，天猫网没什么好东西的，有种是地摊货的感觉，自己出了15元快递费，不想退了，只能自认倒霉，,2015-05-02 09:12:07,,,
,,5,太大了！我还得去洗衣店剪去，，，，换货太麻烦，拉倒，，，，，不说了...............,2015-05-02 00:40:08,您好，感谢您对于PUMA的支持！由于店铺换货时间较长，所以店铺更改了换货流程，为了让买家更快的收到理想的商品！我们店铺承诺7天无理由退货，如对于产品有任何问题您可以随时联系旺旺在线客服哦，我们也会不断改进我们的商品质量以及服务，期待下次带给您更好的购物体验，非常感谢您对于我们的支持！,,
,,5,衣服很赞，顺丰很速度,2015-05-01 23:14:36,,,
,,5,买大一个号 懒得换了 物流速度很快,2015-05-01 22:36:44,,,
240662189297|2015-05-01 21:12:41|建议买黑色的吧|0||,,5,一天空运快递，物流速度超赞。衣服不修身，较肥,2015-05-01 19:55:31,,,
,,5,衣服正合适，是正品。,2015-05-01 18:49:24,,,
,,5,不值，有点像假的。和去年买的质量有很大差别,2015-05-01 16:04:00,您好，首先给您带来不便非常抱歉，针对您的反馈意见我们也十分的重视，但是需要和您进行下解释，我们PUMA官方店是天猫平台唯一一家旗舰店，也是唯一一家店铺直营店，针对商品是否是正品的问题上您绝对可以放心！\n我们店铺承诺7天无理由退货，如对于产品有任何问题您可以随时联系旺旺在线客服哦，我们也会不断改进我们的商品质量以及服务，期待下次带给您更好的购物体验，非常感谢您对于我们的支持！,,
,,5,一直给老公买的这个牌子，款式还不错，穿着也舒适，好评～,2015-05-01 13:45:12,,,
,,5,衣服有点大,2015-05-01 13:19:45,,,
,,5,衣服质量很好 大小刚好合适 穿着很舒服  正品,2015-05-01 06:29:54,,,
,,5,帅得很么，精神。,2015-05-01 05:34:13,,,
,,5,好,2015-04-30 21:08:20,,,
,,5,好,2015-04-30 21:08:20,,,
,//img.alicdn.com/bao/uploaded/i4/19362078218573707/TB2z_8PcFXXXXbcXXXXXXXXXXXX_!!2179299362-0-rate.jpg,5,很好我喜欢,2015-04-30 20:38:06,,,
,,5,衣服到了试穿了一下大小可以！衣服稍稍有点偏肥不是很修身！其他还好！,2015-04-30 20:32:20,,,
,,5,好,2015-04-30 20:20:43,,,
,,5,好,2015-04-30 20:20:43,,,
,,5,不错，正品！,2015-04-30 19:33:35,,,
,,5,非常满意 谢谢！,2015-04-30 18:23:26,,,
,,5,穿着正好，不大也不小，很舒服,2015-04-30 16:51:50,,,身高:175cm
,,5,就是喜欢puma,2015-04-30 16:45:50,,,
,//img.alicdn.com/bao/uploaded/i1/17680078792633014/TB2C3pJcFXXXXXwXpXXXXXXXXXX_!!1028607680-0-rate.jpg,5,"顺丰简直神速阿,昨天拍今天就到,果断好评,挺喜欢这衣服的,唯一缺点就是不包邮....",2015-04-30 16:16:07,您好，感谢您对于PUMA的支持，店铺的运费是PUMA和快递公司合作签署决定的，并不是我们私自订的价格，所以非常抱歉不能随意修改，您的意见对于我们很重要，我们会反馈给相关部门，以便做到更好，我们会竭诚为您服务，祝您生活愉快，谢谢！,,
,,5,号码准,2015-04-30 11:59:52,,,
,,5,衣服质感不错，有点大，总体不错,2015-04-30 11:56:27,,,
,,5,不好，服务不好，给人感觉不热情，店大。。。。。。的感觉。衣服不值这个价，型号比以前的衣服号大，换退相当麻烦，差评,2015-04-30 11:38:29,您好，很抱歉，给您带来了一次不好的购物感受。我们店铺不是无换货，而是换货时间较长，考虑买家的心情，所以，更改了相关流程，建议买家退款重拍。每家店铺的相关处理退款的流程都略有不同，您反馈的意见对于我们很重要，我们也会将您宝贵的意见反馈给到Puma公司，希望能不断的完善不断的改进，争取给您带来更好的服务体验，也希望您一如既往的支持我们哦O(∩_∩)O,,
,,5,很不错，挺喜欢,2015-04-30 11:34:32,,快递很快,身高:174cm
,,5,很合身 上身效果 很sao！！,2015-04-30 09:18:29,,,身高:172cm
,,5,很好,2015-04-29 23:35:08,,,
,,5,第一次拍错尺码买家很耐心，虽然还没有退第一次拍货的款，不过衣服还不错。卖家态度很好,2015-04-29 23:04:16,,,
,,5,应该不是中国的号码，买时问客服，衣服很舒服，赞赞赞,2015-04-29 22:55:17,,,
,,4,物流到时快，一天，就是还是稍微大了，170，118，s号，可能我习惯穿稍微小点的，习惯好评，应该不值这个价80 90块最合适了,2015-04-29 21:47:18,物流到时快，一天，就是还是稍微大了，170，118，s号，可能我习惯穿稍微小点的，习惯好评，应该不值这个价80 90块最合适了,,
,,5,不错,2015-04-29 18:41:57,,,
,,5,稍大点了，习惯好评,2015-04-29 17:49:28,,,
,,5,给朋友买的 朋友说看着挺好 还没穿 穿了再说,2015-04-29 14:03:46,,,
,,5,卖家态度非常好，衣服也很棒选错号了给退了，又买了一件款式一样的合适的号。,2015-04-29 10:08:41,,,
,,5,不错,2015-04-29 09:52:33,,,
,,5,全面的，很舒服。,2015-04-28 22:09:53,,,身高:171cm
,,5,嗯，非常不错。大小合适，穿着也还可以,2015-04-28 20:15:38,,,
,,5,挺不错,2015-04-28 18:37:03,,,
,,5,好看,2015-04-28 17:31:29,,,
,,5,除了尺寸有点大，其他都还好。,2015-04-28 17:10:31,,,
,,5,老顾客，挺好的,2015-04-28 08:59:32,,,
,,5,好,2015-04-28 08:30:38,,,
,,5,赞个,2015-04-28 00:49:33,,,
,,5,力挺彪马,2015-04-27 23:15:59,,,
,,5,还可以 比较薄,2015-04-27 19:34:46,,,
,"//img.alicdn.com/bao/uploaded/i1/18896078331345322/TB2FCxhcFXXXXcmXXXXXXXXXXXX_!!1904448896-0-rate.jpg,//img.alicdn.com/bao/uploaded/i4/18896078331349294/TB2XSNdcFXXXXa6XpXXXXXXXXXX_!!1904448896-0-rate.jpg",5,很合适,2015-04-27 18:42:16,,,
,,4,还可以吧,2015-04-27 18:30:42,,,
,,5,很喜欢，很喜欢，很喜欢，很喜欢，很喜欢，很喜欢，很喜欢。,2015-04-27 18:07:51,,,
,,5,穿起来还行吧 就是有点透 感觉不像正品,2015-04-27 17:39:05,,,
,,5,还可以 不错,2015-04-27 13:55:27,,,身高:167cm
,,5,很棒 客服很热情 料子也很舒服 物流非常快 满意的一次网购?,2015-04-27 12:25:49,,,
,,5,衣服很好,2015-04-26 00:39:56,,,
,,5,已经买了两件，很好！,2015-04-25 20:09:20,,,
,,5,简直超级赞，以后就多去这个店买衣服，目前没碰见过假货，版型好,2015-04-25 17:56:54,,,身高:170cm
,,5,还行吧，符合预期，但是质感相对差些！,2015-04-25 16:54:23,,,
,,5,大小正好,2015-04-25 15:56:24,,,
,//img.alicdn.com/bao/uploaded/i1/11035077870787339/TB2Zh3PcpXXXXX9XpXXXXXXXXXX_!!1117051035-0-rate.jpg,5,好东西，正品，第一次买的大了这回刚好,2015-04-24 23:15:51,,,
,,5,店家推荐的尺码有点大了刚好，,2015-04-24 14:24:38,,,
,,5,质量不错，与实体店一样,2015-04-24 07:15:03,,,
,,4,大了,2015-04-23 13:10:56,,,
